track_id,genre_gtzan,shap_abs_B1,shap_signed_B1,input_B1,shap_abs_B2,shap_signed_B2,input_B2,shap_abs_B3,shap_signed_B3,input_B3,shap_abs_B4,shap_signed_B4,input_B4
114398,rock,0.00046060096091351534,0.00022507193668723778,0.6211580038070679,0.0002466081492684534,9.338818845026977e-05,0.6236814856529236,0.00028580616901505704,-4.943294352163452e-05,0.6283723711967468,0.0001978628078827821,4.509927043982604e-05,0.3438708782196045
84788,rock,0.00063462992405003,0.0005452854049326119,0.7895048260688782,0.000271419036965756,8.534563675766937e-05,0.6958171129226685,0.000270257732398923,8.365021011378482e-05,0.6089750528335571,0.0003369467699347606,5.951012888775221e-05,0.4006657302379608
127296,pop,0.0004879551426445916,0.0001756983339076923,0.7348295450210571,0.0003187853665262419,0.0001161273248248773,0.5917133092880249,0.0002887852825772641,4.251095438558616e-05,0.5892544388771057,0.00025916620110369497,-1.054543038647368e-06,0.3702983856201172
110756,hiphop,0.0012535591845830752,0.0007742951178489222,0.7519000172615051,0.0008837117180974408,0.00048628331795687595,0.6561964154243469,0.00038263456289841795,7.371439959559307e-05,0.5577648282051086,0.0002662100760566498,4.945207697650012e-05,0.4152246415615082
131656,rock,0.0006323302042113343,0.0002751517533488734,0.7592653036117554,0.00028811590020876715,7.082125157779757e-05,0.6770697236061096,0.0003481650170249373,4.1696733836531494e-05,0.6219645142555237,0.0003004087090139249,6.736434014031777e-05,0.4970371425151825
136091,rock,0.000657032992674722,0.00017095525690553616,0.6842767000198364,0.000294916235243306,5.983786410165004e-05,0.6389839053153992,0.0003298344287171662,9.054056617577633e-05,0.5024899840354919,0.00021856996590468065,5.6150970679552256e-05,0.40144607424736023
98549,hiphop,0.0014629489401733586,0.000746058036891295,0.6811445355415344,0.0005662364522471708,0.00015070009405350194,0.5884564518928528,0.0003498384955814332,4.773958591099414e-06,0.5778622031211853,0.00040367430097218394,0.00011968803378254089,0.5256931781768799
56460,pop,0.0003521484746686232,0.00021547664422187917,0.6861594915390015,0.0002002257311255487,-2.537464628677849e-05,0.5703662037849426,0.00020424927849325744,-6.125291413681386e-05,0.5325101613998413,0.00018736456999168816,2.2463123088798755e-06,0.298664391040802
126944,rock,0.0006020651746832418,0.0004387461319167674,0.777687668800354,0.00027031444957407725,1.2253357424091283e-05,0.7305490374565125,0.0003029488518988399,2.96454004984692e-05,0.6502488851547241,0.00029886918554700793,1.3507646603073732e-06,0.4278922379016876
64006,pop,0.00045713419693231837,0.00011198288502163311,0.7113927602767944,0.00027484142858901216,-7.887325314170912e-06,0.6101653575897217,0.0002793910007010192,3.242166403643942e-05,0.5383116006851196,0.0002500433764314857,1.1375381667184358e-05,0.44945669174194336
97989,hiphop,0.0013255825155457312,0.00022714930827354428,0.5705171823501587,0.0011210648294131293,0.0005539915855209937,0.5816509127616882,0.0005453620589829178,0.0001801295629451183,0.48729315400123596,0.0004203319774471216,0.00014256115071606632,0.3565658628940582
123966,hiphop,0.0012606399869244278,0.0006208001210938896,0.6821866035461426,0.000594453775593047,-3.563645458374704e-05,0.5061899423599243,0.0003429652299521284,-3.1326275854195035e-05,0.4930957853794098,0.0002688529324128437,3.835365010676263e-06,0.39276954531669617
119940,hiphop,0.0008362356164107965,-4.192704639418565e-05,0.8047369122505188,0.0007705503722586881,0.00046856450851396334,0.6486440896987915,0.0004548269663990046,0.00013377369549361307,0.5604243278503418,0.00044491437541268355,0.0001812130611019043,0.4745962917804718
114272,hiphop,0.0019506784533388278,0.0014565613246655396,0.7154629230499268,0.000575688708795577,9.621582189508205e-05,0.5802445411682129,0.0005131154033893981,0.00021844752125251498,0.4278492033481598,0.000597258851604646,0.00027753379940087124,0.270195871591568
61668,hiphop,0.0011512471154961235,7.598898176752744e-05,0.7712519764900208,0.0005713850872147597,-4.636296482595226e-05,0.5383468270301819,0.0003492057231302996,-6.657754871879779e-06,0.5458249449729919,0.00030309751183686933,9.117410447222862e-05,0.3289931118488312
121415,rock,0.0007279620130283604,0.0005180388789671753,0.8215464353561401,0.0002762827371373122,2.785701036993604e-05,0.7062697410583496,0.00028752927942751104,8.442875178040633e-05,0.5539602041244507,0.00025627663935133695,7.538063804110914e-05,0.3750022351741791
132779,pop,0.00047723230971095395,-3.6836696909633807e-05,0.7451044917106628,0.0003885112526184634,7.04029559629657e-05,0.6658141613006592,0.00034357674611956935,0.0001585403908312033,0.5428294539451599,0.00023825249270274101,5.9717659163250246e-05,0.4253115653991699
113164,rock,0.0007091917318279406,3.3591304272528875e-05,0.6838743090629578,0.0003423209148467138,-7.036876284957638e-06,0.6756132245063782,0.0003546308655223712,3.259377293606647e-05,0.5680953860282898,0.00025787936399193563,8.035227985504001e-05,0.4799240827560425
123825,rock,0.0006098820869614219,0.000373199092085974,0.7913235425949097,0.00022829376714549114,2.2444791722594366e-05,0.6026328802108765,0.00031841866627531606,1.8348232428785638e-05,0.5682470202445984,0.0003017807808089566,4.090943963748599e-06,0.49260494112968445
146724,hiphop,0.0007993085048320303,-5.845134152249187e-06,0.6905037760734558,0.0007876481016519832,0.0002787017552305593,0.6078078150749207,0.00037444164209788245,5.1961232699282436e-05,0.49507835507392883,0.0002873604551640833,-6.762831421308335e-05,0.33818379044532776
121867,rock,0.0006667798174913309,0.00045856312944796975,0.7608652114868164,0.00022485513113170916,4.9094844702633755e-06,0.6480739712715149,0.0002706154586938793,9.637060040476504e-05,0.5849612951278687,0.00022891937268937142,9.364608343807607e-05,0.5014510750770569
54753,hiphop,0.0010357150793169011,0.00032616078971301474,0.6910926699638367,0.0005896329165213099,0.00016429986573166522,0.5839803218841553,0.0004207207072587249,0.00013328504931885753,0.47825905680656433,0.00040629073254767656,0.00013185905658235955,0.33262863755226135
154413,pop,0.0004205780581133745,0.0002062858934663403,0.7135368585586548,0.00024394410348222844,0.00014104363469582686,0.6171688437461853,0.00032599887098877067,0.0001345850211284838,0.5156195163726807,0.00024325264997951596,8.239356050118681e-05,0.3260531723499298
56650,rock,0.000652619788377784,0.0004375820585126533,0.7738012075424194,0.0003857175812368441,4.082530197992984e-05,0.754086971282959,0.00034091078256273167,3.203793462789484e-05,0.6271544694900513,0.00021230365749229756,4.7911501666578324e-05,0.45515480637550354
58215,hiphop,0.0009567400508899704,-0.00017609292378326647,0.7743404507637024,0.0006354380195269571,0.000127878179795482,0.5988081097602844,0.0003637614537073058,2.3632909277522817e-05,0.5734169483184814,0.0004093082242144751,0.0001936064844738003,0.4399445056915283
129096,rock,0.000736159201473141,0.00048202338000398194,0.7986701130867004,0.0002468141022300807,-5.954765339960533e-06,0.677326500415802,0.00027087082247683803,8.588441732301944e-05,0.5727359056472778,0.0002522573162874013,0.00010521429152878538,0.36533260345458984
95535,rock,0.0006448858253387257,0.00037815296632501825,0.7659015655517578,0.0002879558493669443,-1.4230415474286717e-05,0.7224319577217102,0.000291660062494489,3.562769326372589e-05,0.6574081182479858,0.0002302436415099011,8.498466450302759e-05,0.4745749533176422
97988,hiphop,0.0020211039346872185,0.0008535094926060083,0.6608768701553345,0.0010508019672893943,0.00024197364821765266,0.450815349817276,0.0006568023362969644,0.00010674075195237443,0.3194941580295563,0.0005601067276317951,0.00017425020390735707,0.20032882690429688
13218,pop,0.00043438847204449736,5.974414420878427e-07,0.6966982483863831,0.00023677110182514504,4.879960920174953e-05,0.6104756593704224,0.00030470286891917886,6.098827380858318e-05,0.47335121035575867,0.0002685009422336501,1.9927849196158438e-05,0.3101182281970978
32882,hiphop,0.0009130349631108814,0.0003741132401449576,0.712905764579773,0.0008312809930554388,0.0004039928109152879,0.5842450261116028,0.00047797975655279796,0.00016060974174306493,0.49561187624931335,0.0003558285380185902,0.0001845904788588031,0.3827090263366699
148285,pop,0.00040579675671376103,9.527626732154237e-05,0.7430853843688965,0.00037912933893214165,0.00011415764808338294,0.5934656858444214,0.00040291843834504624,9.083885114390567e-05,0.4250219762325287,0.0002822281808962073,3.845786862302578e-05,0.2812057435512543
124391,rock,0.0006400124171500821,0.00040439227541249067,0.7746492624282837,0.00028672183269017325,6.384716560853265e-05,0.674927830696106,0.00030264136107703175,3.0019742236286896e-05,0.6485668420791626,0.00021659962849020342,0.0001277165801237442,0.46466508507728577
73468,pop,0.0005279723282235249,-0.0002964920494708867,0.7989908456802368,0.0002491384925606688,8.440731037439586e-05,0.6220266222953796,0.00029657643116801644,5.269388295022777e-05,0.45416247844696045,0.00028706519231721665,3.846100515878375e-05,0.29652902483940125
149102,pop,0.0004786419907149231,0.00019052481101580198,0.7265845537185669,0.0003420031305585838,1.8303390896083627e-05,0.5961650013923645,0.0003414174866355979,-2.421787975066314e-05,0.4802630543708801,0.00028364841614503716,4.770216075890751e-05,0.30205950140953064
51276,pop,0.00038109636136900437,0.00016704844157529043,0.691931962966919,0.0002879625518449745,-4.3603644659592765e-07,0.5822275876998901,0.0003881157017286446,5.6152284609325975e-05,0.4176356792449951,0.0002564839248997298,1.7629082360125573e-05,0.35907062888145447
90570,pop,0.0002915799874763092,1.2340681252043239e-05,0.7328177690505981,0.00034035502776608997,-5.049089394426331e-05,0.6328203082084656,0.00025845299429211766,-4.0277510710260426e-05,0.5820690989494324,0.00027724960047278226,6.153891184946661e-05,0.44730305671691895
53937,pop,0.0005672740161492884,3.583984395081341e-05,0.6621719598770142,0.00042480436440545664,0.0002304814738528338,0.6235209703445435,0.0003041308106370255,8.577029135834801e-05,0.5232736468315125,0.00025634852910307965,6.616059890412335e-05,0.4114505350589752
39665,pop,0.0005000566992968594,1.0596226360938543e-05,0.6695225834846497,0.00036523314521598184,0.00018546496941079793,0.6842759847640991,0.0003289145806223571,0.00012675579960931167,0.5586925745010376,0.00023944974327831124,3.366890773693785e-05,0.36931392550468445
48369,rock,0.0006257199931899215,0.00043883732968348356,0.8197038769721985,0.00020830245460989327,-1.6663491858581735e-08,0.6945783495903015,0.00029895920625845786,8.997909172073326e-05,0.6398905515670776,0.0002658383977819044,8.615118544498997e-05,0.47015273571014404
79610,hiphop,0.0016095651078132712,0.0007643036231326228,0.6525329947471619,0.0010392649854692015,0.0005091142017123352,0.5509304404258728,0.0005410766964035912,0.00020497143602969114,0.44427940249443054,0.0004479933393613771,0.00020811714860707238,0.3559875786304474
98573,hiphop,0.00141575483762999,0.0010267665660737891,0.726607620716095,0.00059706690303587,0.00019711786325107283,0.6553540825843811,0.0003696222561693099,4.999087110503916e-05,0.5556951761245728,0.0002955750276564482,0.00010005403519275831,0.42675402760505676
104065,pop,0.00036404097023840507,-0.00017166068091031828,0.7328779101371765,0.00024001370153064195,0.0001142709873463793,0.6930164098739624,0.00023797504169340678,7.044634863681898e-05,0.48586681485176086,0.00023283274004930882,8.423570771106762e-06,0.32134321331977844
109350,rock,0.0007259262612342888,0.0004167771847316537,0.8342403173446655,0.0002500405701365199,-3.292928351640578e-05,0.7258396744728088,0.0003103245340753347,4.475871140489751e-05,0.6370216608047485,0.0004522131348634907,2.0967372963096956e-07,0.5138656497001648
121323,hiphop,0.0016064200911918292,0.0008619456624570532,0.7762318849563599,0.0005469967000119397,4.724128066732336e-05,0.6001250147819519,0.0005151159673492165,0.00020505791561901436,0.3791559636592865,0.0004927109504724419,4.7476144827673e-06,0.23463483154773712
36616,pop,0.0005578766661235468,0.00022216226104594395,0.5849865674972534,0.0003671874817377241,0.00018932893115200522,0.54706209897995,0.0003922195802554025,5.926510190866166e-05,0.4179130494594574,0.00026237277012380357,-2.6246648287786903e-05,0.3515126705169678
142083,hiphop,0.0021013418989485498,0.0012845735143430348,0.6364073157310486,0.0011235945782267277,0.00046301606635457127,0.5651419758796692,0.0005519561078950511,0.00020410978281401343,0.45780685544013977,0.00047734956366792355,0.000258437310130009,0.3660728931427002
54621,rock,0.001001751815021107,0.0003594430081952871,0.847145676612854,0.00023670608634637213,1.7234583815528559e-06,0.7110210061073303,0.00030201431136318624,5.550134647491489e-05,0.6388781070709229,0.0005489027113603807,6.46777656218532e-05,0.5886960625648499
134825,hiphop,0.002015848434390943,0.001329882022777429,0.6357172131538391,0.0005244305697932328,3.570881550556404e-05,0.5548154711723328,0.0005440034483195788,0.0002312288540450913,0.40587571263313293,0.0002868607799065906,3.242239552663182e-05,0.34851324558258057
103808,hiphop,0.001213550714720224,0.0006082852621131174,0.7153176069259644,0.0007664819702360729,-1.5016879266471773e-08,0.4644767642021179,0.0005735244212302304,0.00010112774705252848,0.3249269127845764,0.0002926724148645697,-1.4273639734761236e-05,0.26005247235298157
57891,rock,0.0005472396409897495,0.0003268953498699378,0.7845852971076965,0.0002912768813201072,3.063128621494937e-05,0.7754681706428528,0.0003741963393113429,-1.1442769179657586e-05,0.7184506058692932,0.0003144550061774688,2.6775460185042566e-05,0.5276451110839844
82462,rock,0.0006017523403496483,0.00012435303562225998,0.7096132040023804,0.00034808069237650673,-8.142926200973565e-05,0.5407689809799194,0.0005749981493907064,-5.49911947216386e-05,0.3689868152141571,0.0005479247019312047,2.1136284611470112e-05,0.12373719364404678
60476,hiphop,0.001110137495702368,0.00030825114409314123,0.7076613306999207,0.0006259646563239518,0.00023271217871517758,0.5980095863342285,0.000401577274984973,0.00011479551315114106,0.4785083830356598,0.00045471323663298153,6.873794809109594e-05,0.29493382573127747
64626,hiphop,0.0012817441040800404,-5.496989459228274e-05,0.6657050848007202,0.0005831855225020526,0.00017769436344054756,0.5549903512001038,0.0004801134597863288,0.0001422786345929139,0.45576468110084534,0.0004892277036731475,0.00017426702484762,0.41959914565086365
42914,pop,0.0006474178348162774,-0.00037033626232370055,0.8220699429512024,0.0002481263510641672,-0.00011726825921199238,0.6740378141403198,0.00014700256533657752,2.7927732058861676e-05,0.5748269557952881,0.0001582632896712866,-1.8600138168564536e-06,0.3471047580242157
110410,rock,0.0006033845237834789,-0.0001354437121466212,0.7211791276931763,0.00028735317804032756,0.00011771081728108104,0.7268356084823608,0.0003940067162110575,6.80977836047772e-05,0.6903059482574463,0.000266441851628024,3.9216824671492165e-05,0.4960898458957672
142418,rock,0.0006701921186878402,7.508133950411278e-05,0.7853505611419678,0.00023122837087556912,-2.51147514675365e-05,0.587162971496582,0.0003060132516745827,8.741112043467822e-05,0.5063358545303345,0.00020318000666661937,4.727807352826116e-05,0.40270766615867615
40139,rock,0.0005142108117047294,0.00035942510329418643,0.7573403120040894,0.0002979608718670777,2.4343008354667934e-05,0.726265549659729,0.00031683042563440455,-1.0875583745231232e-05,0.6348826885223389,0.00022387707728246074,7.675529678810404e-05,0.43004289269447327
84111,hiphop,0.0014497320919657497,0.000916368641202503,0.6815954446792603,0.0005759017148466161,0.00010392789364185306,0.5606335401535034,0.0004268275164903357,0.0001967647100681602,0.45505180954933167,0.0003916844513601493,0.00015486601060870722,0.34577271342277527
48368,rock,0.0006708181740521457,0.0004377684777700619,0.8117700815200806,0.0002522722721751081,-3.0321558039053677e-05,0.7123771905899048,0.0003211733932794747,5.181274467573438e-05,0.6672017574310303,0.0002788890202112887,0.00015815899115693022,0.5388373136520386
64520,hiphop,0.001051642020729704,-0.0002745589233363099,0.7209156155586243,0.0006072281329182208,0.00025495192895904213,0.6078532338142395,0.00041722164942288034,0.0001696386741504402,0.489773154258728,0.00030397763575584855,7.728231451314815e-05,0.3582059442996979
37730,rock,0.0007568471365032691,0.0005537649278283596,0.7872796058654785,0.0001990198471652299,-1.4373523568181334e-05,0.641334056854248,0.00028302656506104946,0.0001623386647179867,0.5422859191894531,0.0003041046126494873,0.00015579638270149404,0.5163369178771973
108812,hiphop,0.0013206349167327936,0.0005342812795318175,0.6537991762161255,0.0007345184130145815,-0.00011579187281828552,0.513848066329956,0.0005874693174611265,0.00016956390153291228,0.3895694613456726,0.00038702181857815473,0.00017172060417613438,0.3434992730617523
52035,pop,0.0005342668152647112,1.6293939794242984e-06,0.6726519465446472,0.00030102834358018417,-2.97837578870086e-05,0.47657957673072815,0.00038904217364939763,2.6358389639590253e-05,0.38809895515441895,0.0003221530973420231,1.8066314620251756e-05,0.23865742981433868
132962,hiphop,0.000929354688534012,0.0002544911477434297,0.7353218793869019,0.0011341079115251584,0.0004785613475598284,0.5745612978935242,0.0005844210320172427,0.00014844673141075737,0.3722856044769287,0.000369061441278136,0.00012705600104584674,0.3440872132778168
27547,pop,0.0004680845830107694,0.00023527711532205786,0.5951241254806519,0.00044528391317413265,0.0003525725184913897,0.6643945574760437,0.0003246308572974402,0.00016266260984914988,0.42929700016975403,0.0002729284595692702,-7.6709720573713e-05,0.23100148141384125
108495,hiphop,0.001193487766502277,0.0002350316312620615,0.6184126734733582,0.0007097379742633692,7.055432073359569e-05,0.587795615196228,0.0004156600361911584,0.00012585911630329135,0.5053111910820007,0.00035750268960641103,0.00016951452327646985,0.3667951822280884
4780,rock,0.0005297583746694867,0.0002500807290633178,0.7346209287643433,0.0003187602297180625,-0.00011751816818090788,0.6605652570724487,0.00031445683054854705,7.822171885955604e-05,0.6036655902862549,0.0002662932329496488,2.0257230662306763e-05,0.45455440878868103
26020,hiphop,0.0013532942138779092,0.0008538923372727325,0.6720399260520935,0.000661325669949897,9.41518800334551e-05,0.5393427610397339,0.0004592311256125003,0.00017744359926910702,0.45975756645202637,0.0004249190098272136,0.00017451188200395354,0.2589665353298187
12527,pop,0.0003348799201937841,-1.1747983914844884e-07,0.7251096963882446,0.0002551219126090895,0.00014082064385217556,0.6317237615585327,0.00029057937814229163,4.184774282706582e-05,0.5630834102630615,0.00024694414974161405,7.388601752064004e-05,0.31986042857170105
145746,hiphop,0.0009003471190011325,0.0004296222872781641,0.7021737694740295,0.0009559838414490874,0.0005908018128486237,0.6237977147102356,0.0005002992091393929,0.00011217721971947675,0.48044875264167786,0.0003568255827692916,0.0001336855939185431,0.38388505578041077
14745,rock,0.0007504523499227922,0.00039573338626679443,0.7953260540962219,0.00034242497669821625,-1.045610365727756e-05,0.7224332094192505,0.00033373068898312263,0.00014644822777873267,0.5757219195365906,0.00023399579855254947,3.918969787418923e-05,0.37453189492225647
26765,pop,0.0005499218014575647,0.0003157876583343544,0.53357994556427,0.0003969987178547546,0.00014340262945295167,0.5318310856819153,0.0003694823776754627,0.0001262666772090465,0.2898668646812439,0.0002789558203562098,-1.0898401722306966e-05,0.2596421241760254
182,rock,0.0005440164928621538,0.0002059242882295198,0.78017657995224,0.000244972699960222,3.741746033480986e-05,0.6736252903938293,0.0003372897717779244,2.414791722451515e-05,0.6596922278404236,0.00029534843038702546,3.011965768328952e-05,0.39173099398612976
38435,rock,0.0006110932539344915,-6.929729488813763e-05,0.7437219619750977,0.0003025777849439661,5.6885703890160665e-05,0.5599362254142761,0.00033695705739218706,-3.190260528919186e-05,0.4497133195400238,0.0002733504808362869,1.0756804591887693e-05,0.36489138007164
110776,hiphop,0.00112886833801511,0.0007124905839286822,0.7307851910591125,0.0008088870866194364,0.0004860568362059281,0.6494128704071045,0.00046920460399738404,0.00016874013098024056,0.5595141053199768,0.00030320128971849926,4.338929506734861e-05,0.4087979793548584
66641,pop,0.0005328874940218054,-0.00025926640491991115,0.7427505254745483,0.0003017489181382449,-4.536794675383815e-05,0.5974167585372925,0.00034196073434208875,0.00010217153228283586,0.4953365623950958,0.00028329121250955094,6.614101969506013e-05,0.36532798409461975
61591,pop,0.00046997038586398253,4.5974778302637634e-05,0.7338908314704895,0.00028286327510503305,-0.00011026829224994317,0.5930571556091309,0.0003986941116596765,-2.5339700242736906e-05,0.42527344822883606,0.0003124872504317866,6.43070297530653e-05,0.2989797592163086
78852,hiphop,0.00101331246047075,0.00027802970682387905,0.6455307006835938,0.0007930787833696606,0.00026164948255774645,0.6290667653083801,0.0005304444218420578,0.00016029926790979808,0.48761123418807983,0.00041009203333905713,0.00010188741430415277,0.32144370675086975
17735,rock,0.0005320791672906999,0.00023389461264438082,0.724386990070343,0.0002582211369313803,6.366032784466125e-06,0.7303398251533508,0.0003717298337217334,-6.7398015184194635e-06,0.7204612493515015,0.00026928125805240785,0.00014643585307655993,0.5447658896446228
137716,rock,0.0005405188676152882,0.0003297560502615461,0.7770533561706543,0.00022839968331099801,9.640352802853247e-06,0.6966205835342407,0.0003905488844864843,5.808789780109708e-05,0.7139835357666016,0.00021905138404905664,3.791934157864931e-05,0.5098838806152344
113034,hiphop,0.0013056547047798795,0.0004338890901272485,0.6514699459075928,0.000856520727764054,0.00035938667048227566,0.5554057955741882,0.0005512240886437913,0.00012666455921496843,0.3865523636341095,0.00040548388531901823,6.43627314903383e-05,0.31999340653419495
140621,hiphop,0.0011556537719182192,0.0004815494157002664,0.7225269079208374,0.0008305705727483459,0.00043909757606068743,0.5622701644897461,0.00045086774474277334,0.00014578432586954238,0.4911636412143707,0.0003578952586484185,0.00011706809625511815,0.36127278208732605
86419,rock,0.0006661773396297698,0.00016972590415329503,0.762281060218811,0.00031043131620026867,5.976250465164201e-05,0.7194318771362305,0.0003700044180738718,7.353124886401247e-05,0.671439528465271,0.00023365080265127432,9.772928784672052e-05,0.45597603917121887
137212,rock,0.0005095337587644356,0.0002590428598903127,0.7793076634407043,0.00026115289528556016,5.020569074141723e-05,0.7505342364311218,0.00024236356994470297,3.4132059430164175e-06,0.5827045440673828,0.00033522279184658264,-5.727005562339799e-06,0.32527992129325867
10,pop,0.00046481636348492115,-5.857414979750786e-05,0.7180804014205933,0.00026558396591316316,5.758494258067959e-05,0.6833467483520508,0.00033452126779066893,6.342999583662246e-06,0.6458762288093567,0.00029317106059662353,7.851799548425683e-05,0.4271337687969208
2099,pop,0.0004272803590928964,-4.1987637503848596e-05,0.7257322072982788,0.0002242086330635662,5.3012101947219614e-05,0.6136374473571777,0.0003199747206492376,-9.264961609932732e-06,0.5746585726737976,0.0002449912323734234,8.217642787881924e-05,0.3983236253261566
143989,rock,0.0006642576655482735,0.00020920655516052378,0.6640300154685974,0.00029578765213548184,6.132042721306297e-05,0.6325796842575073,0.0003917535898453495,5.470368415438908e-06,0.5317915081977844,0.00023416218566999804,6.21640393943691e-05,0.46962276101112366
11861,hiphop,0.0011274279802588882,-9.173018193986415e-05,0.8006277084350586,0.0009548126388980005,0.00062692627825221,0.6435915231704712,0.0004728868201697789,0.00021866254638076455,0.527157723903656,0.0005428805838842955,0.00021833201793519403,0.4564744532108307
69824,hiphop,0.0013841344896365904,0.0004956216715306105,0.6356582045555115,0.0010222121808601714,0.00022466898503900045,0.6227973103523254,0.0006577756551874514,0.00025505215454455274,0.42138993740081787,0.0005117549654907518,0.00022573185037533827,0.3321188688278198
62458,rock,0.0006217002337266297,0.00013652649185886824,0.8005529642105103,0.00022101276511335977,-7.568988583261938e-06,0.710480809211731,0.0003311601535554748,0.0001338758296343806,0.6471551656723022,0.00027815829225177777,0.00011485534516369907,0.4556674063205719
84291,rock,0.0006420418975283476,0.00043068062335811785,0.8044241070747375,0.00036303421350670633,-6.457235656467247e-05,0.7348455190658569,0.0003861023244211081,6.21890933401581e-05,0.6709798574447632,0.00037882676616445937,0.00010904174646150326,0.532910943031311
22091,hiphop,0.0014195482692088922,0.0007653888277387999,0.6069508790969849,0.001136265782057333,0.00034926474816173727,0.4969515800476074,0.0006390306983404181,0.00015374498983712016,0.39104706048965454,0.00043265782694705085,0.00013286807863218306,0.31333842873573303
7492,hiphop,0.0011670277911564274,8.51620044409751e-05,0.6464248895645142,0.000780331651422711,0.00029075443892028765,0.6302281618118286,0.0004175424458846276,0.00013716754989692587,0.5278377532958984,0.00032343628319687055,8.945588479171509e-05,0.4032917022705078
119584,pop,0.0006378781272505351,-1.5933053348926586e-05,0.6050350069999695,0.0004733103411487627,1.1733599114614572e-06,0.4413391053676605,0.0002786563906777495,0.00014126265006348505,0.5028291940689087,0.00031482959006863136,1.1403467351017368e-05,0.21664194762706757
131773,pop,0.00042634203467739606,-0.00024310941327099211,0.8149124383926392,0.0003271941137041712,0.00010815125807016046,0.7007231712341309,0.0002711418970407564,-3.601168364558927e-05,0.5515924096107483,0.00024363111633552795,2.6140707626920907e-05,0.31003329157829285
27164,pop,0.0005309425334490747,-8.627128810685391e-05,0.7629565000534058,0.0005533900408748238,4.254556659282205e-05,0.7124866843223572,0.0003389846318748568,4.23295983596339e-05,0.5611095428466797,0.0003084222500538171,5.516115757612378e-06,0.42530035972595215
7487,hiphop,0.0009959200987113448,0.0001325177926476684,0.7507637143135071,0.0006490603213910262,0.000278411246006538,0.6062749028205872,0.0004195204051558282,0.00010887399218663052,0.4522351026535034,0.00033084842013654455,0.00011148656567761378,0.3511788845062256
108499,hiphop,0.0010828527908674167,0.0005654289783621813,0.6956399083137512,0.001006579361486713,0.0003622378232496965,0.49255457520484924,0.00047644833396209396,8.032972277566497e-05,0.4439375698566437,0.00031073317008634935,0.0001198214548352162,0.402538925409317
37417,hiphop,0.001826275382665088,0.0005932712203279067,0.6296716928482056,0.0007426853867092076,9.869635587358427e-05,0.5392188429832458,0.0003672433473957434,8.174822220379157e-05,0.5055345296859741,0.0003409346785223334,6.975333580759378e-05,0.3723623752593994
47921,rock,0.0005346681626979488,0.0001591899183286727,0.7854341268539429,0.00025263852451951616,4.657141463059733e-05,0.6940938830375671,0.0002698092127558371,1.2142362943186047e-05,0.6213086247444153,0.00018793232273388652,6.233595501143584e-05,0.4783256947994232
98565,hiphop,0.0014906321787810483,-0.00010405777233319924,0.43407076597213745,0.0007696449861834626,0.00016188753992802673,0.3540716767311096,0.0005263773464805601,0.0002204232285501509,0.3092538118362427,0.0004799074393035154,6.297015669589838e-05,0.2650514543056488
97569,hiphop,0.0007641331233053439,9.466993027689164e-05,0.6814380884170532,0.0007355204606811813,0.0004106184166288482,0.5623844265937805,0.0005186540543209639,0.00018765225437446408,0.4065578579902649,0.0004004063889305696,9.281194554497847e-05,0.31294822692871094
71252,hiphop,0.0011002363805457272,0.0005135205121185926,0.6818744540214539,0.0007572167714463285,0.0004363425447069857,0.5801476836204529,0.000439273186740759,0.0001398542479177306,0.49130067229270935,0.0004537690169409924,0.00019924911233086553,0.3801302909851074
28260,rock,0.0006879946644203549,0.0005061457329243347,0.8258122205734253,0.0003630842264480072,-6.481280424394109e-05,0.7847954034805298,0.0004864700148501311,-8.351547924989599e-06,0.7535682916641235,0.00029148414145578383,8.261077997579146e-05,0.5453404784202576
138210,rock,0.0005729490462853093,0.00032419512494437087,0.7544057965278625,0.0002535230094530272,1.7896192353594742e-05,0.716163694858551,0.0003305784064718287,6.739054339016892e-05,0.654380202293396,0.00022901315706677292,6.625225367718503e-05,0.4842659533023834
123647,hiphop,0.0010713677689139444,0.00028859238537179974,0.7252580523490906,0.0005999666319769559,0.000156738913767962,0.5509306192398071,0.0004007260689060865,9.939548497768791e-05,0.44683945178985596,0.0003009495346066434,3.895705022453408e-05,0.3820429742336273
43857,hiphop,0.0009694459789450161,0.00021534779560554717,0.7368507385253906,0.0005806561093229301,-9.21738784772641e-06,0.5468506813049316,0.00045640017226050727,0.0001236418090847559,0.4263700246810913,0.0003835207022386255,0.00015638974309077047,0.3585958778858185
137901,hiphop,0.001066658411883048,0.000295187231978411,0.7007803320884705,0.0008298429143077379,0.0002892796087541838,0.5460408926010132,0.000618929714607652,0.00021497909327120564,0.41378358006477356,0.00044979253329814617,0.00019020870822981928,0.32504403591156006
109962,pop,0.0004068998290016612,0.000210427050818085,0.596728503704071,0.0002642705069198191,-7.393168359632677e-05,0.5748819708824158,0.0002443567937606519,-2.7586845143885153e-05,0.4781864583492279,0.0002765108360304151,-5.358363023215464e-05,0.10838355869054794
127303,pop,0.00028351845936633313,9.865471018006278e-05,0.7724434733390808,0.00030702505570752713,0.000223578534778468,0.6668363809585571,0.0002413005148655263,7.234098546074e-05,0.5863077640533447,0.00021911407976120054,6.126298838801901e-06,0.3519479036331177
111390,pop,0.0004076036630729085,0.00015212343335653246,0.6806813478469849,0.0002693544104102275,8.993218206472253e-05,0.681555449962616,0.0002747763713526646,6.687778585555137e-06,0.5639135837554932,0.0002526188001627574,-8.693111710065399e-06,0.33666059374809265
110263,hiphop,0.0013008379374280566,0.0001875657831423183,0.5428494215011597,0.0011238506838669449,0.0005565812513899426,0.5922219157218933,0.00047352347854833334,0.00013542603291173737,0.5432918667793274,0.0004501002393945038,0.00018901411787401964,0.49350497126579285
3535,pop,0.0005907265823233088,0.00026904007830215183,0.6142885088920593,0.00020995023178689288,6.49625668634135e-05,0.6596047878265381,0.00021355050542322342,-3.252232340056338e-06,0.6026559472084045,0.00021067504614779553,2.1328581311975264e-05,0.38262486457824707
98548,hiphop,0.0016166625013209312,0.0008073975343339867,0.6573492288589478,0.0009182927814672615,0.00030066246741917155,0.5435829162597656,0.00053091015181159,0.00010804623207972819,0.4821730852127075,0.00031424822021051897,6.882812781680975e-05,0.3956156075000763
66535,rock,0.0005901149107945258,0.0003869213722957454,0.801172137260437,0.0002142858844471936,4.93708741357653e-05,0.7278035879135132,0.00030777578893529696,-2.4710600357105984e-05,0.6894993782043457,0.00029998787719130265,6.834276272718136e-05,0.5352306365966797
96399,rock,0.0006669430181265757,0.00027794636943538896,0.784862756729126,0.000254742220376844,-4.687979999365433e-06,0.6213032603263855,0.0002842765799365288,4.813520801262294e-05,0.5894286632537842,0.00040557465200097173,3.078695562766636e-05,0.5043582320213318
113024,pop,0.0004943706462016584,0.00011167563430254379,0.5950330495834351,0.0003571282750326754,4.5743649768131836e-05,0.4917009472846985,0.00039520780082503206,5.453433561797227e-05,0.2824508845806122,0.0003196180435777244,-3.6944464963762354e-05,0.13031484186649323
59445,pop,0.00021509120727940533,-6.708008927769349e-05,0.7347437143325806,0.0003047404428251022,9.23563866815802e-05,0.7509115934371948,0.00030633079787958597,-7.020851629064628e-05,0.6800439357757568,0.00020508423756171283,1.4121778165784743e-05,0.3405221402645111
130454,hiphop,0.0018968614807347906,0.001093979381131993,0.5498025417327881,0.0009604935475595267,-7.536638196625756e-06,0.3370346426963806,0.0005553930319477934,-3.9311253004892244e-06,0.3363020420074463,0.00040991018864925045,-0.00010477234995716547,0.15936708450317383
58164,pop,0.0006028457009771726,0.00031493380149509863,0.6073641180992126,0.00036600622892483806,0.00014210941599371725,0.7305765748023987,0.00027956036357694,-5.3193203458679616e-05,0.5546181797981262,0.00023409060055100463,2.332072006429609e-05,0.36600568890571594
11919,hiphop,0.0016121288839432868,0.001213345834394941,0.7075901031494141,0.0006561353290223421,0.00016722172895401732,0.5403130054473877,0.00043465419605407107,5.463063348400146e-05,0.48661625385284424,0.00031851046883156833,7.633309229453215e-05,0.4285934865474701
33460,rock,0.0006801588212178133,0.0004062929754732325,0.7708524465560913,0.00030288800086429314,9.696817566701154e-06,0.6401059031486511,0.0003156881935221814,8.774776783447208e-05,0.5421140193939209,0.0002776769838035294,7.250254427797675e-05,0.3620493412017822
144587,pop,0.00040594720892777046,6.3187388837882e-05,0.7461738586425781,0.0002691365295989012,0.00015567795623085967,0.6689494252204895,0.000297242687687842,0.00010803209125224145,0.5258201360702515,0.0002808582543743044,8.391087626949119e-05,0.3091314136981964
77571,hiphop,0.0012171811946820488,0.0005638510859909407,0.6614290475845337,0.0009636657259018174,0.0005276093919959771,0.5727436542510986,0.0003796006210081537,6.92973998688573e-05,0.5423296093940735,0.0003563778241926255,0.0001345975738543657,0.39664363861083984
13735,hiphop,0.0009346787635601039,0.0003087235087025242,0.7891026139259338,0.0010539689848198907,0.0006557434958037245,0.6568565368652344,0.0004957289304660062,0.00016752604347388455,0.4576684832572937,0.0004089535939701139,0.00017895624332136054,0.4609188735485077
126047,rock,0.0006451279789117858,0.0004792728580800709,0.7897847294807434,0.0002652737751711265,-4.522880824598951e-05,0.6676971316337585,0.00031582991630614896,8.190160030762062e-05,0.6010972261428833,0.0003878199473244615,8.948698901883965e-05,0.538278341293335
25124,pop,0.00039603709716262703,4.5400031385667285e-05,0.7196112871170044,0.00023084350880403504,6.915088058300212e-05,0.6866971254348755,0.0002810929935683392,3.356119285571939e-05,0.5937321782112122,0.00022894803993318372,4.5567004436327295e-05,0.45301422476768494
54234,pop,0.0005227392229873673,9.907253848447927e-05,0.734916627407074,0.00036316386681256585,9.057555995994893e-05,0.5747858285903931,0.0004075977963343014,5.2667928012731794e-05,0.434702068567276,0.00031832003538962453,4.6855622761874057e-05,0.28340426087379456
86417,rock,0.0007214642261271553,0.0003813517340768957,0.7949365377426147,0.00027613706953407704,5.119203875614265e-06,0.7054382562637329,0.000323656500714456,8.18689354352814e-05,0.6375582218170166,0.00022456077111920303,9.196398471127247e-05,0.45041248202323914
145067,rock,0.0006498743745581903,0.00038385586525084835,0.789349377155304,0.0002553045341668836,4.717446635466027e-06,0.7069686055183411,0.00027692260595526543,3.4901092816554955e-05,0.6298521161079407,0.00033579226864219905,0.0001154333059542265,0.5731586813926697
149099,pop,0.0005774562273676176,0.00021440493019805884,0.6226595640182495,0.0003153880136160872,0.00013431874203133216,0.6563616991043091,0.0002802475029200113,6.636247857685019e-05,0.554911196231842,0.00022878524592521467,6.732906460104754e-05,0.41990575194358826
127185,pop,0.0004821956280102846,9.998366286101401e-06,0.7967939376831055,0.00031713237667549133,0.00014479786874332102,0.6614674925804138,0.00029492796727570436,5.738518158256989e-05,0.5363602638244629,0.00023097181112396713,2.7903296289626353e-06,0.3832138478755951
110735,hiphop,0.001245292219302585,-8.853078793802371e-05,0.6633298397064209,0.0007372046292539958,-9.999937774851642e-05,0.5129241347312927,0.0004708725069123744,5.401266682630176e-05,0.39618751406669617,0.0004857723062847204,0.0002019441453324668,0.22876238822937012
108505,rock,0.0006235599191847463,0.0002897141769190092,0.8102880716323853,0.00018997940252532541,-4.416071364699015e-08,0.6465951800346375,0.00034865517393034063,0.00012931025886918357,0.6411147117614746,0.00030056573901239276,0.00010017781680709459,0.47265639901161194
71255,hiphop,0.0017482311333060884,0.0011505884597773353,0.6124927997589111,0.0009101721246684069,0.0003903863356828796,0.5274800658226013,0.0004941674310526922,8.361423605596663e-05,0.4923785328865051,0.0003568314858892636,0.00012523697759941194,0.3937015235424042
123614,hiphop,0.0012189131255717466,0.0006189975632214295,0.711326539516449,0.0008708575158282494,0.00045788899780234703,0.6021572351455688,0.00042051931296226196,0.00011441124690691473,0.4901881515979767,0.0004118701675477077,0.00022312853943248662,0.3867698907852173
695,hiphop,0.0013804491139380204,0.0009118068037459182,0.7252546548843384,0.0006646038880473437,0.0003342358440324933,0.6229920983314514,0.0004252871698035695,1.6200799760998848e-05,0.5759484171867371,0.0003896681301253221,0.00017486678419331627,0.44244691729545593
75751,hiphop,0.00219739175311382,0.0003768097652212532,0.29464972019195557,0.0009876517682036816,0.00018780292454250447,0.520423412322998,0.0005760539272844123,3.4661827782740403e-05,0.4269709289073944,0.00040847120119213526,0.00010533677909191815,0.35306641459465027
67333,pop,0.00028209908473570967,-0.00011331944367902747,0.7381273508071899,0.0002830507811249827,6.194424702372636e-05,0.5486679077148438,0.00024789319599562723,6.657027738013757e-05,0.4352148473262787,0.00023184341367191814,-1.4415864739988933e-05,0.326269268989563
132795,pop,0.00039813663409071776,8.816217133644777e-06,0.7333421111106873,0.0003795782807421655,0.00020376537514860127,0.7433988451957703,0.0003561147442330684,4.8133101656038515e-05,0.6596379280090332,0.00025334289067687914,1.725682279277098e-05,0.49923667311668396
128709,rock,0.000632690353497356,0.0003212538108441798,0.771588146686554,0.0002915759120378614,-5.2130417655399385e-05,0.6779327392578125,0.00032857096484156025,3.256154712192205e-05,0.6053508520126343,0.00029765368909005774,-2.4526771068435205e-05,0.425133615732193
18887,rock,0.0005387258130775966,0.00026658975474161547,0.7519444227218628,0.00030503795541581,6.668948249011209e-06,0.7131954431533813,0.00029971641158279107,2.6693335681313712e-05,0.5742290019989014,0.00025835307363012854,2.1656551199760708e-05,0.4033071994781494
114415,rock,0.0006939038850939828,0.00047164639551149355,0.805964469909668,0.00025768367627755087,2.3918713735388008e-06,0.7013611793518066,0.00035584666181101565,9.788499287331055e-05,0.6615536212921143,0.00031118008061830314,0.0001654926716892994,0.4596978724002838
71694,hiphop,0.002153427736431723,0.0011895466717373182,0.6274040937423706,0.0007021039166707598,-7.207095895007676e-05,0.5502218008041382,0.0005780919594553913,7.450634459782446e-05,0.37422674894332886,0.0004717402646170216,0.0002280105386852817,0.23923684656620026
256,rock,0.0007329320503726144,0.00033941047195336084,0.8103473782539368,0.0002965559505140547,-2.4964659035386915e-05,0.7206777334213257,0.0003272098473053486,6.856238524547975e-05,0.6585939526557922,0.00029801690430656514,0.00011650006852198336,0.47116079926490784
148288,pop,0.0003818341825845728,-0.00020658667869586367,0.7709030508995056,0.00023839054191761717,0.00010419596180598761,0.6957009434700012,0.00021832253663721434,6.980538207481679e-05,0.5967352390289307,0.00017883604689029352,5.2841697334594864e-05,0.41575756669044495
127281,pop,0.0006343719099183243,0.00038495836391289615,0.6477182507514954,0.0003351616979623218,0.00017498649962775504,0.6143651008605957,0.0003113396676456659,8.729436599054563e-05,0.4368108808994293,0.00030191976195873384,3.544652122432747e-05,0.32919827103614807
142402,rock,0.0006636591932239089,0.0003112968935735427,0.7836705446243286,0.0002540061054136067,4.428066974743183e-05,0.7439823746681213,0.00034582211954305663,3.5649064426578334e-05,0.7013525366783142,0.00030305494161758363,8.158633304234005e-05,0.5132962465286255
75754,hiphop,0.0010715842355456862,-7.581897688090367e-05,0.7670994997024536,0.0008145387045065955,0.00034909130629571237,0.6828064322471619,0.0004598132942056371,0.00017419499891223767,0.5610661506652832,0.00035053317007055956,8.603130093732397e-05,0.45468223094940186
22475,pop,0.0005786364584761949,0.0002966605969705827,0.527722954750061,0.0003536058161196509,0.00022202172874894455,0.6387511491775513,0.00035046668484615544,0.00012638549130261664,0.5998497605323792,0.00023982483138668275,8.52675058121621e-05,0.35470160841941833
26017,hiphop,0.0010325313676402214,0.0002917674855699492,0.7641136050224304,0.000606367902828557,-5.430895995857388e-06,0.5637544393539429,0.0005142158112287224,0.00018093734472718857,0.42058485746383667,0.00031418142037912465,6.233173058034676e-05,0.3732782304286957
129973,rock,0.0006666333321905249,0.0004787645007396257,0.7997682094573975,0.0002663950695589029,9.561979048429981e-05,0.7251136898994446,0.0003692776810897802,7.48549911719365e-05,0.6791224479675293,0.0003509130467731515,2.226469934335969e-05,0.5569359064102173
96401,rock,0.0005578854170765535,0.00029004763594637774,0.7560838460922241,0.00028400206784429116,-4.075594232681445e-05,0.6521323323249817,0.000251730578243472,3.8676272488062937e-05,0.6041513681411743,0.0005007856978170555,2.6722293401751824e-05,0.5271888375282288
114042,hiphop,0.0014195411757800258,0.00031138984614607066,0.5947400331497192,0.0006882963004811833,-0.00020841349188693102,0.5723190307617188,0.0005096938786045402,9.995279927403455e-05,0.35211220383644104,0.0006480451482268164,0.0002084992668466692,0.12212469428777695
1040,rock,0.0006612814558247804,0.00022814342206165517,0.797415554523468,0.0002518367489626028,-9.183857436470544e-05,0.6918376684188843,0.0003010163842295657,3.394077478173463e-05,0.645295262336731,0.00025917181827068254,8.903124169861549e-05,0.5123052597045898
71241,hiphop,0.001227102977237582,0.0008036003525989877,0.6704474687576294,0.0007001924840658758,0.00024848831262274106,0.5565052032470703,0.00041694242454704824,5.764562590625799e-05,0.4669988751411438,0.0003271319903024896,4.670400422141169e-05,0.35429999232292175
132790,pop,0.00032392474497653365,0.00010766242073207976,0.7442424297332764,0.00038418369861249746,2.2199781096723938e-05,0.6447537541389465,0.00037115961360958906,2.8457132267823425e-05,0.5348120927810669,0.0002470594558436114,4.1490262937019885e-05,0.38633379340171814
123976,hiphop,0.0014787412976817072,0.00024402018366276312,0.6108600497245789,0.0008600216659406246,0.0003073831313482711,0.5758541822433472,0.000386549148623756,-2.782868245813086e-05,0.5694742798805237,0.00035223429334388704,0.00010570128146117953,0.3883821964263916
64008,pop,0.00039795380678115945,-3.2840722473737036e-05,0.7582821249961853,0.0003182333046501118,0.00010370491019975892,0.606214702129364,0.0003500408687751777,8.087436745881305e-05,0.4226618707180023,0.00026436028840498706,3.521658321692696e-05,0.29926031827926636
26034,hiphop,0.0010582949686207322,0.00021185635335312368,0.664639949798584,0.0008017529042627647,0.00022103628801772857,0.5847731828689575,0.0004920493268445222,8.832889275135404e-05,0.41057881712913513,0.00036055275556694114,0.00011524477347972415,0.3406270444393158
52034,pop,0.0004920061180014202,4.213539984876391e-05,0.6434832811355591,0.000323726455667489,3.819522425055344e-05,0.5858159065246582,0.000480111589563097,4.2674639708297766e-05,0.34757378697395325,0.0003954942501498346,2.637064956472618e-05,0.1936945915222168
33020,rock,0.0006360581722426623,-0.00010671287113870054,0.7754802703857422,0.0003465020198518298,-5.236298145008811e-05,0.7636415362358093,0.00031365759808245033,6.340625674070167e-05,0.6623523235321045,0.0002976323588084042,0.00010067542943881091,0.4576287567615509
75784,rock,0.0007485398598847226,0.00028691799078615075,0.7116509675979614,0.00040780326372980914,-5.075919446245955e-05,0.6855899095535278,0.00036545175113189055,5.7677490794094124e-05,0.5416879653930664,0.00028332791470359536,4.5087777870260254e-05,0.38968536257743835
36990,hiphop,0.00113229319611996,-0.00037997971301599874,0.7563518285751343,0.00047247673200841444,3.794726172368645e-05,0.6371753811836243,0.0003272475436488853,9.156950092501725e-05,0.4676343500614166,0.000285795002014147,-2.712876392202463e-05,0.29673874378204346
55100,hiphop,0.0007508368998447423,-0.00010754299606894336,0.7327777147293091,0.0005094255301259176,0.00013513730490145593,0.5564687848091125,0.0003254185515155189,0.00013210853863624138,0.5342809557914734,0.0003339480850012416,-8.558131165680692e-05,0.4532662332057953
13767,hiphop,0.0018321296433580158,0.0011873435680964661,0.6274933218955994,0.0008534917762157395,0.0002900584110881316,0.5523212552070618,0.00042142213441863694,7.351288641124055e-05,0.49896514415740967,0.0003483971209039006,0.0001399069525739293,0.396602064371109
6778,rock,0.0008113117306859832,0.00023750422718047255,0.8191572427749634,0.00023078899275070578,-2.4372119376534634e-05,0.6691948175430298,0.0002869944674002678,0.0001019671950430201,0.6200558543205261,0.00024688082201073633,0.00012623925430835814,0.48032355308532715
145068,rock,0.0005945492145412068,0.0003059904524239876,0.7912532091140747,0.0002620548210194473,-4.112547438556158e-06,0.7074084281921387,0.00025198006829160914,5.016119591563214e-05,0.603928804397583,0.00026693348201815614,0.00012717247558200612,0.5382630228996277
21404,pop,0.00048181960496820333,0.0002913632851397008,0.717048168182373,0.00025154335529787853,6.111861915335526e-05,0.5966241955757141,0.00032243299396291647,6.111144354630761e-05,0.46763497591018677,0.0002795911952434415,7.587992865320098e-05,0.39855989813804626
123442,hiphop,0.0014744330703976515,0.0008096890871605922,0.737219512462616,0.0009816614696812498,0.0005080725474769454,0.6181586980819702,0.0003765290869872709,5.107218932110275e-05,0.54132479429245,0.0004121656929555136,0.00016175283842992247,0.5012507438659668
111934,hiphop,0.0011437294151896093,0.0008126378281368308,0.7105159163475037,0.0007659692126255558,0.00021461718266349572,0.5305250883102417,0.0005247219311404383,0.00010733508264978764,0.41426050662994385,0.0003051192551968857,2.7760892036333626e-05,0.3499074876308441
71715,rock,0.0004988047892097545,0.0001328930108502366,0.7433668375015259,0.000349198720445798,-6.011106522721965e-05,0.7525845766067505,0.00042163422809635755,-6.496930271106538e-06,0.7036031484603882,0.00021761001491166104,6.12596317089165e-05,0.47569194436073303
94631,pop,0.0004298647254145749,-9.48214959102245e-06,0.6473671793937683,0.0003608678659135778,2.1100793248723938e-05,0.6282132267951965,0.00031243992524370714,5.376198173765334e-05,0.5685572624206543,0.00025694295533358044,3.086643061358268e-05,0.39994046092033386
89704,rock,0.0006465435158320432,0.0003972127637975831,0.7521702647209167,0.0002624479507490368,6.573834324285765e-05,0.7293899655342102,0.0003259365140046673,9.477658705755635e-05,0.6570390462875366,0.0002896492602716706,5.0394179717416776e-05,0.5177264213562012
39530,pop,0.00038697273734118466,8.545774800257089e-05,0.8028193712234497,0.00024394803384213611,6.516832576956913e-05,0.7036259174346924,0.0002719159016507036,5.8273109658628365e-05,0.6010320782661438,0.00021458005559595776,4.56300846818539e-05,0.4475717544555664
75937,hiphop,0.0017016460069751993,0.0011440192110430125,0.7459896802902222,0.00062906788798536,-0.0003393413585321053,0.626672089099884,0.00030573940946038825,-2.434836930282902e-05,0.5752931237220764,0.0004318380572796432,0.0002319442856583235,0.47308778762817383
122911,rock,0.0007362911537144967,0.0005233487439118889,0.8123124837875366,0.0002800915336747645,4.138007114640185e-06,0.7399210333824158,0.0003180086935684345,4.4566731103077296e-05,0.6643967628479004,0.0002613783385677244,0.00012839627964707917,0.49766406416893005
13566,hiphop,0.0012430188985864455,0.000764157859580994,0.722314178943634,0.0009567849770243553,0.0003930117840230951,0.5526469349861145,0.0005701065440074927,0.00012319277429690537,0.4665061831474304,0.00037134486412087556,0.00010765861452674407,0.36463990807533264
26012,hiphop,0.0011742916254713354,0.0004615021926345886,0.6817162036895752,0.0005731793334351698,2.9937991543538266e-05,0.5629518628120422,0.00039315877858249373,9.209081551916622e-05,0.4572220742702484,0.00036799643991698776,9.285263929966678e-05,0.29164764285087585
62586,rock,0.0007567132939469313,0.0004949051071983623,0.8316627740859985,0.00025462044158440776,-2.406539847698008e-05,0.6716322302818298,0.000253737424595281,9.372073842729048e-05,0.5595152974128723,0.000252980645927437,9.983904991931203e-05,0.4052545130252838
128699,rock,0.000571112049615774,0.0003758354049534951,0.7189844846725464,0.00028040351359120974,3.6316575165451503e-06,0.6850929260253906,0.00029838546170208647,0.00012189867558356272,0.6134575605392456,0.0002461724364405023,8.316651753578301e-05,0.4132530689239502
54235,pop,0.0005284615985382101,-2.59877574952716e-05,0.7597669959068298,0.0003212465971322076,6.207490278234973e-05,0.6208781599998474,0.0003762286873015308,0.00011520450603636268,0.4237886667251587,0.0003040714498630346,4.584118386578446e-05,0.3600863516330719
137899,hiphop,0.0010579772822648438,-0.0003957933121366608,0.7873769998550415,0.0009435071336114875,0.0005349824868884801,0.6100655198097229,0.0004767502370633747,6.956853775769156e-05,0.48655521869659424,0.0003769019901030864,0.00017775088675006656,0.4031221568584442
68820,rock,0.0006257065485768543,0.0004330916128680862,0.7862182855606079,0.0003180351540831072,-2.4336002074787366e-05,0.7209355235099792,0.0003899368606356807,4.777144580892567e-05,0.6944315433502197,0.00032461132465513506,0.0001117986916279121,0.5169755816459656
46078,hiphop,0.0012015109223527886,0.00043157019542245935,0.7250313758850098,0.0009223066618653048,0.0003513238777390376,0.5683286786079407,0.0005229918027171832,0.00013854513802822544,0.48652932047843933,0.0004350629408742847,0.00010392868833859874,0.3433391749858856
153337,hiphop,0.001341391208810272,0.0006812360610700452,0.5188172459602356,0.000671184209338993,-7.468719283628688e-05,0.502678394317627,0.0003877118806219942,0.00020999513114081157,0.6361232995986938,0.0006141258880328328,8.698881762312453e-06,0.5931573510169983
87324,pop,0.00054959103299963,0.0002939670129110672,0.5765295028686523,0.0003913701113253829,0.00025657575345206104,0.6204513311386108,0.0003273205213631741,0.00013346516575744538,0.4644809663295746,0.00026586232650321434,-1.9875595367533267e-05,0.33474624156951904
84605,pop,0.00035917158549247377,0.00017980540564520032,0.7372037768363953,0.0002918094691508735,0.00013030051596300135,0.6642205715179443,0.0002313465000941417,9.190870910148807e-05,0.5365667343139648,0.0002649267719486731,-8.402142965105283e-05,0.26058927178382874
127268,pop,0.00040083115806824885,0.0001736945165639825,0.7478262782096863,0.00032737609578462057,0.00019046715656096392,0.6992998719215393,0.00025240206882734084,0.00011349295823352712,0.5435238480567932,0.0002036908321122119,-6.823830621070318e-07,0.40946927666664124
110777,hiphop,0.0011795788958139709,0.0008671307923637572,0.6869158744812012,0.0007440102037302706,0.00028337509601826375,0.5577176213264465,0.0003356164598104701,-1.0354406507290943e-05,0.5402555465698242,0.0002536115500795198,-9.394962650844756e-05,0.36605677008628845
96402,rock,0.000638420774122217,0.0002789494365039502,0.7626244425773621,0.0002574660314932309,-1.1617102359479104e-05,0.6837023496627808,0.0003804013132495299,3.142852969222565e-05,0.642872154712677,0.0004098660211331647,6.980060138361659e-05,0.5328783392906189
137895,hiphop,0.0012550415838678663,0.00028690199756193914,0.6706538200378418,0.0008351383443785832,0.00034147283143401983,0.557774007320404,0.000523914446542657,0.00018522926083156088,0.4342796206474304,0.0004326261985083222,0.00018476655478230576,0.3621498644351959
1720,rock,0.0005970389998599223,0.00020404423381572556,0.7800574898719788,0.00028397997668748036,0.00010613524630924271,0.6791375875473022,0.0002099183869639154,-4.534996209685227e-06,0.5821223855018616,0.00021868024425814847,7.426747152900967e-05,0.4922272861003876
129914,hiphop,0.0013199225110322565,0.0006076014746509095,0.6446989178657532,0.0008567078168768324,0.0003690980737169655,0.621280312538147,0.0005137391564604943,0.00016520608786987356,0.5033823251724243,0.00050635757779204,0.0002365448904137988,0.4128745496273041
141375,hiphop,0.0018689290358085621,0.0010708749423599916,0.5570248365402222,0.0008696683291357754,0.00016197798949408871,0.483629047870636,0.0006450097297798754,0.00012170728198759279,0.35223808884620667,0.00045999596362189966,9.475601467652962e-05,0.262322336435318
124483,pop,0.0005905971437718538,-6.631094827072025e-05,0.8124756813049316,0.0003997421062982787,0.00022411705512341286,0.7183560132980347,0.00039126610665567786,1.3270977936825808e-05,0.6677393913269043,0.0003649342201409173,1.2667013749754e-05,0.4996064603328705
126429,pop,0.0005266702550219382,0.00023761546603592865,0.5723766088485718,0.00030156276494520127,7.216006547518528e-05,0.6664093732833862,0.0003438525919298263,2.7205375998894388e-05,0.4721349775791168,0.00030091710664812836,0.0001173443107856197,0.3072461485862732
139461,rock,0.0005289164412072723,0.00024514229216627826,0.7186646461486816,0.0002533874081404319,7.638554085069304e-05,0.6585626006126404,0.0002781115846101595,0.00011667510846482266,0.5873669385910034,0.00024400917788344428,9.331181969628784e-05,0.43496575951576233
98618,hiphop,0.0010494958237772245,0.00014520270900577614,0.7161436676979065,0.0007956601769588817,0.0002695472953579442,0.5678413510322571,0.00046145700792744827,0.00017134081751442486,0.47593963146209717,0.00039963566674504635,0.0001904438025184385,0.37506070733070374
100959,hiphop,0.0012606955394169118,0.0005043934991249555,0.6846429705619812,0.0006059185763460318,1.0854316648700734e-05,0.5545641183853149,0.0005592747039412169,0.00013933860191444241,0.3978172242641449,0.0004085832353012339,0.0001679666140554347,0.2972647249698639
108502,rock,0.000807179707391703,0.00017973277645209063,0.8227382898330688,0.00019476258264595204,-1.4595222272800746e-05,0.645806610584259,0.0003517915278663941,7.202157274101895e-05,0.6563131809234619,0.0002902294141077973,0.0001504050987033804,0.5432705879211426
10694,hiphop,0.0016863310940913756,0.0010981218101185242,0.6117368340492249,0.0012405339059086361,-0.00016317603172208984,0.316272497177124,0.0006209562082960485,0.00022542178604767038,0.17847898602485657,0.0004797545422998359,-6.191662500988394e-05,0.07418415695428848
95231,rock,0.0005858540263142586,0.0004230475689636748,0.7389039993286133,0.00032749467266423096,3.902079345185356e-06,0.7425755262374878,0.00041721454025825833,4.4360727649769285e-05,0.697538435459137,0.0002864192165363902,-2.9699400805686025e-06,0.47025516629219055
137632,rock,0.0007092654838017687,0.0005125643798193913,0.7852727174758911,0.0002052299384056256,6.960729395890756e-05,0.6507869362831116,0.00043132677884197556,5.537742729139372e-05,0.7065690755844116,0.00029452176043896685,0.00014718848617106093,0.5374763011932373
149124,hiphop,0.0014122773997865545,0.00043625070066932725,0.66679847240448,0.0009603212573902453,0.00047915528087593697,0.6082067489624023,0.0005162236358765026,0.00014844825398339535,0.49573057889938354,0.0005202557065996765,0.0002994350276657569,0.3909440040588379
65755,pop,0.0004956252775876246,-0.0002791235513391166,0.7856531143188477,0.00033101767699807996,0.00011363417959019406,0.7103474736213684,0.0003596446164761757,8.461095629188398e-05,0.6427900791168213,0.00025750884646456087,4.062122031618097e-05,0.4883962869644165
141168,hiphop,0.0009635209796535982,0.0001930022877252746,0.6728315353393555,0.0008938618992716377,0.00019431104668949235,0.5478707551956177,0.0004881461180254687,9.586973172503011e-05,0.44319939613342285,0.0005012511869455887,3.6213919995074555e-05,0.2740503251552582
97987,hiphop,0.0014611622655808175,0.00048123655312384275,0.41126370429992676,0.0010963615378635772,0.000430200740875486,0.5006318688392639,0.0005689124150792147,0.0002122001821268782,0.4416699707508087,0.000364966718024323,1.1508581842268004e-05,0.3296198844909668
96657,hiphop,0.0010247336077166213,-0.0002485569238988905,0.7882229089736938,0.0005547598653623976,-9.247623847761233e-05,0.5871840119361877,0.0004143484411819258,0.00016256396396089847,0.4903826117515564,0.00038476232741506384,0.0001317673805330223,0.357303261756897
129372,pop,0.00045329750105179144,-3.929641709993215e-06,0.7365235090255737,0.00029447632563026104,6.51986766099063e-05,0.6199925541877747,0.0002827571004043189,5.965827116206135e-05,0.5064353942871094,0.0002402280206753408,6.765275656419693e-05,0.3789210319519043
45122,pop,0.0005601606998857811,0.00010406034656567087,0.6333343386650085,0.00037178556233277704,-9.190245576815026e-05,0.48492631316185,0.0002640042061307529,-1.8969703988584442e-05,0.5229041576385498,0.0002635031936184806,0.00012050649605322798,0.3621373176574707
123474,rock,0.0005670017977359332,0.000389437770579526,0.7923647165298462,0.000325272115858885,0.00010167374794232408,0.7706788778305054,0.00024706952147398014,-9.081043592575055e-06,0.6107916831970215,0.0002689305356189016,2.4269404401875787e-05,0.36309266090393066
114040,hiphop,0.0012373460549980398,0.0006681668147843379,0.6798944473266602,0.0005750546912651922,-4.577640199232014e-05,0.5794281959533691,0.0005759170099719912,0.00018708177443023776,0.30596354603767395,0.0004896471430275185,4.833194683746128e-05,0.200775146484375
112315,rock,0.0007916870128698683,0.000351065709659526,0.795707106590271,0.0002848948717208689,2.1942260357848617e-05,0.7133364081382751,0.0003215646366412865,0.0001171099332780988,0.6308497786521912,0.00028780803976592023,0.00015280158999334223,0.5005294680595398
112528,rock,0.0005993540340951231,0.0003573774934378715,0.7517722845077515,0.0002941560696435669,1.5145969846888652e-05,0.5944617986679077,0.00032038068602382455,7.174024795078005e-06,0.5425965189933777,0.00030745957547739095,4.313012267820789e-05,0.49070417881011963
108428,pop,0.00037616723021956786,9.89254806813028e-05,0.6843066215515137,0.00022056482936732013,6.772298244992481e-05,0.6425358057022095,0.00024670853894121576,7.732991413006235e-05,0.5577153563499451,0.0002282957158440182,5.89880626408167e-06,0.38530758023262024
42844,rock,0.0005240741781588288,0.00032408289295653424,0.7682717442512512,0.00021315885208290867,-1.5252674265622303e-05,0.6503345370292664,0.00028991399527497256,-4.299064533662828e-06,0.5945451855659485,0.0003373602861770405,-7.636063410540866e-05,0.43576812744140625
6609,hiphop,0.0010537688292513447,-0.00017933598398918172,0.6730924248695374,0.0009166220930900082,0.0003432368900890548,0.6318491697311401,0.0003848605241189196,6.075262915892221e-06,0.5429292917251587,0.00032912106713890607,0.00010818902392042626,0.41944801807403564
32693,hiphop,0.0009209749492609997,0.0002825463867508038,0.7243090867996216,0.0005663211931823565,5.61120869536913e-05,0.5568703413009644,0.0005236188798937303,0.0002247224082429611,0.4513903856277466,0.00029950981784844743,8.619913590770384e-05,0.3664760887622833
107048,pop,0.0005576843878227989,0.00018262022954302904,0.6044982671737671,0.00043032111345850876,5.932539438038356e-05,0.578494131565094,0.00037531322515659547,-2.1645817542176317e-06,0.5088058114051819,0.000264297598660618,1.5081470273468149e-05,0.4300345182418823
122503,pop,0.00048195817287846057,0.0002591501094195259,0.5197407603263855,0.00023181496413760878,4.8816682731480686e-05,0.6278964877128601,0.00027529118382597836,3.1760495594037455e-05,0.4083738327026367,0.0002941493094791864,3.241806391880824e-06,0.23991036415100098
10805,pop,0.00037415179481801173,-0.0001527062192500317,0.7703176736831665,0.0002792337082778637,2.6268425419055662e-05,0.6851290464401245,0.00021794685043876206,-9.918516276962823e-06,0.592252790927887,0.00032884741333200133,1.7077447294945477e-05,0.5406382083892822
108845,hiphop,0.0010532474829212824,0.0005563148263999729,0.6759275794029236,0.0008103690551949705,0.00024674681312947255,0.5237415432929993,0.0005129837269076476,0.00014968312318545563,0.417112797498703,0.0004718356931778904,0.0001419080559530867,0.28733810782432556
122620,rock,0.0005328109546557491,0.0003388134085784311,0.7637761235237122,0.00026923962266127145,1.5556425289681152e-05,0.7271525859832764,0.00020839444584262943,1.1744800977942643e-05,0.5687780976295471,0.0002393796307292857,8.494389886540247e-06,0.3264254331588745
126676,rock,0.0006836562545616154,9.576339838703873e-05,0.6829001307487488,0.0002333629015555644,8.909876422766027e-05,0.5847448110580444,0.00032760169768544567,-3.9184469237399936e-05,0.41707757115364075,0.00027655256141588996,4.540351668949616e-05,0.26705318689346313
47916,rock,0.0005748843745516207,0.00013235169183158923,0.7855793237686157,0.0002211787972365157,3.2009714554653496e-05,0.696003794670105,0.0002937158661403716,2.1200160464425188e-05,0.6354635953903198,0.00019490803954624829,7.738544386222134e-05,0.4542614221572876
144937,pop,0.0006326753982406341,0.0003552518728179077,0.6988810300827026,0.0003660758680686327,-2.3422186573313074e-05,0.6004144549369812,0.0003670858297921603,0.0001988956024466787,0.588619589805603,0.0003037613172730512,5.0795038988350055e-05,0.502051055431366
46930,pop,0.00037291516347033317,-5.7856557780633364e-05,0.7284197211265564,0.00031582156674224497,0.00019622054956022414,0.7015781402587891,0.0002615277437937637,6.232549286149157e-05,0.6195793747901917,0.00025488435680075944,1.0552523705124883e-05,0.41829025745391846
58540,rock,0.0006794626413981764,0.00043907188452529944,0.7955333590507507,0.0003134745885293777,3.342670866818276e-06,0.6640024185180664,0.00031780840613224946,4.980220633753918e-05,0.624799907207489,0.0003245347253025852,8.867297807732052e-05,0.4393731653690338
72131,hiphop,0.0006517526967665166,0.00014553911617132265,0.7308889627456665,0.0011321309646537437,0.0008016932047677727,0.5717741250991821,0.0005305082280806839,0.00021054354236241135,0.42801299691200256,0.00038234066975013567,0.00018882140360325256,0.3717496395111084
120189,pop,0.000594805958947342,0.0002613700166941957,0.6255801916122437,0.0003917812092749884,-4.4714428075232074e-05,0.5864189267158508,0.00036199160594810597,-7.914001925253821e-06,0.5220536589622498,0.0002758395101328757,6.529802510780079e-05,0.3414597511291504
58543,rock,0.0008242466266817239,0.00012550169321317027,0.7247134447097778,0.000298237780879268,1.3366369817330304e-05,0.6350085139274597,0.0003020517675353085,1.9771975268713103e-05,0.5610383749008179,0.0002616182010564197,9.356033288066695e-05,0.43986037373542786
75390,hiphop,0.0016479537860538684,0.001286276095627592,0.7251733541488647,0.0007141597097954256,0.00018441103740600705,0.5739482641220093,0.0005068531683989941,0.0002195553589085797,0.4994787871837616,0.00041430429221642716,0.00018523461979657167,0.40588846802711487
19417,pop,0.00041398849634326494,2.2174090437321326e-05,0.6947920918464661,0.0003191666405398835,0.00013247083797705283,0.6753898859024048,0.00034110378948258357,0.00011602745745618203,0.4278699457645416,0.0003060772727301109,-4.399555774258947e-05,0.1843622326850891
115764,rock,0.0005206073634409503,0.0003522917511477264,0.7984553575515747,0.00025245265526945004,-9.227216332685917e-05,0.6867866516113281,0.00028209762384620585,-7.816524034028327e-05,0.44426634907722473,0.00015785583400336882,4.2019048784648974e-05,0.41555237770080566
99345,rock,0.0011824114368486336,-0.0003919546432329127,0.5339528322219849,0.0003002935407043578,4.5273762314748664e-05,0.5824769735336304,0.0002639967189814843,6.0155060774275406e-05,0.5694408416748047,0.0004563589450685557,0.00010593227435861235,0.25614824891090393
95251,rock,0.0007433618407877374,0.00037095628756229627,0.8128603100776672,0.0002650795650795387,-9.59587278942381e-06,0.71418696641922,0.00042865852642262506,6.256759341850326e-05,0.6832876801490784,0.00031950927224074204,0.0001384450527984445,0.5201455354690552
145199,rock,0.0005128697948276973,6.253827439346437e-05,0.7346875071525574,0.0002338750724688865,0.0001787399647286414,0.7069414854049683,0.00021836839563057467,-5.6786156395800744e-05,0.5507341027259827,0.00025484693747374114,3.384945059519267e-05,0.26334312558174133
69555,hiphop,0.0011737455753163318,0.00032915786133642656,0.7505329251289368,0.0009134826664233431,0.0003972313620324852,0.6127699613571167,0.0005147212172246863,6.581045930623142e-05,0.5270811319351196,0.00039584863557367444,0.0001411608738595576,0.39018186926841736
11771,hiphop,0.0012191296010128027,0.0005600657434326805,0.7159541845321655,0.0006904413394580146,-0.00017388754616149397,0.521026611328125,0.0004129481049209349,5.096063852367938e-05,0.48742470145225525,0.0003456845679721263,6.591881705338056e-05,0.43108880519866943
114045,hiphop,0.001003786905232329,2.5828251488735355e-05,0.6943975687026978,0.0006034666247851164,6.712942562196317e-05,0.5765117406845093,0.00043293742095908307,9.617567265777449e-05,0.3886892795562744,0.0003630612820721621,3.557703223646541e-05,0.2585800588130951
149100,pop,0.0005410686320981795,0.000244497667967275,0.7051034569740295,0.00034208395989229203,0.00011276551281646507,0.566739022731781,0.00033199886320171845,0.00016050350202861442,0.47320252656936646,0.0002714020199223368,4.9344495867160186e-05,0.3487130105495453
134824,hiphop,0.0011237489374944954,-0.0002257566905875752,0.7796584963798523,0.0006201630643436429,-4.00862868465357e-05,0.5437695384025574,0.0005259558265516378,0.00013229598014421418,0.4073374569416046,0.0005314498300374391,0.00021068417524868974,0.2818896472454071
127559,rock,0.0006107456664330102,0.00021470093030778736,0.7680917978286743,0.0002736440804486026,7.287422799103077e-05,0.7249277234077454,0.0003451815087996485,4.557851540678615e-05,0.6399296522140503,0.0002426499091632844,0.00011005118024692589,0.4993455111980438
93950,rock,0.0006532025251188677,0.0002731294735023759,0.7630502581596375,0.0002456659627245013,0.00012840795270687225,0.6179529428482056,0.0003253711799117583,0.00016177400649419006,0.5571536421775818,0.0002708065581251487,0.00011787120644814418,0.44271767139434814
71250,hiphop,0.0010167471437743992,0.0005153930708599042,0.6958034038543701,0.000833402919993964,9.061426311995913e-05,0.6433530449867249,0.00037035899011696237,-3.994485017022931e-05,0.5412180423736572,0.00033293436263974176,0.00011571089959762186,0.4251408576965332
71719,rock,0.0005141253794809231,0.00033923593194042925,0.7225465774536133,0.00027711606663153866,9.471667020677921e-05,0.5592063665390015,0.00030296768746481464,9.289714360238399e-05,0.5983443260192871,0.0002998245161592121,7.475586889455858e-06,0.4137668311595917
85308,pop,0.00037790909316700596,-4.785359662954347e-05,0.7801843881607056,0.00025341726530742905,7.236929130675918e-05,0.6532770395278931,0.0002991559575191727,0.0001226439432254467,0.5402961373329163,0.00023624470833202618,7.737188470608124e-05,0.3637518882751465
128476,pop,0.00034152983405126846,0.00012646809654999204,0.8013979196548462,0.00025167863566975796,0.000112304259585491,0.6786566972732544,0.00024589654323094916,3.137619610565121e-05,0.5597782731056213,0.00021971997792415504,-2.747990860822457e-06,0.4400515854358673
19729,hiphop,0.0013433262187562355,0.0007344244424611013,0.7498331665992737,0.0006095652112614036,-2.1016167810566922e-05,0.5798090696334839,0.0004195633219321465,0.00011550988821170172,0.4870319068431854,0.00033142022556569613,9.666879112235425e-05,0.4412418305873871
67163,rock,0.0006121274305055602,0.000338008603558726,0.7910000085830688,0.000210618968971521,4.2604868118878426e-05,0.647638201713562,0.000253179905660979,-1.671189008042473e-05,0.5959004759788513,0.0002501086045497494,5.860133022807477e-05,0.3756045401096344
43844,hiphop,0.001230404640506566,0.0007309469556837867,0.6762207746505737,0.00047471769636597274,1.2342747353227823e-05,0.5852331519126892,0.00036503094483737286,8.655570871900553e-05,0.4842272996902466,0.0002741672436562389,8.019019027237593e-05,0.35574817657470703
136469,hiphop,0.0012691188924936758,-0.00010698998393202097,0.7731069326400757,0.000936025411346586,6.210815502787348e-05,0.4920535087585449,0.0005705268383820461,0.00014945564887973494,0.3621661365032196,0.0004281294515456428,0.00011081309900279335,0.267354816198349
42044,rock,0.0006902307464282331,-0.00016879619989959015,0.7586008906364441,0.0002724929171891729,-2.339774070765025e-05,0.6149710416793823,0.00030093285863579843,-1.4787765268393648e-05,0.5441257357597351,0.00024298552842832638,-5.691186671484934e-06,0.42320263385772705
86416,hiphop,0.001531737901722785,0.0011093799002976467,0.656640887260437,0.0005766728341062621,0.00013198000565638467,0.5601163506507874,0.00040662742612638776,3.576121480269728e-05,0.47077056765556335,0.0002800382696374083,6.440994957996928e-05,0.3486899137496948
6442,hiphop,0.001953334925324501,0.0011680475136516045,0.5939282178878784,0.000805335270401153,0.0003224203870646369,0.5844755172729492,0.0004946376516070639,2.3835986976206148e-05,0.47694820165634155,0.0003534868457583746,9.864039129662092e-05,0.31785473227500916
110779,hiphop,0.001140513624804229,0.0004763052448049754,0.6720253825187683,0.0008399374389373327,-0.000500961548707024,0.5187421441078186,0.0005484898841361186,0.0001641806351340791,0.3574133813381195,0.0004534344556075121,0.00019126559868439156,0.25245383381843567
113303,rock,0.0006303841597127934,0.0003904218958347805,0.7622097134590149,0.0002736764254688828,-3.802304871264317e-05,0.7074311971664429,0.00028065464371666794,-5.118183658858744e-07,0.5785256028175354,0.00029000244285942896,-1.1638786870291884e-05,0.494799941778183
98626,hiphop,0.0009603981742984047,0.0002758980955711365,0.7411279678344727,0.0007688926437852573,0.00031783551686785926,0.5758246779441833,0.0005869170642493082,0.00012672159204258683,0.4257984161376953,0.000381725111160771,0.00014852448204069496,0.3703378736972809
63045,rock,0.0006609878449966189,0.00040581553715153263,0.7986329793930054,0.0002540990873628621,1.0387039614159766e-06,0.6635556221008301,0.0003092179887443973,0.0001684199141669636,0.5899913311004639,0.000305268505499697,-3.2668473733637116e-05,0.4627932608127594
11783,hiphop,0.0014130254546977027,0.000861372370718172,0.6773310899734497,0.0006508479116615215,1.2663588459659036e-05,0.5344609022140503,0.0004436834001932732,8.405700657752924e-05,0.44490647315979004,0.00029298376724565587,2.1117476327082562e-05,0.4027320444583893
67359,pop,0.0005596951723313204,-0.00038189949239928465,0.8029554486274719,0.00031070014799985946,8.153155649597842e-05,0.6780179738998413,0.0003019351223475271,0.00011732860449158403,0.505897045135498,0.0002784581679907746,2.5111948639450096e-05,0.4595324993133545
28479,pop,0.00028202047636715635,5.509866823834586e-05,0.7957236766815186,0.0002958813815116479,0.00013515181506114636,0.7499884963035583,0.00023051524532053668,5.856492153318016e-05,0.6083003878593445,0.00017332314632199455,2.501880466251998e-05,0.4247136116027832
138038,pop,0.00036038965200262395,-0.0001625505043463704,0.7651000022888184,0.00023816289656401895,0.00012293006778821698,0.682273268699646,0.0002507302826502607,5.719187528030981e-05,0.5936249494552612,0.00021733409424350971,4.8734929342251664e-05,0.39362263679504395
32329,pop,0.00044933950543717404,0.0002101985916074467,0.7322431802749634,0.0003756897577656071,0.0002536250606321788,0.6590974926948547,0.0002800958838591178,7.934932069108336e-05,0.5736461281776428,0.00022676355544201492,4.4942945536463726e-05,0.3770219385623932
132961,hiphop,0.0018745749558463309,0.0016439963205853835,0.7049388289451599,0.0009976534742271645,0.00016160983845761278,0.4679965078830719,0.0006838416370663536,0.00012466044136175025,0.23997646570205688,0.00037603504426360535,2.459581448977114e-05,0.2878202497959137
75746,hiphop,0.002049037879874871,0.0016383562483917701,0.6929173469543457,0.0009081615181651126,0.0005044490866013051,0.6145779490470886,0.0004768580741141931,0.00018765553857778616,0.5539709329605103,0.0004624252516091179,0.0002483078114310991,0.477365106344223
11917,hiphop,0.0013044208835304217,0.0008444380477892865,0.7124854922294617,0.0007791504931497162,0.00024302649005067956,0.5520632863044739,0.0004651103772803661,8.705706491598354e-05,0.4593634009361267,0.00045007144056313005,0.00014375007711317294,0.4435328245162964
148517,pop,0.00043771331364477335,-1.3584012188670724e-05,0.7937250137329102,0.00042785709284091087,0.00025269806893438715,0.7099145650863647,0.0002683523072807855,0.00013920185322964613,0.5582525134086609,0.00022090468967405087,1.7197815133900816e-05,0.3657247722148895
122079,rock,0.0006093673373470554,0.0004344528423686822,0.7877553701400757,0.00026597520587999404,4.97828040865329e-05,0.6867755651473999,0.0003419067698484882,8.412087558519993e-05,0.567075252532959,0.00032027717358201524,3.963961762931216e-06,0.2982751429080963
48990,rock,0.0004766272307398456,0.000369845591914908,0.7675224542617798,0.00033226917033746803,8.537978734271534e-05,0.46047037839889526,0.0005597823973803529,-5.679450604217262e-05,0.2527034282684326,0.0004448104070951444,-5.497861955457382e-07,0.12394983321428299
89860,hiphop,0.001635218083890644,0.0008184001305905131,0.5976331830024719,0.0009438665516118272,0.00023895511421703208,0.5334263443946838,0.00042967022046099424,6.0211609819110224e-05,0.492357075214386,0.00042454047446313534,0.0001273758770552596,0.33046427369117737
125779,rock,0.0005874084851409389,0.0004408003474659861,0.7740553617477417,0.00018881656458822338,6.665943660915108e-05,0.6531201004981995,0.00028068765143425545,5.222908648613855e-06,0.635150134563446,0.00022170235266331015,6.875411146200587e-05,0.46579766273498535
137426,rock,0.0008405744427532724,-4.949137242249435e-08,0.8059287071228027,0.0002349240538554259,2.548801779265475e-05,0.6307048797607422,0.00027683754937823186,8.566475848251848e-05,0.5344501733779907,0.00036391112408732697,2.2644921202545285e-05,0.4061133861541748
75933,hiphop,0.0013495149452769973,0.0006139840420519071,0.6553107500076294,0.0006628584361596801,-2.4749930250439477e-05,0.5150840878486633,0.0003944930770907465,8.039093917417389e-05,0.46564826369285583,0.0004707488687856424,0.00015651887727056017,0.33877792954444885
145728,hiphop,0.0010923799377960286,0.0002257782416603682,0.704723596572876,0.0006903744162517378,-6.715553961608167e-05,0.48515042662620544,0.0006691779757849514,0.0001980412866306014,0.30259132385253906,0.0005206016447081343,0.00022249318848664248,0.2503431737422943
111335,rock,0.000724823472493119,0.0004672745867364991,0.8201295733451843,0.0002869681851578057,-3.162059181643223e-05,0.7293974161148071,0.00028850956681451324,0.00011441371894206242,0.6109574437141418,0.00028015356984952114,0.000135293319454727,0.49582719802856445
110985,rock,0.0007106105492573178,0.0005457174828054079,0.8327865600585938,0.0002570464777119197,-5.2570923820827176e-06,0.7218865752220154,0.00026718970966360846,7.466975712671034e-05,0.6100627779960632,0.0002502798082045452,0.00012201381191936575,0.4713793694972992
116389,hiphop,0.0011731833780025181,-8.647821381653209e-05,0.7728924751281738,0.0006488508194505638,-8.74228819973677e-05,0.6438378691673279,0.00038073221065164863,0.00015763757032338565,0.5046165585517883,0.00028129891810796853,9.856361547221082e-05,0.42972835898399353
64841,pop,0.0005556549585655768,-0.0003171906055680518,0.8040779232978821,0.000295940785974352,8.225801883571595e-06,0.6006479263305664,0.0002837351499032406,7.461853387141199e-05,0.5563122630119324,0.00026710498092166746,9.283550520472934e-05,0.3486471176147461
126404,pop,0.00042614215753979947,-8.83774282680383e-05,0.767656683921814,0.0002986803777824787,8.149191283249869e-05,0.6604607105255127,0.00027791365474553597,3.0948160197549064e-06,0.5157541036605835,0.00022442645974792976,3.437632785277721e-05,0.4146991968154907
132791,pop,0.0005434328379461117,-3.794077322534228e-05,0.6618279218673706,0.0004084746302902009,0.00017666963246731893,0.6877013444900513,0.000311379568866936,0.00010330335687964238,0.5629017949104309,0.00026434864997362345,8.5587333114386e-05,0.38812708854675293
12387,pop,0.0005625513635449053,-0.00030195581419238947,0.7950564622879028,0.0003464640870358748,0.00020275586768491726,0.6799014806747437,0.0003370904433420735,-3.8660166030413667e-05,0.5527198314666748,0.00025674598276759333,3.25722761520981e-05,0.37375974655151367
62655,rock,0.000673940009406171,0.0005118026215374938,0.8001443147659302,0.00024385940743225365,4.0362252182510325e-05,0.6762564182281494,0.0003443352390902854,9.509645355018303e-05,0.6426578760147095,0.0002741675003267915,0.0001019993520964257,0.4329351484775543
43858,hiphop,0.0012107667516273457,-0.000438919472558319,0.7813766598701477,0.0006567182367011426,-0.00019556862796083486,0.6373507380485535,0.0004147774058228304,6.228109552466776e-05,0.47098326683044434,0.0003252002841793629,0.0001943315215904018,0.3891364634037018
73520,rock,0.0007730054991252455,0.0006058343007353084,0.8163944482803345,0.0003138870133214761,-2.2139035223336935e-05,0.7666391134262085,0.00039614429344974944,0.00010729807820998305,0.6678736805915833,0.00027657238617026877,0.00012723311988600467,0.4354504644870758
128927,hiphop,0.0010401294989852872,0.00011127437590428003,0.754692792892456,0.0007801238819555301,0.0004147904532846414,0.6272705793380737,0.0003854664228962701,8.871274022550501e-05,0.5782690048217773,0.0004190824749388926,0.00016514892028182912,0.4850820302963257
48454,pop,0.0007013319548338171,9.219085299050356e-05,0.2065126895904541,0.0003939051569725252,0.00016641140839286221,0.5089269876480103,0.0003357835244173138,6.307879853069881e-05,0.5226926207542419,0.0003286653296146092,5.1438100346340976e-05,0.2847258150577545
40134,rock,0.0005634999635584226,0.00024099040912495262,0.7387905716896057,0.0002293611681785823,-7.628267183229509e-06,0.6858339905738831,0.00027634261523722505,5.57416925695009e-05,0.6252464056015015,0.0002675744702084369,0.00011120110902281654,0.48931002616882324
108968,rock,0.0005720911264476047,0.00020173984531841606,0.7239954471588135,0.00021724117489873573,2.1910606699998558e-05,0.6600232720375061,0.00032102930240602526,1.0040417745452863e-05,0.6476868987083435,0.00021506863237672388,6.145932189249165e-05,0.42483842372894287
28477,pop,0.00031467019175897005,6.864480749764201e-05,0.7885070443153381,0.00017935700014546364,3.756512335004736e-05,0.6562210321426392,0.0002485650615698805,3.929816962169028e-05,0.544201135635376,0.00018824724048652612,3.3480657324387715e-05,0.40729275345802307
105142,rock,0.0007152830154457002,0.0002195848391046029,0.822001576423645,0.00022707695942755408,-2.3175331120301595e-06,0.6581626534461975,0.00027522968196462604,7.463915462291971e-05,0.6044656038284302,0.00045921830206395914,3.6266613789516976e-05,0.53333979845047
131021,hiphop,0.0010460476876283042,-9.42116314146535e-05,0.6647379994392395,0.0007823018886578437,0.00028437832373564567,0.6041409969329834,0.0005002572499730606,0.0002639159902416177,0.4520784616470337,0.00040987915118018137,0.00015934160728104754,0.3422017991542816
137417,rock,0.0008478041482691823,-0.00023346074266400452,0.7073763608932495,0.00030399869279568723,2.6552582796851576e-05,0.5474575161933899,0.000298770596244049,8.317332820982237e-05,0.5557587146759033,0.00021375518835171892,3.9614993659900845e-05,0.4547204077243805
67366,pop,0.0005233619505704779,-4.344007649546011e-05,0.6780794262886047,0.0003491451844872654,1.5305686853228292e-05,0.6825751066207886,0.0003056691317214336,9.949265729764736e-06,0.5610191226005554,0.0002158392803543995,5.375203458127716e-05,0.4219154417514801
141735,hiphop,0.0011118577161790821,0.0007447608623137814,0.7606836557388306,0.0005477589078760892,0.00021666530413386176,0.6069645285606384,0.00038361801328613333,9.532658850672338e-05,0.526052713394165,0.0003353362529401726,-6.122763450468541e-06,0.33072200417518616
55124,hiphop,0.0011168263896782272,0.0001823514801073678,0.7331920862197876,0.0008268722691064989,0.0005020613468521174,0.617088794708252,0.0004383411245191027,8.946880418914672e-05,0.5504112839698792,0.0004409942290129314,0.00016756810467095928,0.4888553321361542
73318,rock,0.0007092215009062541,2.2678168882139805e-05,0.7470122575759888,0.00021827900442066283,2.2979933430589128e-06,0.664568305015564,0.0003392557439062619,4.560754514127775e-05,0.6384222507476807,0.00028160302185215627,0.00016226307778662266,0.48808225989341736
54376,hiphop,0.0012922554192936531,0.0005819100410786148,0.6313404440879822,0.0007346642271149672,0.0003286752003961002,0.5985665321350098,0.0003794501632911912,8.272234010438362e-05,0.5351531505584717,0.0003676134781960148,9.534445587497068e-05,0.33872222900390625
32021,rock,0.0005902679785419571,1.4370320475111387e-05,0.6780656576156616,0.0002873631962583667,-9.927639090093199e-05,0.6675713658332825,0.0003265292135774989,-1.820420314314286e-05,0.6006987690925598,0.0002510119461423572,-1.1709462062781928e-05,0.45368170738220215
132781,pop,0.0005649285042307106,-4.2325073246463066e-05,0.7608475685119629,0.00028098271872402104,0.00014023841285587535,0.6574078798294067,0.0003122639642968156,0.000126158483939382,0.5030386447906494,0.00025118870297697525,0.00012623793950177915,0.337627649307251
11198,pop,0.0004053589037711858,-8.538060630708389e-06,0.6501109600067139,0.00023353780992682073,1.5011296581185149e-05,0.5406812429428101,0.00039610109725965985,9.66407786104459e-05,0.6648443341255188,0.00022464746754120437,7.842730356281002e-05,0.4666508734226227
135339,pop,0.0006123242193191381,0.00022714018038332283,0.46627455949783325,0.0004988161378565615,9.811307183344997e-05,0.5794895887374878,0.00036141591129418727,5.566001235902229e-05,0.5439472198486328,0.0003001394406610845,-3.628769814384107e-05,0.3834233283996582
11790,hiphop,0.0021231835977483906,0.0017372983421918952,0.6682025194168091,0.000810518118978204,-4.8318293290011696e-05,0.4035165309906006,0.0005170129801026968,0.00011305062085143924,0.310590922832489,0.00030881908178482137,-7.216531104379609e-05,0.26137277483940125
29255,pop,0.0005652110934178722,0.00024006071462032708,0.5856797695159912,0.00040632330360498706,-2.0261726753990905e-05,0.6305291056632996,0.00032776461409053106,-3.157472603656064e-05,0.6225612759590149,0.0002403305775857551,-5.9635867030461325e-06,0.33338046073913574
128482,pop,0.0004755567665795324,6.52971981872641e-05,0.7073544263839722,0.00028378531628712176,3.476733465717086e-05,0.5930227041244507,0.0002849559435232754,-1.0777812424109524e-05,0.5428236126899719,0.0002711854358378313,8.138720191488517e-05,0.3541478216648102
89178,hiphop,0.0014120617237097122,0.00043530766062716,0.7180861234664917,0.0006911813178867409,0.0001612963111142507,0.5743386149406433,0.0003714833779000834,-1.201168969007932e-05,0.5418354272842407,0.0003736944224260478,8.31159357867313e-05,0.5060434937477112
108842,hiphop,0.0010897375103664508,0.0005388468243043398,0.772324800491333,0.0011708858045503035,0.0008410611069501805,0.6448732614517212,0.00048071499614626035,0.0001999500001374671,0.5431864261627197,0.0003397514477751021,0.00014499022734240063,0.3980506956577301
108500,hiphop,0.0012777230750703362,0.00010126084239910904,0.5736486315727234,0.0008661201870831636,0.00018610123996061213,0.5897408127784729,0.0004025559794556427,1.7451329490869026e-05,0.5221335291862488,0.00041179076764820063,0.00020210220338125773,0.4235188961029053
71372,rock,0.0006848347000971255,0.0005085180871410077,0.7928921580314636,0.00026574533549209576,-8.55674514673721e-06,0.7218279838562012,0.0003691900572706719,5.28698897190405e-05,0.664873480796814,0.0004520550459762224,6.855974160545023e-05,0.5546644330024719
141164,hiphop,0.0016768746924257338,0.0011211354220891257,0.7210995554924011,0.0007229577047719038,0.0003482600308740647,0.6045833826065063,0.0004110143070023586,8.99606518852536e-05,0.4908914268016815,0.00037072284080272706,0.0001360649440867451,0.4266774356365204
129919,hiphop,0.0010894755526854815,0.0006974097959285608,0.7187034487724304,0.0010361532933547356,0.000501081705294637,0.6238077878952026,0.00044412329203337707,9.204278824191721e-05,0.5108672976493835,0.0003173622700597724,6.6030054235879e-05,0.4191840887069702
10669,rock,0.0006575577587978554,0.00028840706587636157,0.7779961824417114,0.0003088478237867176,2.078201331867646e-06,0.7539380192756653,0.0002972173480398488,8.081890140595016e-05,0.6366375684738159,0.00035970622823119105,1.6413406690359473e-05,0.5343848466873169
22093,rock,0.0004893834916516404,0.00028817956955569103,0.7610463500022888,0.00024876696487273475,5.326279156815106e-05,0.7158385515213013,0.00027738163969548256,2.702008315502158e-06,0.6461337208747864,0.0002133288181946131,5.061502614903514e-05,0.4174586832523346
130265,pop,0.00035129066776175,9.681898609009698e-05,0.7800033688545227,0.000274987899614354,9.605587923668945e-05,0.7270339727401733,0.0002802722381366307,0.00012321775852718652,0.5554143786430359,0.00023864122286832977,1.5986362745595954e-05,0.39787086844444275
149626,hiphop,0.0013061936028558208,0.0003808535701784521,0.5869892835617065,0.0008445591147952895,0.00021035270237573304,0.6351850032806396,0.0004103629630111469,0.0001247469873193327,0.530921220779419,0.0003256490893241906,2.3587284663615857e-05,0.3838843107223511
1883,rock,0.0006947181473170083,0.0004347321554692307,0.8110858798027039,0.0002532282930821639,2.9388244749894987e-05,0.697107195854187,0.00045555339074453637,1.4131488132949066e-05,0.6797720193862915,0.00042159300606880074,2.6594168143420638e-05,0.5722736716270447
9553,rock,0.000706550848751597,0.0003512415520399159,0.8262017369270325,0.0002563351181563839,6.467841691536191e-05,0.7040521502494812,0.0002751310720219152,7.724881653654093e-05,0.6201927661895752,0.00029595075727132,0.00010057357812107322,0.4966004192829132
53228,pop,0.0003279234725708013,0.00021207848714996925,0.7033108472824097,0.0003354941921907516,0.00016731174048734908,0.7354915738105774,0.0002703581571994906,2.440393561580656e-05,0.6466865539550781,0.00023391309167753298,-5.223350356056179e-05,0.4240466058254242
68601,hiphop,0.000978537383581468,0.0002878021954903609,0.7987959980964661,0.0009010474508164889,0.0004247978683941389,0.6959055066108704,0.0004058324063482166,0.00011290876301561336,0.5797808170318604,0.0004223384664884394,0.00017698945259879417,0.4968278408050537
113020,pop,0.0004334878291965882,7.707309108195837e-05,0.697019100189209,0.0003143689906476288,0.0001105851759047427,0.5699821710586548,0.0005174701796086745,0.00015772297681629021,0.35195931792259216,0.0004321436475491931,6.972968415494783e-05,0.17258475720882416
26016,hiphop,0.0007593129438213886,-2.8797050886364416e-05,0.7472427487373352,0.0008399273941471052,0.0004446018217686476,0.581375002861023,0.00044891643456763946,0.00011228993108025449,0.47761571407318115,0.00043929387377849693,0.00013661872737208455,0.42489588260650635
60736,rock,0.0006385504270756126,0.00040820272881165743,0.7923627495765686,0.0003561618282873158,-3.014422523660576e-05,0.7757821679115295,0.0004600616253247325,1.658136130922472e-05,0.7289364337921143,0.0002559947476662904,0.0001487813329188716,0.480764776468277
142553,pop,0.0003562102791526689,9.50099180239139e-06,0.7297378778457642,0.00037569699281784217,0.000220464180217117,0.6601653695106506,0.0002725880980098111,0.00013196750080203545,0.5284319519996643,0.00021747498055036955,4.156333586259796e-05,0.4117116928100586
146148,hiphop,0.0010097222335313627,0.0004217126266360505,0.6833808422088623,0.0006463497966435194,0.0001716614415838813,0.5658572912216187,0.0004008211274206597,0.00017863572549105976,0.4928728938102722,0.00034533159331168184,0.00014347683665761243,0.36140355467796326
121734,pop,0.0004913453896611131,0.0001345857301275899,0.7346810102462769,0.00045043659097191433,0.0003078407513306458,0.6940852403640747,0.0003517840961753493,0.00012853633426253232,0.4307141900062561,0.00034526400190614676,4.4788961918652836e-05,0.21334384381771088
143215,rock,0.0006428157579936311,0.00032833756046972694,0.7409206628799438,0.0002590175101453873,3.5578312812933885e-05,0.6284940242767334,0.00034045888312047857,5.074657340622013e-05,0.5222093462944031,0.0003097284416890139,3.6448871221996436e-05,0.3871327340602875
29587,hiphop,0.0013512958053445879,0.0006281420682905825,0.6214061975479126,0.0006505608835840337,4.031165294541838e-05,0.559242308139801,0.0005030804036737774,0.000208622922628528,0.40485602617263794,0.0003731035064744083,9.471226403541414e-05,0.3215638995170593
92131,pop,0.0003553688041572495,-3.0722444794573087e-07,0.7179111242294312,0.00024125060319007407,6.088578527382871e-05,0.7611150741577148,0.00030030383469793726,7.810173169867373e-06,0.5109962224960327,0.0002999011070814941,-4.154942495759583e-05,0.07299840450286865
135372,rock,0.0006685381370737931,0.00011086480987370085,0.7722300887107849,0.00028761801436546776,6.403442579841767e-05,0.6887092590332031,0.00032433716595026363,3.7284715712841976e-05,0.6750876903533936,0.0003126032032944124,-3.3473378501366544e-05,0.5068525671958923
29807,rock,0.0005603680455350535,0.00033757051037346385,0.7805138826370239,0.00027943831416290534,2.8874888188323845e-05,0.6736190319061279,0.00028380778450611487,9.44390274922402e-05,0.5656014680862427,0.00037613132009190267,-1.9645769787569184e-05,0.3682570159435272
127290,pop,0.0005257946317156481,-5.07259221195433e-05,0.7860323190689087,0.00021542957369273947,3.544132142343365e-05,0.6246696710586548,0.00025446886378405393,8.530352514941636e-05,0.5368069410324097,0.00025222103047410675,5.5922427808934536e-05,0.43809542059898376
19438,hiphop,0.0011406753497924637,-2.8690939057607334e-05,0.713265061378479,0.0006263754691318346,6.829317088431486e-05,0.6193258762359619,0.0003631284584828388,0.00014921213704427463,0.5439630746841431,0.00035447526540279776,0.00016885461117818659,0.3907851278781891
42911,pop,0.0004320697722613398,3.6881393164861495e-05,0.7021374106407166,0.00028250174165911254,-8.544682677992175e-06,0.6113072633743286,0.0003089536050883247,-8.503006467226599e-06,0.5432631969451904,0.00023899105564426613,4.517973312452283e-05,0.4162372052669525
1891,rock,0.00039233310760055095,-7.33648901577566e-05,0.7151933908462524,0.00021240319422187183,-2.635665188925329e-05,0.6773861646652222,0.00026464845033789765,-8.087634829258007e-06,0.6363784670829773,0.00021769613431287752,2.747117291515237e-05,0.3734055459499359
92129,pop,0.00044109614223424297,0.0002396809934832822,0.5847719311714172,0.0004008763356781825,0.00011545357466637707,0.7894694209098816,0.0002872844090505186,7.411771527801674e-05,0.58810955286026,0.0002586867641784461,-8.096296612653449e-05,0.2314344048500061
142091,hiphop,0.0011894084130841698,0.0006574007752813138,0.7083343863487244,0.0009957510534335163,0.00042052288188129395,0.549101710319519,0.0006224334549040167,7.881779395512379e-05,0.44199812412261963,0.00047392116336163886,0.0001896773118652851,0.32107114791870117
27802,pop,0.0003330916977061449,9.546563782674156e-05,0.7446613907814026,0.0002457896382095648,0.00011292890028798408,0.6786741614341736,0.0003701385418553696,7.680120460622192e-05,0.43715301156044006,0.00033785062492496025,5.185021516591025e-05,0.24099211394786835
129095,rock,0.000672426937931192,0.00037658258508344034,0.8041641116142273,0.0002569603332703202,4.332067184081023e-05,0.6701387166976929,0.0002869079185047113,3.616672223150375e-05,0.6055955290794373,0.0002545717011459972,0.00012668562736734435,0.40557408332824707
127276,pop,0.00043031960552952775,-0.0002670807413365228,0.7578386068344116,0.00027658833343439937,-2.7473273538944353e-05,0.5118470788002014,0.0003530976254796614,5.9464489655998154e-05,0.3054961562156677,0.0002937245707296361,-4.829263055978507e-06,0.1558857262134552
67233,hiphop,0.001312526529428082,0.0005162311321133206,0.7115477323532104,0.0005615821208277194,1.9409969183115107e-05,0.5932591557502747,0.00046689356726329484,0.00017380205784764153,0.45241257548332214,0.0004160528780001131,0.00016475027448709274,0.3155975639820099
70409,rock,0.0005534538982780279,0.0002446604085752202,0.7513457536697388,0.00032169394362078634,8.226629611624986e-05,0.5007885694503784,0.00036343818848845575,4.108500863857445e-05,0.46879562735557556,0.0003141523264028065,-3.8767121069918586e-05,0.3540399968624115
110636,rock,0.0005752317562146336,0.00033402194293328245,0.7860583066940308,0.0001890591479105197,1.0124320834647983e-05,0.6165634989738464,0.0002729292893848793,6.930449251097168e-05,0.5576047301292419,0.00022960244856466946,5.3916948664997385e-05,0.4444483816623688
43773,pop,0.0002794790041106554,3.3343983714267944e-05,0.7559150457382202,0.00024591736268398946,0.0001037554193677237,0.7299472689628601,0.00024509427559879835,9.750810703341939e-05,0.5293405055999756,0.00027514605124365644,-3.3829417144966116e-05,0.20400576293468475
69745,pop,0.0004842767675860768,0.00021687085984264248,0.756698727607727,0.0003717000559690098,0.000251076443446635,0.627837061882019,0.00021591029581293942,5.9499294166798777e-05,0.48672744631767273,0.0002765848237762346,-9.490537227382102e-05,0.06295670568943024
87490,rock,0.0006579638143053457,0.0003852387271138069,0.7345725297927856,0.0002799251368726718,6.725687438047245e-06,0.6724031567573547,0.000331182049695195,0.0001041669609633905,0.6133893728256226,0.00030798754104268664,0.0001562651117925582,0.5205175280570984
59561,rock,0.0006587066847521417,0.00034055077668324605,0.7068496942520142,0.00031745672750107536,2.9617832197570415e-05,0.6960622668266296,0.00036956671828498986,0.00010505173951853856,0.6148778796195984,0.00026772550278598506,2.4402793731050695e-05,0.48407283425331116
51267,pop,0.000519453003574899,0.00023414030688888586,0.6612374186515808,0.0003182289930561518,0.00013123877998378296,0.5646883845329285,0.0003223151791478205,8.596243646570543e-05,0.4737306833267212,0.00024438633620942296,4.8712136710582034e-05,0.39885440468788147
130170,hiphop,0.0009441629953054864,0.0003075407696933929,0.7326127290725708,0.000637788349031021,0.00033468967669861847,0.5627421736717224,0.00043535753962092307,0.00016849013839003056,0.46289417147636414,0.0003374309555490146,9.413610554477592e-05,0.35034212470054626
112735,rock,0.0006266048133878321,0.0003874223538276489,0.8194835782051086,0.0003500587860922777,-1.966374372143198e-05,0.7492368817329407,0.0003026719380488953,9.532725421571145e-05,0.6437897682189941,0.00030768249030803846,8.507043942448601e-05,0.44784823060035706
145711,pop,0.00040379481389966193,0.00014238156146996334,0.7344623804092407,0.00034445424409408897,0.00010135453901217173,0.666975200176239,0.0002942447960421207,-9.633483474302262e-06,0.5339022278785706,0.00027591035610817954,7.238227988411287e-05,0.3751661777496338
129362,pop,0.00046270320038075405,0.0002584179603146497,0.703492283821106,0.00042609958684505236,0.0003422460767730451,0.650570273399353,0.0002918350377001337,0.00010358562412229919,0.5364859104156494,0.00023815612257803114,-2.280203788941933e-05,0.30609577894210815
111375,pop,0.00046163263806194845,-0.00010988698944783826,0.771658718585968,0.00023586857267679506,7.157232344444097e-05,0.6484109163284302,0.00030235001441992647,4.969720993884263e-05,0.4945604205131531,0.00026221836693534625,0.00010804987682934333,0.3675103485584259
36988,hiphop,0.00141773838821333,0.0011191434012610912,0.7011806964874268,0.0007391170094755539,2.495863572724577e-05,0.4716539978981018,0.00037388178223319413,0.0001248864919143089,0.46824827790260315,0.000305903268286786,7.710821149544665e-05,0.33147528767585754
64365,pop,0.00034496339075890115,0.00013930055782690465,0.6875382661819458,0.000460038496224778,9.296836159071869e-05,0.554641842842102,0.0004102804276379912,6.764949573894951e-05,0.44175246357917786,0.0002505758353948031,2.4129335829423348e-05,0.37645506858825684
37416,hiphop,0.0016909066259651606,0.0008743311179285395,0.6850693821907043,0.0008403407172653116,0.0003296108940540082,0.5628980398178101,0.0005045747460219166,0.00011408540499878633,0.4583207070827484,0.0003351547821899145,6.958621212545749e-05,0.34787261486053467
120112,pop,0.0004184977735699036,-2.2327812264499868e-05,0.782005786895752,0.00031047252564802565,0.00010631291823737788,0.7263350486755371,0.0003913773383965846,-2.9145284588151242e-05,0.6676698327064514,0.0002950105792206952,2.4533090440363725e-05,0.5297462344169617
135337,pop,0.0005557200508538252,0.00025423761938023757,0.40972620248794556,0.00036934924408015544,0.0002556961062619406,0.6063913106918335,0.00038871688817194327,0.00011438399565751267,0.4164682626724243,0.00031124178098667726,-2.8327747613373273e-05,0.2669430673122406
110084,hiphop,0.00173904030652281,0.0005505989466087158,0.631487250328064,0.0010838267475958175,0.0003894041391132363,0.49868831038475037,0.0006097550998192639,0.0001195213007585802,0.41133278608322144,0.0004568414742468013,0.00021437796043790482,0.35263991355895996
145780,rock,0.0005387395164059061,0.00019665049392654234,0.674497663974762,0.0003761692116425179,1.7660902428690006e-08,0.5347968935966492,0.0004442291187284958,2.5033557401141217e-05,0.44480088353157043,0.00033280937073865597,-3.3134369538575e-05,0.370803564786911
130682,rock,0.0010035603407025529,-0.0004749077048018469,0.8073245882987976,0.00029446954200211816,-1.823538751759557e-05,0.7391870617866516,0.0003044858772165696,5.054967068582022e-05,0.658179759979248,0.00038306100752096353,1.2508938271692019e-05,0.5612603425979614
67007,pop,0.0004875646892119279,-8.070064524042797e-05,0.7913473844528198,0.00024789314827873413,0.00010808688981655962,0.6961652040481567,0.00025253679511686887,6.971309035579632e-05,0.5824033617973328,0.0002682275758993091,7.416243744054936e-05,0.3714117109775543
55285,pop,0.0005056674955216556,8.969287491324973e-05,0.7443380355834961,0.00036985194497455854,0.00014902189004022958,0.7212873101234436,0.0003205991570478733,0.00010475019477118875,0.5995966196060181,0.00032230752874805774,7.575516896604628e-05,0.5199151635169983
129093,rock,0.0007219416161780235,0.0004805740963494731,0.8206882476806641,0.00026524006707701574,1.807670022996831e-05,0.6959236264228821,0.0003108988505215363,3.940306658976406e-05,0.6013224124908447,0.00028713867540674457,0.00010014291370543896,0.42289793491363525
121317,hiphop,0.000943279794714158,-0.000443787820571373,0.7778703570365906,0.0006521384151619708,0.0002283004069410538,0.6851221323013306,0.00033200392890199134,7.121211255413623e-05,0.5545891523361206,0.0002969550172570817,8.631150647112611e-05,0.43687668442726135
95908,hiphop,0.0011695569555838503,0.0005817491639023231,0.7522438764572144,0.0006676880006591668,0.00024327684608294598,0.6673216819763184,0.0004310174905054609,0.00013368838413167162,0.5826987028121948,0.000406983184918608,0.00011039713821752344,0.5037959218025208
112734,rock,0.0008688302779356505,0.0005492908096835336,0.862237811088562,0.00024147036654036965,-6.977131010338384e-05,0.698225200176239,0.0002733159208186385,3.8190669328775766e-05,0.6192461252212524,0.0003314868058469066,0.0001416630859934001,0.5643554925918579
75747,hiphop,0.001075943250561906,-7.158943574943066e-05,0.7721288800239563,0.0008639165333863885,0.0004974470874402059,0.6358603239059448,0.000445178099512773,7.638779860011046e-05,0.5402557253837585,0.00040841252030330774,0.00017075665012025848,0.4792189598083496
125722,pop,0.000365924281945329,7.122851594631996e-05,0.7398388981819153,0.0002740370791025689,0.00011011780505548112,0.7134348750114441,0.0002614424843952917,6.616147816087825e-05,0.6025567650794983,0.00024959736897207,5.046637786693583e-05,0.3697402775287628
144940,pop,0.0004162022720294534,0.0001607821583015312,0.6900724172592163,0.0002492427470865394,8.077819095202166e-05,0.6829580068588257,0.0003271566427174988,4.8916515093437864e-05,0.6503851413726807,0.0003059715066199423,-2.98587485316404e-05,0.49813756346702576
72468,hiphop,0.0012169890206718214,0.0006258903790420156,0.7250152826309204,0.0006112908753558189,0.0001829431848761387,0.5758453607559204,0.00038272102493553615,1.7003809753889375e-05,0.46741440892219543,0.00028071969074533926,6.258084312838845e-05,0.35359081625938416
5,hiphop,0.0013259742295593125,0.000621586551657538,0.6979003548622131,0.0007695808108938218,0.0003795767801868299,0.6131068468093872,0.0004407703048924,0.00015328044255100647,0.5043343901634216,0.00034846695702943814,0.00012109193877465896,0.3873210847377777
85951,pop,0.0004079175362232346,0.00023489555025105747,0.6936520934104919,0.00031814365401785507,0.00013286062546546962,0.610724925994873,0.00028151685649109527,0.00013117642697133559,0.441446453332901,0.00025662692235121215,-4.1039142903842356e-05,0.23999375104904175
69726,rock,0.0006254772234011829,0.0004860778266630783,0.7999557256698608,0.00024555297092910823,1.1894178349114436e-05,0.7528902292251587,0.00032345414498291867,3.364499708501945e-05,0.6603750586509705,0.0002993566993862244,6.771958912867306e-05,0.49324944615364075
143218,rock,0.0005480358269798452,0.0002672081035197921,0.7066450119018555,0.0002474930075098511,2.931227453611268e-05,0.6476893424987793,0.0002376528016749585,-6.904895818358015e-05,0.5179417133331299,0.00035462034904770273,8.850683155813462e-05,0.17555870115756989
71157,hiphop,0.0011291411360260905,0.0007274549397445096,0.7440373301506042,0.0007507655482519055,0.0004194344527452015,0.6026986837387085,0.0005406252064045602,0.00020637803717077908,0.4182005822658539,0.000488459726414959,0.00020953398503925115,0.28040337562561035
55290,pop,0.0002823831508795949,4.3465604278869474e-05,0.7521568536758423,0.00026526162193498125,0.00014743879140169391,0.7121337652206421,0.0002736399393547791,0.0001441766675110305,0.5622516870498657,0.00022476658914367,-1.7962837268200502e-05,0.354832261800766
62448,pop,0.0007007226614349271,0.000240088678576722,0.4498786926269531,0.00042894142277272727,1.8477027919133747e-05,0.3659888803958893,0.0003580247340410159,8.560977244141288e-05,0.42690491676330566,0.00025446754203367443,-4.399609591918043e-05,0.4688279628753662
63043,rock,0.000642500118992012,0.00024301942731471126,0.7475054264068604,0.0002450544642677798,8.549919377551498e-05,0.6128396987915039,0.0002649875348678643,0.00012089229936879776,0.5177057385444641,0.00026727383431346223,-1.800414105429642e-06,0.33584585785865784
109355,rock,0.0007546020390011953,0.00044976239065244175,0.8160276412963867,0.0002628906406781817,1.4458178226839368e-05,0.7193626165390015,0.0003585677510319235,0.00010728536428523838,0.6502769589424133,0.000284652342465336,0.0001173254115855044,0.5095958113670349
89847,hiphop,0.0009875694495768527,-0.00019747554326698946,0.7799059152603149,0.0006576861837526371,0.00021266453970933963,0.556892991065979,0.0004086691641490159,0.00011676495326242487,0.4725673794746399,0.0003153206070365575,2.697358346163319e-05,0.3511230945587158
75752,hiphop,0.0010344573004822167,0.0006723395310231694,0.7157185673713684,0.0008496182213211705,0.0003890418446589867,0.5912339091300964,0.0005455925057186084,0.00016804683774054752,0.45656880736351013,0.00041050779792071887,0.00012475851561089338,0.3437201678752899
113513,rock,0.0006515706004718485,5.3635614264163635e-06,0.6640428304672241,0.0003544413265086727,-4.46656044235938e-06,0.7422902584075928,0.0003220810445023198,2.9832457818723123e-05,0.639652669429779,0.00023979444653587806,4.788746849162968e-05,0.4235631227493286
62748,pop,0.0004326751383097349,-6.278973902520412e-05,0.7651195526123047,0.0003107220408401057,0.00014637012493585734,0.6077890396118164,0.0003207390296828896,0.00019837430718312092,0.483955979347229,0.0002424877298046185,1.104835647950178e-06,0.3143044710159302
58334,rock,0.0005519169064105878,0.00025263098581551624,0.7282154560089111,0.0002802097421861882,1.671843202191159e-05,0.5063620805740356,0.0002939817022622815,0.00011727331442673905,0.5443430542945862,0.0002566536339612454,0.00010659930914035515,0.44839802384376526
115765,rock,0.0007077335776957128,0.0005715333783998134,0.7704946994781494,0.0002838608037005252,4.050993930629354e-05,0.6887644529342651,0.00042312333379198154,0.00011877415413358294,0.6656491756439209,0.0004273736007398196,0.00014208789252977486,0.5667275190353394
137935,rock,0.0006864614241127498,0.0003928988870415928,0.8135628700256348,0.00021985961899476935,1.01384903557461e-05,0.6439560055732727,0.0002974659197407836,0.00014461111540740146,0.5704818367958069,0.0002709610216377172,8.95897048866894e-05,0.448385089635849
39663,pop,0.00046206374997306566,-2.1829254980712533e-05,0.6564201712608337,0.00037569824797474284,0.00011869864578453181,0.6559990644454956,0.00035724855538829786,8.559256832920386e-05,0.5275135636329651,0.000252251630750028,2.7367899384747233e-05,0.355452299118042
135342,pop,0.00040856748851556544,0.00023181729497370184,0.6458926796913147,0.00036202935920075506,0.00014477378329289526,0.6267272233963013,0.00035847983421107786,3.432804517627119e-05,0.5200849771499634,0.0002997985960402241,1.3792247911762184e-05,0.2967142164707184
98557,hiphop,0.0017114147865461503,0.0011733988053686418,0.6834282279014587,0.000622238351769977,0.0001726592106540803,0.5953965187072754,0.00036240466030978746,-1.6376416483636634e-05,0.531729519367218,0.0002881507916666978,7.529346138358065e-05,0.45628130435943604
72787,hiphop,0.0016141906132466522,0.0006763333494522461,0.6860424876213074,0.0006604763880135838,0.00018799693271326356,0.617750883102417,0.00043173834723233553,0.00013357227568133734,0.4995511770248413,0.0003699599299007059,0.00010230976940907993,0.3328738212585449
44917,rock,0.000691426400335482,0.0004986293004443088,0.8133159875869751,0.000266790645470022,1.563016467862055e-05,0.7206240892410278,0.0004294241817581529,9.803008223620291e-05,0.6762292981147766,0.0002775170392660554,2.1256560042118174e-05,0.4045180380344391
71242,hiphop,0.0012562243204696343,0.0006861163304535012,0.7024232149124146,0.0009681041524079337,0.0005148238820453788,0.5626028776168823,0.0004703411739597002,3.6686249959775874e-05,0.48398032784461975,0.0003784146345406555,0.0001494551139507259,0.390491247177124
21996,pop,0.00047406742850427677,0.0003180107694443213,0.6878389716148376,0.00032326202382563786,3.779871626282128e-05,0.6315454840660095,0.0003344061948524446,5.977751143346643e-05,0.46094757318496704,0.0002484071779785176,1.8210659448649608e-05,0.33894896507263184
56273,pop,0.0004474775251751328,4.798020498886224e-06,0.753853440284729,0.0003120289453564379,0.00017887463035656527,0.6573143005371094,0.00032379673295280685,0.00010319065050537479,0.5277050733566284,0.00020659852609674137,4.8008190243215704e-05,0.4151631295681
13749,hiphop,0.0011441537007871982,-9.324618399308982e-05,0.7161131501197815,0.0010766669352609947,0.0006040907251127714,0.6315943002700806,0.0004404381185658418,0.00013180824144962965,0.5438491106033325,0.0005550472565031597,0.0002323286274257911,0.5133426189422607
52036,pop,0.0005847384820268809,0.00017852910356687125,0.6309515237808228,0.0002844301182975295,7.24009988131824e-05,0.5802587270736694,0.00031384226061761944,5.5984899663436005e-05,0.465311735868454,0.00029368011586129744,4.826303422389447e-05,0.311810702085495
26298,pop,0.0006146359571706395,-0.00030093995459963275,0.8065086603164673,0.00034520369546179317,5.778386543081604e-05,0.6578975319862366,0.00031045212967040095,7.750398537047835e-05,0.49345311522483826,0.0002939354492667901,6.615501268493458e-05,0.32625362277030945
147021,hiphop,0.001131716131983851,0.0004042950624491337,0.7304502725601196,0.0009187796457149677,0.0005390541912307423,0.598172128200531,0.0005309582815671953,0.00018397348412448002,0.44251906871795654,0.0004863481270890105,0.00020966646084124435,0.33558690547943115
111388,pop,0.00045690917991962897,4.834834154610057e-05,0.698312520980835,0.0002846184147659157,-2.3749308278732393e-06,0.597099781036377,0.00033914674293340384,4.141724826837056e-05,0.4522271752357483,0.00025050979703541623,2.8554239160495957e-05,0.36726975440979004
54039,pop,0.0004446881332870856,0.00021956471947928157,0.7325451970100403,0.0002662649691410501,1.0210570519852968e-05,0.5333073735237122,0.0003345817053730636,6.649160610733607e-05,0.4671148657798767,0.0003541287440843484,8.372488936534325e-07,0.2502973973751068
63470,rock,0.0007504720532211934,0.00045640042789879266,0.8235845565795898,0.0002901690121131853,4.2033274128881747e-05,0.7516311407089233,0.00036529616689737253,4.3987699019102934e-05,0.6927555799484253,0.0002884519934999068,0.00013009381735720255,0.4977618455886841
98550,hiphop,0.0009649673788234558,0.00025580004565801674,0.6996470093727112,0.0007304934222409631,0.00029712117818685434,0.6365019083023071,0.0003593899052067971,6.654725836841249e-05,0.5829346179962158,0.00046052653536666983,0.0001908375661997848,0.5124889016151428
6608,hiphop,0.0011417619617822617,-0.0003075777452774098,0.7627466917037964,0.000818772357893649,0.0002516864673826946,0.7117563486099243,0.0004320534828364586,-1.3647128452971558e-05,0.6021008491516113,0.00036022591888793903,0.00011974131097225449,0.4854173958301544
85592,pop,0.0003334435390515561,-8.494894172066114e-05,0.6888440251350403,0.00031140469751434336,9.049460803654402e-05,0.549460768699646,0.00038476524328855116,0.00014664524036154985,0.3859763443470001,0.00030708261947343975,-1.3093429685305756e-06,0.20005367696285248
122085,rock,0.0007256326643827193,0.0002988030101508443,0.7974192500114441,0.00022737184350752894,3.135172207352488e-05,0.6306507587432861,0.0003154149379977744,-3.0050775402157283e-05,0.5177608728408813,0.00031166872706778437,6.654553721656987e-05,0.41222330927848816
131552,rock,0.0006090525861721652,0.00045145465902374227,0.74256432056427,0.00020455856593485367,-4.698849723340226e-05,0.6426558494567871,0.0003139529193738688,7.017363629977846e-05,0.6253355145454407,0.0002785169570915681,0.00016609886960906352,0.5107799172401428
66537,rock,0.0004940704543769936,0.0001915541076569216,0.7586016654968262,0.00021507320023806398,2.3220539167863318e-05,0.7166439294815063,0.0003399558897556748,-2.7107709699242256e-06,0.6973791718482971,0.00037576073498395607,3.617544965094551e-05,0.562847375869751
98025,rock,0.0006729782684625652,0.00047031382902090746,0.7955577969551086,0.00019944126944051004,3.6520643925301924e-05,0.6741254329681396,0.00038095536421742904,0.00011227667338126967,0.6528813242912292,0.0002897945115994333,0.0001670437603374268,0.4862712621688843
55123,hiphop,0.0012701581893833414,0.0007527935372157124,0.7236009836196899,0.0010410784900451136,0.0004361781433203954,0.5720243453979492,0.0004927991969883247,0.00011628888382066965,0.5101141333580017,0.00044704104289078686,0.0001565952796455256,0.45011577010154724
129962,rock,0.0006507029518316276,0.0004405815684085379,0.8254373669624329,0.00026232599409122816,-2.9324901826954797e-05,0.7447028160095215,0.000343387590470835,2.6796588794194555e-05,0.6898258328437805,0.0003787392668881771,6.980119586847491e-05,0.5674221515655518
109468,rock,0.0005526886714950274,8.450283596939112e-05,0.7554790377616882,0.00031508170430933344,6.210307092013311e-05,0.7373523712158203,0.00036143628775736294,8.079323500074564e-05,0.6559527516365051,0.00025544019117069994,4.884490397392046e-05,0.47989559173583984
145702,pop,0.0004238718903124994,0.0002765515457026968,0.6673136949539185,0.0002395600666426592,0.00010164868060840854,0.6703041195869446,0.00024128674262325288,1.3082747461092281e-05,0.612468421459198,0.00020893878499018276,4.6385519272916974e-05,0.40574750304222107
4108,rock,0.0007145193059470145,0.0005039619413222951,0.8120948076248169,0.00036513644101294487,3.11023621444223e-05,0.784052848815918,0.0004554673906274831,4.47615323305961e-05,0.7353854179382324,0.0003638731252139585,0.00012635593578006442,0.5734481811523438
91158,pop,0.0004275862973451172,-8.900640964824014e-05,0.771997332572937,0.0001783515155479684,-5.715678106912453e-05,0.5937398672103882,0.0002651301058489214,-3.4063448125318255e-05,0.4619046151638031,0.00027231000908759943,2.1372691035616866e-05,0.26324838399887085
113021,pop,0.0004269187837699029,6.58549196280056e-05,0.6102962493896484,0.0003730777684042959,-8.065806292571962e-05,0.44138652086257935,0.0004293769407112398,8.67426844089149e-05,0.29842036962509155,0.0003671871999283898,2.0377801383075014e-05,0.15747429430484772
129970,rock,0.0005123513437167715,-1.5185212146034966e-05,0.6833576560020447,0.00026906285907135966,0.00012467585826152135,0.6028074026107788,0.00026813622670326834,3.275721180718394e-05,0.572636067867279,0.00027489113640572285,3.981719925387368e-05,0.4820258617401123
26638,rock,0.0007901495587127938,0.00015333051117643047,0.8095245361328125,0.00023248324711295788,2.8002698693763152e-05,0.5825513601303101,0.00026849265009736375,5.0066038697886426e-05,0.5279574394226074,0.00031342063756352803,9.232828913032763e-05,0.2963247299194336
149623,hiphop,0.0010666072294991836,0.0004213322576742229,0.6117408275604248,0.0009587362947630629,0.0005349981250394765,0.5817238688468933,0.00047268434748650833,0.00015116970324623557,0.4993666112422943,0.0003744528273479508,3.0425108561120177e-06,0.3209356665611267
143237,pop,0.0004064807889574418,0.0001997749219125211,0.6603737473487854,0.0002932111688750287,0.00015940852663690682,0.6364837884902954,0.0002896654710149349,2.5866312486217958e-05,0.5248109698295593,0.0002700918028297151,3.3392846769603073e-06,0.27982378005981445
55097,hiphop,0.0013097149468596747,-2.8990102672121766e-05,0.6622717976570129,0.0009112906278204824,0.0001259559346317496,0.5621757507324219,0.0006175187197651864,0.00020947956699117435,0.3707714080810547,0.0003525440685785159,6.768209540498488e-05,0.3523121774196625
4836,rock,0.0007688504882911506,0.0006223474105272575,0.7886396050453186,0.0003332124855846441,1.569981426783329e-05,0.7732831835746765,0.00045500546992567343,1.6294414742310594e-05,0.6746911406517029,0.00034301722717564737,7.84704908656994e-05,0.5412740111351013
1642,pop,0.00044027419170289406,-0.00011309880122976069,0.7206665277481079,0.000364124353852352,0.0001739156398231967,0.7227253913879395,0.00033689706822941106,8.674691327390724e-05,0.6341854333877563,0.0002912360461466851,3.4282659178730183e-05,0.5126253962516785
113530,rock,0.0006524890792448002,0.0004218833823979917,0.7989975214004517,0.0001996197047567705,-2.1525931718080483e-05,0.648255467414856,0.0002953145388272166,4.991997837167583e-05,0.6203601956367493,0.0003949012982624178,0.00015719474314699702,0.15887552499771118
71248,hiphop,0.0016792617570401624,0.0013905520834852857,0.6561430096626282,0.0006988230823079423,0.0001374730985313932,0.5807244181632996,0.0003885035181638133,7.747582556818205e-05,0.49021828174591064,0.000273645917452272,2.8965773456010927e-05,0.3879992961883545
21402,pop,0.0006228742949130339,0.0002861898858996792,0.6585180163383484,0.0004089640894839932,3.913946885040192e-05,0.4207096993923187,0.00040750920897588306,8.569804557120808e-05,0.16538213193416595,0.00030188540812697146,-6.038228625076386e-05,0.13601429760456085
3833,rock,0.0007021006534135066,0.0005003521301618963,0.7877848744392395,0.00021215027313262262,-3.2044902240929016e-05,0.6545013189315796,0.00031329624073661897,6.77863715900319e-05,0.6438498497009277,0.0002614750095932177,9.945061657318898e-05,0.4786228835582733
137567,rock,0.0005073161922622305,0.0001601650716233749,0.8094261884689331,0.000261829493583679,0.00015054947719591317,0.7460271716117859,0.0003962268562951974,-2.1323923750117478e-05,0.6896839737892151,0.00020233675691489058,3.973825200868788e-05,0.44097068905830383
58207,hiphop,0.0014666646429732921,0.0005550254709921987,0.7019094824790955,0.0007130744248650067,2.706741924083933e-05,0.6015018224716187,0.00039163912319647,2.323234430841481e-05,0.5072621703147888,0.00030463506022723866,0.00012651270681888452,0.40900400280952454
32340,pop,0.0003538531898461594,5.206421272938022e-05,0.6290082931518555,0.000372333698497368,0.0002509066959014483,0.7182945013046265,0.00030122339730588035,4.398691673597688e-05,0.6542666554450989,0.0001870976847857882,-9.312958224242033e-06,0.3784452974796295
75377,hiphop,0.0011885242555426112,0.0004752782275293521,0.7540839314460754,0.0009449687914985406,0.0001824927380887964,0.7108374834060669,0.0005017241254754836,6.951810262941706e-05,0.6156697273254395,0.0005347876153462572,0.0002230262653859528,0.5413746237754822
27550,pop,0.0004194149156598326,5.9768045102426284e-05,0.673931896686554,0.00034063582095236744,0.00010692147256656792,0.6964383721351624,0.00033113806934368176,3.569435529605661e-05,0.5026620626449585,0.000294899656383947,-1.5343394312138044e-05,0.31438466906547546
117883,rock,0.0006607921299242196,0.0004875791948645354,0.7730569839477539,0.00026919950082331947,5.934136845112126e-05,0.7115521430969238,0.00030090842217866286,0.00013959538064427734,0.5869179368019104,0.00021449190861082038,0.00012410094585859252,0.4309490919113159
107805,rock,0.0006602539848715949,0.00037366348219620705,0.785046398639679,0.00028958013611955503,-4.005437038878111e-05,0.7026209831237793,0.00029108564587443484,4.5272013708833605e-05,0.6013237237930298,0.0002858806983283154,9.191478478050629e-05,0.4867939054965973
142552,pop,0.00044117708038958757,0.00013935923185074418,0.7263728976249695,0.00046173690103257226,-0.0001552654131936615,0.5519539713859558,0.0004099219452531744,5.81489780137312e-05,0.3837251365184784,0.00036328540596161754,4.059485133001949e-05,0.2244521826505661
146713,hiphop,0.0015750693953772376,0.000826791587875686,0.7114510536193848,0.000918845127675727,0.0005056538917863395,0.5772278904914856,0.0004943091355478912,2.575698054732345e-05,0.46109554171562195,0.0004925186999772679,0.00025250093727801254,0.43992987275123596
64628,hiphop,0.001342783402844247,-6.412736845241851e-05,0.606247067451477,0.0006530702042828768,0.00020105109389202124,0.5799568295478821,0.0004431287959811825,0.0001287031416215334,0.49658575654029846,0.00047503903169154264,0.00028582060287933906,0.4299304485321045
110778,hiphop,0.0015263589873381277,0.0012096423813698464,0.7404079437255859,0.0007425480903411885,0.0003412557457442511,0.6281825304031372,0.0003905201742620315,9.72872148763368e-05,0.5437119007110596,0.00034013871109909234,0.00014541398538804668,0.4489497244358063
148287,pop,0.0003817426340816832,9.000581630247417e-06,0.7311498522758484,0.0002747381773821111,0.00014149795674767707,0.6832770109176636,0.0002505743874928032,0.00012859574966008784,0.5596618056297302,0.0001870186980908765,-8.499676176680973e-07,0.3883017599582672
112065,rock,0.0006807475608724079,0.000495341489566592,0.7885318994522095,0.0002507268821701214,-1.86509664032386e-05,0.7191241979598999,0.0004137888549972235,4.171724944433741e-05,0.6633087396621704,0.0003667207474774622,3.6378637052701786e-05,0.5119919180870056
148586,pop,0.0004718288713956298,-2.51734416245597e-06,0.7929355502128601,0.00035248031060019505,-7.96001393273571e-05,0.628118634223938,0.000331478817573313,-4.97415337276097e-07,0.4895024001598358,0.000326135914778417,0.0001273755976989528,0.3243269622325897
75928,hiphop,0.0020346871068354757,0.001430583017223297,0.628296434879303,0.0009098220125954903,-0.00011417363718045359,0.41044196486473083,0.0004732781654381346,0.00013703844198487914,0.39303168654441833,0.0003563143066107246,1.590185915412677e-05,0.3070395290851593
75750,hiphop,0.0017246035640996916,0.0012578587981832534,0.6787252426147461,0.0007703650421024943,0.00026846326432831134,0.5780011415481567,0.0004926058983993393,0.00015227833021592765,0.49042534828186035,0.00038796524757770426,0.00011584518577579274,0.379132479429245
58221,rock,0.000672303592521195,0.0004721782471453162,0.8209483027458191,0.0002632759212380847,2.4004910620964436e-05,0.7058947682380676,0.00035052032806802804,3.924938689157331e-05,0.6388722658157349,0.00034714436066113813,1.4798155667503088e-05,0.4946175813674927
3533,pop,0.0005580605297483832,0.0003430561667697507,0.6621619462966919,0.00037022011143284515,-4.323353364266702e-05,0.6236540079116821,0.0002977469443578888,6.310235510159149e-05,0.5663636326789856,0.00022781454179614507,7.150004796041293e-05,0.4209548532962799
12173,hiphop,0.001151092344037341,0.00047801564077518675,0.7120910286903381,0.0009983959821412425,0.0006582461089175817,0.5892555117607117,0.0004718789557401398,0.00020784223001658997,0.4760284125804901,0.0003765162373752101,0.0001270173833601007,0.3726281225681305
132963,hiphop,0.0010882578833895985,-0.000171302482396829,0.78659588098526,0.0008769809632528825,0.00036818105628910747,0.6037477254867554,0.0005140607094268534,0.00014767523994524856,0.43351975083351135,0.0003782018813418061,2.9521377431208338e-05,0.2821401059627533
119939,hiphop,0.0013767702488509225,0.000862116237916899,0.715973973274231,0.0008104688152024142,0.0002123931471893936,0.5996407270431519,0.00040973314246909085,2.593576767361938e-05,0.5372560024261475,0.000394164387305114,0.00015142999801936313,0.4463752210140228
127912,pop,0.00048196614264002237,-0.0001643404458424591,0.7540570497512817,0.00027542699371278475,8.681720802932759e-05,0.6869052648544312,0.00027128907328574105,6.141223032896312e-05,0.6061800122261047,0.00022069245960245135,3.569593093447875e-05,0.4151841104030609
71254,hiphop,0.0011159556264655813,0.000728061709953387,0.746740996837616,0.0006177144096795484,5.999824684503885e-05,0.6486178040504456,0.00040099464337830295,2.8424576030954273e-05,0.5819312930107117,0.00028094430197939,3.7413166002715076e-05,0.4459359645843506
11766,hiphop,0.0019161332996482817,0.0012394501510970546,0.6354982852935791,0.0006674942802718353,4.733497689664579e-05,0.5819658637046814,0.0005578284057474603,0.0001064481831170605,0.36173370480537415,0.00038384723733137985,5.193447070834969e-05,0.341703325510025
91163,pop,0.0004758033727814137,0.00020231907802523708,0.7828038334846497,0.0003770206927023428,0.0002444978735829704,0.6598261594772339,0.0002751186451458859,9.442154056751029e-05,0.5285127758979797,0.00022685678526062356,6.36318464704382e-05,0.36004114151000977
36643,pop,0.0004337984727049049,0.0002187570315495213,0.695164680480957,0.0005251713213365275,0.00011393165237844477,0.5698418617248535,0.0004773912572778727,6.206590017658442e-05,0.37514838576316833,0.00031503016051329216,1.4606493938528151e-05,0.21496407687664032
13561,hiphop,0.001012236049775117,0.00026797412080141746,0.7039276957511902,0.0008129563578284316,0.0004627635672799002,0.601672351360321,0.0005330523795594836,0.00021091034096362232,0.45174452662467957,0.0004479256934322498,0.0002044723018443303,0.38271746039390564
129098,rock,0.0006090183607422306,0.00014928733071897237,0.8068097829818726,0.0002445197855092536,3.552229136647173e-05,0.6509696245193481,0.00029727087174352907,7.886890833035398e-05,0.5829062461853027,0.0002469677970639958,6.501883120543248e-05,0.3831377923488617
10693,hiphop,0.0024441909183416932,0.0008472031796142865,0.44747644662857056,0.0008982333117994983,-1.834204772130643e-05,0.4634943902492523,0.0006127822646800776,2.2528178154267165e-05,0.3617289662361145,0.0004442509779671999,1.3993413177805386e-05,0.20357275009155273
139769,rock,0.0007401833506309075,0.0004047491695912342,0.8094484210014343,0.0002425737305967235,6.543748129372306e-05,0.6835141777992249,0.00032770224063358,8.777466355430141e-05,0.647965669631958,0.00038255793587979825,1.1187788531830575e-05,0.5012689232826233
148289,pop,0.00045960156539614496,-0.00022247683332898282,0.7662311792373657,0.00043160931304913263,-1.0306362612087782e-06,0.6142863631248474,0.0003709168474464536,5.167912313422396e-06,0.47280848026275635,0.00027263555831876906,9.974679687189466e-05,0.39525583386421204
126666,rock,0.0006332862702092435,0.0003724640914893662,0.7841285467147827,0.00029679930847301833,4.917804780603385e-06,0.6593047380447388,0.00033746209177469176,7.038156469691747e-05,0.6153433918952942,0.00029205101736298164,-2.2408389750394234e-05,0.47205063700675964
71622,rock,0.0005134949046962323,0.00036024351181977997,0.7372787594795227,0.00024395881871047478,5.758362606796755e-05,0.6367588043212891,0.00036818789605517837,-4.570739107619029e-05,0.47603684663772583,0.00026866518080809,3.030777101444727e-05,0.25363826751708984
12531,hiphop,0.0008009444889799155,-4.012932286032722e-05,0.6966296434402466,0.0009865827417074615,0.0005435510004148357,0.6376122236251831,0.00043556696641347206,0.00015489792943671922,0.5377998352050781,0.0003943492983494266,0.0001644393537373525,0.3948018550872803
