mfcc_0_mean,mfcc_0_std,mfcc_1_mean,mfcc_1_std,mfcc_2_mean,mfcc_2_std,mfcc_3_mean,mfcc_3_std,mfcc_4_mean,mfcc_4_std,mfcc_5_mean,mfcc_5_std,mfcc_6_mean,mfcc_6_std,mfcc_7_mean,mfcc_7_std,mfcc_8_mean,mfcc_8_std,mfcc_9_mean,mfcc_9_std,mfcc_10_mean,mfcc_10_std,mfcc_11_mean,mfcc_11_std,mfcc_12_mean,mfcc_12_std,mfcc_13_mean,mfcc_13_std,mfcc_14_mean,mfcc_14_std,mfcc_15_mean,mfcc_15_std,mfcc_16_mean,mfcc_16_std,mfcc_17_mean,mfcc_17_std,mfcc_18_mean,mfcc_18_std,mfcc_19_mean,mfcc_19_std,chroma_mean,chroma_std,contrast_mean,zcr_mean,zcr_std,rms_mean,rms_std,centroid_mean,bandwidth_mean,rolloff_mean,tempo,genre,filename,fault
-113.619385,50.703182,121.55302,17.19664,-19.151056,15.34861,42.345768,12.281505,-6.3711677,12.962432,18.613033,9.442965,-13.69206,8.222213,15.339378,8.310419,-12.283617,9.063802,10.973775,7.9624414,-8.32241,7.8619676,8.8067875,7.1618433,-3.665802,6.4227433,5.745939,6.3687506,-5.161711,7.058576,0.75029796,7.243213,-1.6883581,6.0468674,-0.40932855,6.4531875,-2.298869,7.4213667,1.2199471,6.8538775,0.34995052,0.297913,20.526880865533126,0.08306639113293343,0.02768996741355138,0.130192,0.053201236,1784.416545970319,2002.6571063943209,3806.4186497738488,123.046875,blues,blues.00000.wav,clean
-207.58151,88.151985,123.99715,23.667763,8.939115,23.931152,35.870758,16.274376,2.9199705,16.734621,21.518787,12.508815,-8.555368,14.176376,23.355938,11.931994,-10.101037,12.893104,11.906445,10.215605,-5.5581226,10.25786,5.375942,9.813216,-2.237833,8.0561075,4.2171254,8.554412,-6.0110474,7.2446527,0.93266803,7.4407187,-0.71702784,7.7532763,0.2923333,6.9381366,-0.2857168,7.150609,0.53214425,6.769286,0.3409451,0.3081689,20.67226372395401,0.056044256724071206,0.03805920843998772,0.095891684,0.04872404,1529.8713140945188,2038.6121427572907,3548.9868730952494,67.99958881578948,blues,blues.00001.wav,clean
-90.776344,57.61765,140.44861,22.563513,-29.10056,20.297462,31.68734,12.006151,-13.975971,12.490621,25.741686,8.629561,-13.644712,10.328758,11.623112,10.32607,-11.775921,8.104654,9.700466,8.236836,-13.115349,7.592525,5.7857637,8.037509,-8.899733,7.7766604,-1.0870236,7.598978,-9.216774,6.038823,2.4536483,6.373398,-7.721793,6.9065385,-1.8164973,7.24004,-3.4343534,6.828621,-2.2313912,5.5340967,0.3635618,0.29202268,22.191794053717814,0.07630074799245357,0.031737819011002394,0.17549369,0.052465174,1552.6377863181906,1747.382028301664,3041.0899442784926,161.4990234375,blues,blues.00002.wav,clean
-199.462,74.13483,150.09471,21.36742,5.649167,16.032692,26.870144,12.57767,1.7554405,16.367716,14.23688,11.264206,-4.8288727,12.492485,9.297849,9.009487,-0.7531419,9.610511,8.147393,8.439375,-3.1952357,10.503592,6.0853534,6.9414353,-2.4761882,7.537466,-1.0762246,7.8901334,-2.8760564,7.1865416,0.77690876,6.667608,-3.3200555,7.0878043,0.6372629,6.1116214,-0.6175069,6.1066494,-3.40694,5.6558323,0.40484834,0.3066235,21.428385815117597,0.03330894446594427,0.02056877198727728,0.14113921,0.079623215,1070.1100585189854,1596.244204184935,2185.0617872303114,63.02400914634146,blues,blues.00003.wav,clean
-160.29185,72.09816,126.19577,29.218794,-35.6025,18.267778,22.151169,13.916656,-32.48764,18.342604,10.862022,11.6102,-23.357162,9.659235,0.50052315,11.169667,-11.80477,11.401259,1.2038774,9.989755,-13.085074,8.961199,-2.8098488,9.300109,-6.935621,9.46644,-7.5592937,8.422141,-9.172152,8.704552,-4.5104084,9.274307,-5.4537363,8.679181,-0.92446774,7.3196697,-4.408076,7.9327493,-11.701834,7.4306874,0.3085982,0.29639575,21.463016625301954,0.1015001421004257,0.044198516021300496,0.0915404,0.04801099,1835.507008401494,1748.3674767249374,3581.003346162684,135.99917763157896,blues,blues.00004.wav,clean
-177.88876,85.460556,118.18953,56.54741,-17.550728,25.576313,30.753101,22.045116,-21.732107,20.820208,11.898545,16.312283,-20.73228,13.032559,3.176169,11.562216,-8.575769,13.127509,-0.9401843,10.00648,-11.773799,8.751917,-2.426076,8.860253,-9.342486,8.951683,-9.947082,6.895875,-3.9053469,7.74928,-5.568541,8.519501,-1.8399693,8.289742,-2.7841752,6.516645,-3.046112,6.311036,-8.115229,6.803858,0.30241403,0.29590878,22.544687671243373,0.09403986975135449,0.07897575479333778,0.10343772,0.063116826,1831.9900685948742,1729.4562589469804,3480.8539517523704,69.83741554054055,blues,blues.00005.wav,clean
-190.17502,98.21622,130.29242,43.98217,-36.348473,36.161358,33.02909,21.916225,11.085681,32.917904,-0.59637237,16.739882,-20.882357,12.31618,0.27711606,10.143775,-6.5008707,11.45195,-5.515623,12.389087,-7.8452897,9.358328,-3.123599,8.014027,-6.595716,8.897414,-9.947577,7.9419365,-6.5409255,9.296062,-10.07138,9.128132,-10.912119,7.5457077,-6.970003,6.1860814,-3.4485128,6.9349537,-6.498458,8.36777,0.29140565,0.3065986,23.4258528702093,0.07302790308146284,0.0436989109483751,0.1416879,0.09371678,1459.0353761872718,1388.7255154687844,2795.67476160386,71.77734375,blues,blues.00006.wav,clean
-179.42007,81.08917,136.4421,38.470413,-26.644339,24.310024,39.979595,18.792528,5.3018146,25.503872,10.921237,11.677463,-20.555347,12.794587,8.507477,12.307668,-11.35436,13.115827,-3.469098,13.3572235,-8.414114,12.151825,-6.956977,9.153007,-3.5483482,9.660816,-8.051683,7.580675,-8.960484,9.071809,-8.421077,8.395058,-10.5585985,7.213344,-10.790193,7.7794085,-4.7007947,8.0987625,-8.638816,7.505687,0.30731454,0.30471158,22.44033374468572,0.06143500266060371,0.043011742599829005,0.13174523,0.07439894,1451.8494584581745,1577.5518583197475,2955.7654602239745,92.28515625,blues,blues.00007.wav,clean
-121.387115,51.20196,122.505394,20.3649,-14.739394,18.476788,46.135292,13.921793,-8.160384,13.293729,20.17051,10.343644,-19.169321,7.594192,23.050188,8.770052,-11.82594,6.5177164,21.173412,7.644031,-6.7202907,6.9971523,7.0050187,7.4997573,-12.739911,7.8674307,5.064209,7.109595,-5.1730757,5.7297416,-1.446995,7.110611,-7.036928,5.3751597,2.6948745,6.0771265,3.4093323,5.807247,-2.6991909,6.008099,0.40899816,0.29414225,22.373432035276345,0.06402757957623839,0.02705344827055859,0.14236063,0.038767237,1719.2739373344182,2031.6873439502442,3781.5188003398316,83.35433467741936,blues,blues.00008.wav,clean
-213.20453,78.31431,115.15454,28.262222,-11.720504,25.864157,39.032555,18.730318,-20.357819,23.071657,13.089926,16.684895,-9.180815,11.249238,9.023639,8.2433195,-14.101023,10.496001,4.283337,9.617187,-6.0441957,9.212237,3.786368,10.222246,0.22368738,8.740899,-5.114481,9.242065,-0.41453698,10.200085,-1.1848985,7.702675,-1.9183391,7.647867,-2.2957964,9.120193,2.89123,8.777185,-4.234533,9.566596,0.27401426,0.30385286,21.15817625392402,0.0792153184258901,0.03710199195397739,0.08132098,0.06593492,1817.5295464146707,1973.6903092151892,3944.584480970637,80.74951171875,blues,blues.00009.wav,clean
-173.71587,90.2122,137.14024,32.895638,-23.767647,32.049587,26.99174,22.26209,-16.687662,17.024559,4.2143745,12.638329,-12.582618,12.267991,5.85456,9.082866,-2.884673,10.4207115,-1.1866813,8.099662,-1.9771539,7.44855,1.8001548,7.6134143,-3.0044112,9.680582,-1.8699358,6.3364367,-0.7962682,7.0526485,-3.0132642,7.935829,-0.43592528,7.554105,-2.00181,7.457623,-0.7466384,6.8708715,-5.0012374,6.8177133,0.30396512,0.30775395,21.087885137697246,0.06298072271671827,0.021005301234394137,0.14286481,0.09589651,1410.675357056211,1512.9717892723322,2767.5082652561437,161.4990234375,blues,blues.00010.wav,clean
-287.92355,77.045265,123.97102,31.523533,5.4561224,17.381046,33.684544,18.55079,1.0892011,21.01286,14.704721,15.348381,-4.898606,12.217013,8.6532755,13.753051,0.78279763,12.197827,6.5667357,10.686265,-4.87944,9.686741,-3.1806588,9.17844,-5.5570035,8.085729,-6.786621,7.797515,-2.6442327,7.4516063,-2.9824317,7.382002,-3.3811383,6.313457,-1.8614973,6.845003,1.8359205,6.0883555,-4.896512,5.3012223,0.36580706,0.31938475,20.797922500318005,0.04395891785990712,0.04354469611875666,0.065684564,0.050005443,1353.3291189300644,1757.331004406928,2882.31590436339,161.4990234375,blues,blues.00011.wav,clean
-207.20874,67.661995,132.79709,25.794357,-15.460706,30.592875,60.99486,18.18241,0.7102412,17.721489,12.46128,10.059373,1.1609278,10.392875,-1.5278944,10.568409,-17.901815,9.819367,8.369234,9.735622,-2.4538188,11.820317,-0.5966887,9.624632,0.36881655,9.283365,2.6052277,7.3317795,-5.193015,6.773997,-9.530149,8.32624,-9.2374,7.975776,-2.8406758,8.298301,-1.4114445,10.6103525,-5.9310284,9.567372,0.2693326,0.30644625,22.127099844933312,0.06912392064144737,0.04879831148262711,0.11902389,0.0636934,1361.1004062354928,1567.6007717770153,2739.791766187355,184.5703125,blues,blues.00012.wav,clean
-209.7822,44.38294,124.46592,23.290462,10.285805,25.728228,47.030174,12.177268,6.4823856,10.098318,15.417021,12.095588,-2.0100777,8.332418,6.735786,8.717909,-21.54862,9.820377,10.7284975,9.790461,-5.532432,9.524994,-2.202038,7.695251,-3.051727,7.2376456,8.64402,8.474669,-0.3108456,8.28486,-0.6361449,9.414431,-2.9359381,9.872068,-1.7065972,10.213806,-1.7654228,9.428778,-7.755964,10.674803,0.2647263,0.30194417,21.41602694746701,0.051417300575657895,0.03544030759515154,0.11318897,0.064741395,1324.3317542217217,1827.3844642890322,2710.3669441152283,107.666015625,blues,blues.00013.wav,clean
-305.69858,90.5473,113.041626,26.103662,12.114901,38.257935,45.039444,14.991419,17.73924,15.779799,14.59463,12.438758,4.1571283,12.554844,0.24009794,12.913715,-7.013088,9.8775425,13.649843,8.767174,8.923058,9.4865055,1.3016899,7.920795,5.9521284,8.022303,8.542282,8.720549,1.1171257,11.709361,0.5882187,8.224779,0.060077444,9.831122,-3.706519,8.102942,-1.001884,9.452686,-1.8044139,10.656262,0.32904088,0.32870594,21.617301755612154,0.045045834945820436,0.03950987106446065,0.06693625,0.05204608,1172.2763008557504,1705.8583767615453,2345.777482071159,151.99908088235293,blues,blues.00014.wav,clean
-238.53304,66.202576,120.08829,26.99122,-4.2245555,31.297773,42.310043,19.574749,5.91633,17.288061,13.914182,10.838106,5.3575773,10.939125,1.9037088,11.995671,-16.92988,9.480667,12.339311,8.733511,3.9409604,9.037074,-1.390677,7.8046145,0.014792049,7.7852073,3.5804954,9.4633465,-4.5049934,10.096966,-5.541951,8.801717,-6.8830776,9.676661,-4.8263903,8.10849,1.7385828,8.848998,-1.8840166,11.454889,0.27034655,0.30876872,21.364320963764044,0.0637176797116873,0.04406925502867672,0.080638945,0.05321031,1420.4114787701458,1730.9171016184662,2930.240614569224,103.359375,blues,blues.00015.wav,clean
-233.79489,70.44123,120.66705,23.711533,-3.1675608,34.757095,39.53927,19.91084,3.858855,16.844215,18.839672,12.497924,-3.6889172,10.01887,4.431845,10.562872,-14.975374,10.074906,17.571033,10.108127,1.8447446,10.421931,2.538607,8.149384,-1.2386857,8.067007,8.439363,8.063074,-0.20983854,7.6912823,-3.9067852,8.820778,-4.478641,9.075767,-0.01223214,9.240238,1.293265,9.145825,-2.0874293,10.037049,0.30829644,0.31676856,21.05721565810718,0.061350725014512386,0.03767737157691678,0.08141902,0.051397182,1455.0424713768052,1825.9090251785233,3009.9651324859715,198.76802884615384,blues,blues.00016.wav,clean
-245.75414,72.074905,140.48093,28.298141,-2.771439,28.210205,60.42012,18.994875,18.9254,15.329366,9.837099,9.987851,3.566577,10.89083,0.5361875,9.650059,-16.36736,11.359438,6.6298547,10.260237,7.269149,9.8356695,-4.0157304,8.446647,1.6074536,8.5421295,5.898682,8.871509,-3.017608,7.486734,-4.7748995,7.642668,-3.02707,8.104085,-1.9985331,8.059941,-0.05875907,7.929194,-3.9718897,8.046971,0.30223948,0.30567795,21.719440277000942,0.04832397083010836,0.029080134268729036,0.09325911,0.046387743,1088.7781161784517,1410.835952501535,2134.7537581027477,172.265625,blues,blues.00017.wav,clean
-252.51877,53.61874,104.93699,24.581554,15.316828,25.72705,42.673473,12.750804,6.7626176,9.637907,21.623575,10.824914,-1.3132769,8.57424,5.691933,10.023236,-16.619516,11.194995,12.161626,11.117656,-1.96795,7.221668,1.969765,8.042828,-0.8889585,6.976862,7.771046,8.456111,2.3869514,10.096329,1.7799876,9.651304,1.3449866,11.483342,3.6371133,13.482833,4.9108076,12.319188,-2.6554039,9.823951,0.2700793,0.31256855,21.71347422895002,0.056131935710139316,0.041510898956046816,0.07964064,0.054376032,1537.56091926741,2054.224165444145,3495.4621967516446,83.35433467741936,blues,blues.00018.wav,clean
-236.6889,74.70635,138.40428,23.166365,-4.923575,34.172825,47.647713,17.647171,5.152376,21.601053,8.895284,9.574511,0.48285624,9.904786,-3.801668,12.6051855,-14.974891,8.792124,10.432587,10.22606,-0.35396186,11.592767,0.78834546,8.970575,1.7829303,8.832467,4.230211,8.583075,-0.471017,7.9588156,-6.1056542,8.9880905,-5.387077,9.773833,-1.3430607,9.6274805,-3.722793,8.518503,-4.3624997,8.173014,0.2573595,0.30988023,21.481304784086948,0.05887114817143963,0.04241648363749193,0.09763429,0.050781094,1195.4133983085599,1480.9442638678338,2235.2114839819565,123.046875,blues,blues.00019.wav,clean
-230.42657,54.645504,127.100525,19.935543,7.1453543,24.487257,39.784317,13.249691,1.9449425,10.760223,17.40534,10.012037,-5.639429,8.914257,8.25213,8.327551,-18.104385,7.7455463,13.842513,8.527892,-3.760913,8.461935,2.5718594,8.635147,-4.3208055,7.9143233,6.8123913,7.8676,-6.159839,7.7892566,-6.2154546,7.0458207,-4.5115924,7.26744,-1.8506044,8.523207,-0.53948647,9.7045555,1.5043969,8.595275,0.30279943,0.30718228,20.069971284973438,0.05256015080785604,0.02481177495607362,0.07535405,0.04988359,1389.9522837601057,1911.314399268947,3005.7401580338137,135.99917763157896,blues,blues.00020.wav,clean
-264.67847,79.659164,138.85834,31.658894,11.156023,35.838104,48.538254,19.26861,14.895922,15.755782,20.584368,11.40654,3.2051423,10.956984,1.2625881,10.222084,-15.847021,9.767315,15.986576,9.229901,3.3616712,8.8989725,-1.5137409,8.480931,1.892155,8.370804,6.3119216,8.279677,-0.9948621,9.066076,-2.4167244,9.464651,-3.6847513,9.694317,0.49939734,10.922235,5.050747,10.852341,-0.7867031,12.190392,0.3211421,0.32137966,22.15017830903346,0.04793735185274768,0.04829025097065128,0.101118095,0.05685033,1046.7275070203586,1480.579161010759,1831.1222607875386,99.38401442307692,blues,blues.00021.wav,clean
-233.85751,80.59228,136.17209,30.97792,3.2713184,34.091278,48.931213,19.602709,8.685134,17.44671,13.97951,12.861816,5.3548675,10.272586,0.39087027,11.302638,-13.504575,12.309769,16.856106,9.099174,5.130938,10.696426,-2.23188,8.792097,3.9640331,8.120822,5.3183618,9.128711,0.8122656,10.052718,-1.0979141,8.963112,-4.539752,8.870395,-2.434786,10.018896,3.313449,10.920518,-0.6142795,11.975881,0.30644202,0.3130759,22.285952452738858,0.05861340218653251,0.05355133885466522,0.1134315,0.060719416,1156.2023631215006,1497.7588839195641,2170.511875211639,95.703125,blues,blues.00022.wav,clean
-227.26886,64.407616,137.7307,22.50393,-14.493466,35.303547,63.555702,14.52175,5.612641,12.356342,11.984639,9.678051,1.885552,10.130399,-1.8633765,9.341696,-7.6205554,9.878339,-2.4471745,9.883728,-2.8867247,10.20205,-9.429529,9.378918,-10.923913,10.746888,3.562558,8.305821,4.137706,8.779296,0.09554388,6.7268453,-2.972545,8.175537,-1.378875,9.086503,7.541176,9.666952,-3.037463,8.606777,0.28072098,0.30193594,21.828065781979905,0.052482675841718264,0.03298931566314875,0.101914905,0.059668284,1210.4571260262846,1498.0546093390133,2522.5430798604393,184.5703125,blues,blues.00023.wav,clean
-274.31186,76.93624,130.41371,22.375294,-6.3927994,36.63964,70.405014,17.646696,13.269141,15.1845045,9.461284,12.469622,7.7256403,11.023465,-1.2474906,12.256719,-0.5775883,9.70369,-2.3025882,8.300184,3.783147,8.762743,0.08482318,8.577574,-0.93943596,11.257425,2.2965147,7.948856,4.2883782,8.345617,-1.6618618,6.9223866,-10.444595,7.0067477,-6.7975335,6.278752,-1.066052,6.6526837,-1.5959947,9.138179,0.26310807,0.3161962,21.717050664598315,0.047297899937113,0.03285126675852585,0.08696161,0.05012074,1120.3909802285907,1447.8526250551818,2325.127606938129,103.359375,blues,blues.00024.wav,clean
-249.2894,63.097847,130.98703,18.39497,0.67739016,39.751873,66.68578,17.279259,17.897806,13.545689,4.623737,13.16553,6.5983076,9.820875,1.2490501,9.916266,1.4163893,8.703126,-1.579142,9.580453,-0.96266294,10.0616665,-3.5719957,9.229387,-2.9279816,9.29168,4.596818,7.9050574,7.478901,9.577048,-0.18313684,10.029368,-2.825327,9.348755,-2.6788447,8.793169,0.7485471,8.717638,-0.5342601,8.226057,0.29098073,0.30178323,21.023261507497566,0.05172493288022446,0.03659632145372818,0.089179605,0.055826195,1109.721378629315,1463.539070397656,2243.744765715702,92.28515625,blues,blues.00025.wav,clean
-284.69736,78.72231,108.8052,26.004622,9.088283,38.027424,51.22274,17.19745,18.091757,14.505344,7.612261,13.483986,8.779499,11.017855,2.362829,10.1540785,0.005786057,9.670384,2.250966,10.304089,4.2050996,9.183078,-3.2933176,9.884417,1.608298,8.278565,2.6657817,8.6039915,3.3244853,9.557657,3.260079,10.747012,-4.558311,11.710986,0.47801912,10.28702,5.9297876,11.854821,3.2283406,13.026428,0.27866608,0.30825248,21.957339782385755,0.051987591911764705,0.038570568194024366,0.076938555,0.07693016,1198.7544985722172,1573.085113273225,2478.8266775408765,83.35433467741936,blues,blues.00026.wav,clean
-228.25066,53.045006,130.3444,26.254774,-23.29129,30.45399,70.1721,19.922174,1.1422709,13.483706,7.6024475,12.392956,0.90993816,10.015294,1.9782512,9.411504,-6.167008,7.8687525,-9.396024,9.273236,-2.5628407,10.388402,-4.522894,7.683055,-0.26295033,8.23643,0.17933404,7.5543666,-1.5074475,8.90211,1.4652517,8.974135,-6.9718475,8.062835,-8.32218,9.584707,4.2389526,10.943594,0.98148614,11.4906435,0.2887045,0.30685824,23.021924583748703,0.07235897288602941,0.050426781842714534,0.09572528,0.04683949,1391.4439037459135,1494.8508338204404,2811.1413347462753,92.28515625,blues,blues.00027.wav,clean
-248.98674,70.45575,139.0672,19.953777,-16.2825,34.153843,57.117985,18.137451,20.192654,12.5826235,10.188038,11.546414,4.543976,11.243721,0.33127892,10.879306,-7.8779507,8.35849,-3.4479153,8.276775,-2.646489,8.910005,-2.8313823,8.167048,-0.9021666,9.771069,-2.4017205,7.4166226,2.567503,7.8919435,-5.8554444,6.8160906,-12.398049,7.473594,-7.310066,6.1257963,-0.9439507,6.974168,-2.6873753,9.312646,0.27601093,0.31440592,21.40187790875382,0.04802843217879257,0.028583845087897613,0.09958247,0.0640708,1115.541195251936,1398.5093836910733,2290.3194840847523,103.359375,blues,blues.00028.wav,clean
-233.75082,60.73033,101.178276,29.759796,17.649767,19.37721,23.733778,14.810775,2.0820332,15.089254,25.941927,11.64793,-16.958849,18.422506,15.098034,10.653247,-22.278715,9.919083,4.3951225,11.071766,-23.207405,12.938665,-6.057175,9.040496,-5.068857,8.996857,1.0673922,9.997811,-5.7853675,9.428632,-8.311131,9.17986,-11.389136,9.916581,-6.72795,9.83148,-10.025587,8.5985365,-14.032895,8.824236,0.280554,0.325054,26.456134840917116,0.05292636174535604,0.0569964788512264,0.124669306,0.069402546,1649.2877536970097,2190.2218335032335,3761.610587388738,129.19921875,blues,blues.00029.wav,clean
-206.96808,44.998665,117.792984,27.640547,23.23588,16.772326,28.297827,16.167501,-1.1239153,13.96435,18.862036,12.688659,-21.949682,14.560503,17.849985,11.72113,-25.585644,14.150613,2.1299253,10.150413,-17.794416,8.543368,-8.015903,7.771043,-17.607277,8.536092,-8.139437,9.254873,-8.648128,10.739602,-15.528326,9.264425,-15.317337,8.839042,-9.66383,9.863529,-10.0986805,7.4347506,-17.833735,9.539692,0.2631294,0.3072076,26.843508342580435,0.03937580120452786,0.030759514337925453,0.17003015,0.056516208,1378.9657764881297,2003.5852163311854,3015.0567683642125,151.99908088235293,blues,blues.00030.wav,clean
-221.83113,50.119884,110.83949,24.21455,18.616821,13.784725,30.92014,13.439664,3.295923,14.88303,22.587362,10.032215,-20.416351,17.846128,12.118737,10.704248,-26.350498,10.423561,-4.367485,10.114692,-26.413198,11.338236,-13.045098,10.370996,-12.654766,12.096415,-1.8243437,9.751993,-7.258695,10.529498,-6.661085,10.440178,-14.686605,10.160801,-11.720062,10.763693,-11.023768,10.889057,-13.388401,9.930593,0.2536384,0.31514636,27.927204310349342,0.04296723829334365,0.033113697129623997,0.1515323,0.05651747,1331.0365912698592,1973.6486462859361,2900.174129710478,151.99908088235293,blues,blues.00031.wav,clean
-288.8077,72.8932,105.89604,28.811167,18.777039,20.835323,23.71039,18.487328,5.711881,19.508598,25.549088,12.826236,-13.47376,15.107901,12.428972,11.214014,-11.942034,13.991225,1.5714257,11.506952,-15.63591,11.23659,-6.6506157,9.026455,-11.713253,10.104417,-2.9383886,10.261639,-7.3725796,9.061206,-15.697482,7.3844423,-10.9741535,7.825854,-10.8895445,6.708552,-18.505476,7.477589,-19.103352,8.683188,0.2762682,0.3120812,26.98588431192438,0.03939318583107585,0.05621806192176271,0.101156905,0.062732466,1309.6646971460598,1883.0626115012458,2765.658276442773,143.5546875,blues,blues.00032.wav,clean
-239.03807,56.806374,108.6572,28.653454,34.15189,16.713604,30.23917,17.37024,-0.47574344,15.392647,27.292637,11.857561,-21.379398,16.936935,14.150509,11.793535,-24.510178,10.839341,-1.8840464,13.388098,-28.050291,11.275903,-11.25665,9.364659,-16.47693,9.511206,-7.637184,8.889134,-12.799123,7.9621215,-15.357241,9.055611,-13.729804,11.879879,-7.3977785,8.2939415,-10.089319,8.393451,-13.291538,9.376072,0.26082012,0.30798844,27.16162335947027,0.04196988982681889,0.0379496553493765,0.13312429,0.047443505,1430.5981944868497,2075.6524158312604,3246.7553673144835,151.99908088235293,blues,blues.00033.wav,clean
-217.23868,59.990208,105.792366,23.115158,15.617069,18.933636,25.256382,14.815605,-1.4402745,14.700709,30.18982,10.843642,-17.71522,14.958717,17.318172,11.252166,-27.209528,10.59742,4.339167,13.319506,-20.059492,10.741461,-10.695944,8.423242,-14.220667,10.2477865,-5.1562176,9.113313,-3.4732654,10.062026,-6.189413,8.158462,-15.326929,10.775943,-6.845921,9.668399,-9.82767,9.530916,-13.943093,9.638111,0.2621187,0.31472528,26.879584651572642,0.04570040392801858,0.026297618383381533,0.13591798,0.05681256,1536.731077893079,2157.058611724372,3600.91989239672,184.5703125,blues,blues.00034.wav,clean
-171.8102,44.066055,120.280624,26.339233,15.3275385,16.410706,21.09045,12.1079235,-5.4192963,13.230188,24.189465,10.922334,-24.138222,12.067551,18.551981,10.033207,-22.348904,11.810193,1.3031778,10.757241,-20.763931,8.2519865,-4.988852,9.02465,-17.118927,9.299758,-7.886534,7.933983,-15.308929,6.5858765,-9.351313,7.037621,-8.913866,6.555442,-8.52509,7.5642586,-14.333636,7.5584908,-19.933725,6.9754405,0.28824988,0.31074446,26.880773605750104,0.045430186363196595,0.0239646253594904,0.17330876,0.057787284,1507.1047288496138,2096.717628469332,3405.4127412683824,129.19921875,blues,blues.00035.wav,clean
-200.19609,53.639206,116.34013,22.017796,18.00621,14.098095,25.313562,17.055521,0.29173434,13.399639,24.192476,9.99952,-22.255909,17.523314,11.186425,9.751172,-26.84873,9.858025,-7.6384597,10.522113,-24.889929,11.091403,-12.015525,9.940616,-17.017956,8.813387,-8.120277,9.186008,-11.956443,8.930819,-12.609149,9.784341,-14.181589,9.709867,-8.206693,9.467732,-15.028046,8.095962,-10.327059,9.702635,0.23319606,0.3080232,27.36269509900467,0.03690378289473684,0.01867459484688581,0.19774859,0.06866755,1247.4080160193948,1907.7056718339716,2621.5758143563758,151.99908088235293,blues,blues.00036.wav,clean
-328.68088,86.36875,102.71113,25.157715,19.895552,26.520039,26.732681,13.050382,7.151481,15.905884,22.704802,15.76667,-6.9743266,14.4408,12.781994,12.450975,-10.725781,12.59991,-0.433661,9.147376,-12.373165,10.48921,-8.907054,10.537226,-9.2401085,11.236177,-9.106373,11.556875,-9.001113,13.733203,-7.6363454,13.930095,-7.1891537,12.578861,-9.366816,13.279711,-4.469685,11.937344,-3.6831248,13.265839,0.24868348,0.3130549,26.610892556474678,0.04816032858455882,0.03568096538436703,0.069129966,0.047238857,1188.101159113292,1682.707390375276,2339.3941873367357,123.046875,blues,blues.00037.wav,clean
-192.69382,56.739044,111.18816,27.56909,21.37331,17.26737,26.392143,15.827249,-0.6483752,13.802647,23.48088,13.05793,-25.470797,10.971771,16.924429,11.921765,-16.979984,13.807708,5.79015,9.874645,-25.725246,9.267196,-5.0453525,8.560281,-17.632244,9.009292,-7.9208665,7.599789,-15.150279,9.779815,-12.345927,8.140284,-17.235107,8.47281,-7.7819333,8.196814,-13.04201,8.71113,-17.948874,7.6850114,0.2658965,0.3115458,27.193348898650097,0.044378038530379256,0.04489877912957517,0.1680856,0.062646054,1513.5200525685516,2140.702823776187,3449.8458059210525,86.1328125,blues,blues.00038.wav,clean
-301.70715,71.19023,111.53472,24.375229,21.896408,17.374683,16.14818,15.562968,8.19624,16.855888,22.085073,11.763415,-8.614954,16.760614,1.4815574,11.000077,-17.084373,10.639835,-8.345809,10.656774,-17.013063,10.321919,-10.57562,9.448168,-15.689096,8.853007,-12.605565,9.092191,-12.253903,9.54308,-14.553243,12.045948,-10.102509,11.945543,-5.7855344,8.875916,-7.775144,9.422666,-7.1861954,11.727061,0.25535825,0.31169152,26.36476116160492,0.03533878857875387,0.03076238592057611,0.08583747,0.05129097,1151.3780299215694,1709.3165900923611,2312.5276831281444,117.45383522727273,blues,blues.00039.wav,clean
-110.284325,35.878113,90.705605,15.167055,-2.528311,15.0864725,74.052734,10.682729,-11.746768,10.651399,39.214577,8.131296,-13.1743,9.294344,20.531588,7.0995426,-17.167608,6.857616,12.827254,9.664527,-21.434446,6.412121,5.9521317,7.007523,-8.032604,6.8647223,4.243276,6.7987924,-16.482641,5.825399,6.545287,5.9532557,-5.693636,6.292524,-3.6378524,6.023805,-4.857603,6.9476113,1.8532672,6.785187,0.39779356,0.2836914,21.299273914180517,0.09765700585332818,0.03718772697787366,0.13483502,0.027908027,2272.5176192636222,2356.8453843678926,5108.277444278493,172.265625,blues,blues.00040.wav,clean
-107.18975,37.677284,88.47058,19.470879,-4.1777873,18.012087,55.48549,11.380266,-8.01038,10.343913,38.416542,8.398808,-6.402575,9.457869,28.576523,9.260255,-19.820787,7.4055104,13.252739,11.172143,-19.239794,8.289798,12.076225,7.239753,-4.583088,7.5390935,3.789716,6.886679,-16.9937,6.371404,11.62496,6.272177,-7.362244,6.5991173,-3.657815,8.045523,-7.1791234,7.5075345,1.9747294,6.813668,0.38709417,0.29230303,21.788941046826455,0.10228887504837461,0.03994803263481814,0.12912002,0.029550284,2390.7715766040606,2463.374815737767,5403.758990875339,129.19921875,blues,blues.00041.wav,clean
-159.56772,49.402905,69.78482,15.499966,-4.3918796,22.704235,76.851135,10.563347,3.9159083,10.905474,45.167534,6.404392,-4.867353,7.6270676,32.200516,6.715542,-9.796341,8.270694,7.8125114,8.185381,-21.826967,8.5084715,9.682441,6.372847,-2.5915892,8.91886,3.3045378,8.886941,-14.970442,8.193774,10.23226,9.053178,-4.08953,8.207473,-5.850758,9.7992735,-2.4700005,12.817007,6.6611314,10.446841,0.37768537,0.30410427,23.417019150885185,0.09786448759191177,0.04272208046263614,0.11095126,0.022970853,2302.0756478879343,2367.7204426147664,5188.535292303599,89.10290948275862,blues,blues.00042.wav,clean
-109.195,46.979744,100.62705,15.189344,-8.620549,19.571428,47.364216,9.1129265,-6.559237,9.474176,39.620792,9.614017,-8.523994,9.541743,29.564737,6.400323,-16.583515,7.653522,13.170685,10.657838,-24.20932,6.421553,6.5919027,7.937022,-8.641899,6.5860963,4.917566,6.2334113,-15.442783,6.21961,1.5376118,6.2093296,-6.739273,6.686439,1.4151819,8.71334,-3.9658139,6.364548,3.2878773,8.257393,0.39904937,0.29180503,20.795642455456925,0.08716538373161764,0.03500117514815884,0.12724723,0.036236584,2155.6312958781195,2372.2914028592495,5011.978026587896,129.19921875,blues,blues.00043.wav,clean
-109.53234,28.748568,86.9265,15.097681,-8.6249895,16.685371,64.4895,9.073115,-6.306035,7.424357,43.64582,6.232555,-8.293104,7.187097,28.546427,7.410312,-14.081592,8.81322,8.136635,9.246449,-21.490427,8.340618,11.0866165,9.750324,-5.094468,9.564591,3.978772,8.298535,-12.864777,7.267036,12.342427,7.829472,0.020585524,8.559997,-0.73923826,7.5042186,-5.130451,9.798366,3.3071315,9.623665,0.39016005,0.29374433,21.730343721527653,0.09257049088138544,0.030007162506780354,0.136178,0.021601217,2279.2655430324075,2375.0847954510323,5198.476898854731,135.99917763157896,blues,blues.00044.wav,clean
-163.24313,25.894104,89.78488,14.411772,12.977459,11.619854,80.69249,6.583356,3.666775,5.7342224,39.74513,6.231464,-5.4003787,6.629444,26.49867,5.619318,-13.163736,6.1616793,2.7070134,5.993094,-20.552906,6.2388144,6.0071893,6.1441875,-2.9081326,7.0898404,-0.43483514,5.65596,-17.545372,6.2337303,4.154168,5.653897,-5.9900985,6.005536,-7.8620358,5.65389,-8.565295,5.641363,1.8571713,6.544448,0.42972082,0.30002385,21.931940377260165,0.048051863631965945,0.016320103242275348,0.14830446,0.026622588,1739.0461604116053,2290.4006079788996,4551.180812965606,129.19921875,blues,blues.00045.wav,clean
-182.66501,47.64554,90.68653,21.247242,14.118146,16.351315,67.55459,13.175603,2.6876106,10.841653,38.431614,8.112804,-8.420627,12.129936,24.123554,8.499423,-13.787512,7.7365427,4.8449693,7.6656685,-16.676622,6.6674166,5.823079,6.515848,-5.1492887,7.040258,0.19378847,5.995513,-14.486603,6.341234,6.864802,5.52321,-4.4448314,6.3371925,-2.9868774,5.11617,-4.8211694,5.9737935,5.399324,6.859735,0.38791007,0.30845582,21.420789605244117,0.05842595056114551,0.030114251431500618,0.1025371,0.030762052,1912.443629773089,2361.3904727614045,4776.687782689145,123.046875,blues,blues.00046.wav,clean
-149.97588,33.248043,93.640755,13.94058,6.336244,13.134135,71.51115,9.87239,-8.113178,9.827999,36.21202,6.243899,-9.784973,7.15745,17.641598,8.127805,-21.119005,7.441288,-0.12590314,8.030063,-22.20099,6.3848066,5.435663,5.9211693,-7.4677796,6.4879336,-4.3329644,6.3761435,-12.409764,5.592808,9.624794,6.8175635,-5.02424,6.1832814,-3.7063131,6.7732773,2.3359404,7.3213186,4.162244,6.601189,0.33643752,0.29349783,22.393058828482538,0.07534497145897832,0.02898383071360161,0.11219596,0.022986155,2013.364449506875,2310.2563469278575,4849.570675309597,151.99908088235293,blues,blues.00047.wav,clean
-106.34815,38.921463,102.64147,16.337152,-20.172258,19.25697,59.375206,11.132086,-9.9672785,11.407001,33.70612,7.7215395,-14.182175,10.855754,23.516735,9.680226,-13.329083,7.878339,16.026072,8.864678,-18.923178,7.872163,7.8317676,8.304168,-7.8003836,7.1171713,4.0504375,7.3347325,-11.348732,6.1036744,2.0717623,6.854511,-5.7422743,5.674427,0.46529797,8.110832,-1.9167938,8.079482,-3.1317527,6.8274665,0.37941048,0.28906304,21.606794963912847,0.09881232766544118,0.03616616794604211,0.12392563,0.030320479,2148.7498193351744,2204.352412916655,4673.621739248742,123.046875,blues,blues.00048.wav,clean
-255.97383,56.268208,110.82752,25.847937,21.460571,18.763063,67.588135,14.287945,4.288312,14.052719,43.11846,9.076972,-4.508348,8.623626,10.442597,8.7017565,-8.718592,10.130153,1.6548898,8.96156,-20.58779,8.327671,-2.430674,7.7540817,-7.144061,8.128005,-11.172763,7.7128367,-12.612457,6.5505133,2.7417226,7.133616,-8.942421,7.7246294,-7.9461575,7.6939955,-2.3538346,8.3893175,-0.7147955,9.092851,0.27759212,0.30117625,22.55166957744498,0.03997292533378483,0.027574162439430464,0.08856345,0.02138667,1318.6237037811231,1904.407867651937,3046.8565760751258,123.046875,blues,blues.00049.wav,clean
-83.00168,50.086,107.06744,17.731565,-25.32368,18.459555,57.122074,14.294721,0.08129873,11.751493,34.708904,8.546209,-11.047215,10.087645,20.53328,7.2216797,-11.220151,7.803848,14.839782,7.6935725,-10.229966,6.6168017,12.542857,7.102965,-9.772627,6.7176075,2.560521,6.720517,-6.298749,6.825884,3.0084887,5.8169093,-8.717001,6.22794,-0.32524627,7.5466413,-2.9847345,6.5135,0.714617,7.454405,0.40090895,0.29942083,21.13298109773592,0.08580598152089783,0.034928695269452505,0.18233933,0.06304518,1945.6207939267476,2082.1764771287803,4175.766416378435,135.99917763157896,blues,blues.00050.wav,clean
-55.59663,31.829872,114.95122,17.848873,-37.06935,14.322847,64.90438,8.300191,-7.164943,9.678401,15.254703,10.725654,-16.23533,9.887148,18.643576,8.827359,-9.752286,8.275676,21.46539,8.566148,-5.6520977,8.486259,12.78424,9.965743,-16.537031,7.4745545,3.797079,7.361072,-7.8952427,7.6017656,8.47764,7.505052,-4.067899,6.8635826,3.2060177,7.084124,-5.1801424,7.3961473,-1.2800463,7.6160393,0.39371133,0.29194692,21.5504715583736,0.1066270952254257,0.030753901057487897,0.19665055,0.041328505,1977.1089040094187,1927.4390139416107,3942.8761579672987,99.38401442307692,blues,blues.00051.wav,clean
-225.30031,88.708855,117.64152,25.920029,-14.544607,28.568796,64.80238,13.206562,12.931657,17.741417,19.029236,15.860204,10.688534,14.028731,9.883124,10.623294,-2.382837,10.08331,11.688008,8.108186,1.5453439,7.890538,3.049367,7.705474,-7.628483,7.394865,-8.961092,9.345339,-4.3512707,7.1590085,-0.06528475,6.9420276,-2.5532408,6.8312407,-3.436927,9.5627365,-3.8674521,9.723206,1.3170226,9.079399,0.33906072,0.30907637,22.66217283362111,0.06719384916795666,0.055548805665320465,0.098878264,0.05475379,1443.2688618053005,1670.239575048377,3069.306440323868,151.99908088235293,blues,blues.00052.wav,clean
-76.75777,53.91492,105.77048,20.797628,-43.208836,19.769321,60.950108,20.19015,-8.791272,14.2785225,21.246782,11.005672,-12.877674,12.86428,18.621216,12.1974535,-11.3991165,7.5521464,14.5500555,8.861442,-6.057422,8.304399,12.74034,8.029878,-9.374367,7.406716,1.3606244,8.014502,-3.6204464,7.55769,7.0045776,6.6829615,-4.0630016,7.7833443,-0.26885948,7.253204,-3.704941,7.387239,-0.4966115,7.5396895,0.4124909,0.29299837,21.655615891225885,0.13280229598006965,0.04846691288105842,0.16826628,0.060638655,2171.1586190945404,1954.1375650548998,4237.0993788397345,103.359375,blues,blues.00053.wav,clean
-58.0011,41.790462,109.01412,21.27297,-36.218388,17.445034,64.04035,12.273864,1.4301585,13.40582,26.315119,9.352259,-17.48268,12.2768545,20.431017,7.7694035,-9.54307,7.6444077,18.177134,7.9606586,-6.0571427,7.8374734,13.878271,7.9798007,-11.297563,6.535388,4.6689973,7.6937366,-6.4106007,6.1571574,3.2177236,6.511033,-8.079231,5.7835207,-1.7114862,6.5795527,-5.4247646,5.931164,-2.5814142,6.1998897,0.45287564,0.28184465,20.88016669046904,0.10338599615421827,0.04376583803985729,0.20081738,0.05973566,2030.3725287964605,1987.0908589175308,4062.6921001233554,89.10290948275862,blues,blues.00054.wav,clean
-98.69757,57.74339,104.80118,18.436836,-35.10867,18.689377,60.695045,16.873322,-2.8393273,12.452478,22.231003,11.219764,-7.8374567,10.403761,19.030722,10.220307,-11.578803,7.167099,17.021759,10.253882,-5.3873515,7.6049805,12.199111,8.244773,-9.960819,7.6273026,0.35878783,7.4434967,-4.2613454,6.5871425,6.137923,6.65705,-4.83024,7.547618,1.4995236,6.596515,-1.4942471,8.363634,3.5056384,6.352401,0.4328375,0.29615262,21.231072540871544,0.11316673822078173,0.05027458263338556,0.15775262,0.06557126,2032.1200141615245,1976.2784101797834,4023.509003724845,135.99917763157896,blues,blues.00055.wav,clean
-145.42918,68.025696,102.859566,23.049591,-12.542131,18.82324,56.96205,16.705215,2.247263,16.146055,26.607046,13.806885,-4.2670345,13.823071,17.337631,10.403022,-7.9970355,8.964413,15.232125,9.082201,-6.937478,6.943203,7.4603834,10.203325,-10.468326,7.057501,-2.3522398,9.615319,-6.7850842,8.86023,2.6685793,6.8253164,-4.7798715,8.550663,-0.9447567,7.932606,0.030942699,9.545175,-2.0021634,7.300286,0.39237875,0.30013788,23.365135527342037,0.07547951335139319,0.041213635699253966,0.13766219,0.057110447,1810.9603368829592,2052.0430152756703,3927.2429191660217,161.4990234375,blues,blues.00056.wav,clean
-92.76854,55.972378,115.340775,22.854706,-35.060043,20.218718,57.853596,18.190096,1.8453195,17.37288,26.61206,12.355355,-14.544862,12.20724,22.132044,10.488263,-8.207086,8.489207,11.007707,10.186833,-5.6440945,8.931248,7.2728615,8.384762,-10.202147,7.5254083,1.3271272,8.203899,-4.106722,8.319855,0.97495973,6.9353275,-6.550568,5.9767327,-0.6835875,6.8008995,-2.1250021,6.894757,-1.5218054,7.076435,0.42432162,0.2918337,21.25193950498706,0.08992387045278638,0.03919053771719102,0.17587894,0.05973548,1886.7057062552585,1913.2319286636484,3828.0685188600523,92.28515625,blues,blues.00057.wav,clean
-95.45586,56.730705,105.22937,24.767412,-26.962673,19.399773,60.836983,10.807546,-4.847295,12.35181,21.54521,12.959323,-13.523774,10.89971,12.135236,10.16805,-20.232872,9.508672,12.151344,9.26716,-5.229753,8.556035,10.264026,7.878365,-9.45371,8.147224,3.8617477,8.203078,-10.19307,7.700232,3.5858996,7.2842464,-3.0982797,6.9531717,0.20068105,7.616842,0.8410299,8.135456,-3.420522,7.7942452,0.35666835,0.29598475,22.21574491939028,0.10437162889415634,0.04393353270571209,0.16195586,0.06921854,2068.3276532886216,2033.7527183133282,4231.51607926785,107.666015625,blues,blues.00058.wav,clean
-86.25098,50.78418,91.9421,17.92661,-23.4035,15.449378,68.2495,11.966831,-3.8901277,15.1101055,22.74218,12.817476,-9.895618,11.2094555,16.891766,8.376993,-11.393833,7.744341,18.429016,8.578916,-7.011848,6.4322996,10.766728,7.4396086,-11.93729,7.6532483,1.0025737,6.5494046,-5.922303,7.3092823,5.314186,6.3472204,-6.139845,6.922502,1.9491451,7.581248,-5.0979905,7.3446956,-0.6654878,6.3077693,0.40606847,0.29155996,21.906783573849367,0.14228825524864552,0.06490177105601948,0.16994148,0.06523968,2235.9219734301396,2100.0368055794934,4390.048453977603,107.666015625,blues,blues.00059.wav,clean
-67.805534,40.13649,111.709366,17.547247,-34.657303,14.935414,61.34179,15.109496,0.045181274,13.24554,30.571093,10.644033,-12.704326,10.468065,21.166828,9.5824995,-13.13489,7.4559345,16.2878,8.569169,-6.343271,6.169791,12.295478,7.082756,-12.483006,6.3551407,1.6834177,6.392707,-5.147794,6.076106,4.646902,6.2793603,-6.9180565,5.762555,1.048274,6.8279724,-4.7390194,7.484346,-0.6583495,7.0865607,0.43093035,0.28353265,20.970017310525563,0.09745368130804953,0.03737641302462226,0.19614176,0.05874354,1946.5344115984576,1979.7546736384302,3955.776079963235,151.99908088235293,blues,blues.00060.wav,clean
-82.485886,32.275726,94.17034,14.43215,-27.139208,12.876875,75.66252,7.440472,-27.529984,8.232283,35.589035,6.5060573,-20.298964,7.0223374,25.12132,7.393479,-15.379854,6.909714,11.346788,7.514196,-13.402289,7.407375,8.153384,7.07759,-8.504351,8.042338,8.285465,8.527643,-10.359801,8.486935,-3.460236,7.0808654,-5.226153,5.746103,-2.5910985,6.1804204,-8.365252,8.523694,-6.978115,5.990988,0.45192987,0.27519917,22.275583001148554,0.16758439858262383,0.05048480330342755,0.14170721,0.024906576,2503.952796432079,2180.283243535687,5077.135965920085,129.19921875,blues,blues.00061.wav,clean
-144.99365,42.683697,95.742805,26.677668,-21.61032,20.495413,49.62971,13.649543,-29.898346,16.374376,29.358599,12.086357,-18.849941,15.779714,17.890139,9.581666,-9.674273,10.388694,5.513567,8.794596,-9.5545635,8.613421,6.3690124,10.402982,-21.091816,8.889981,2.4598293,9.511781,-9.537456,8.414479,-1.415343,8.90213,-9.326942,9.518553,5.140728,14.844091,-8.113004,10.138572,-2.4492147,10.469564,0.31181914,0.30441803,23.60531314568975,0.11714895148026316,0.061511483579146375,0.10619286,0.029403226,2279.808618295741,2119.6717332041376,4732.271384602361,112.34714673913044,blues,blues.00062.wav,clean
-129.11397,45.12903,72.11977,20.64157,-7.765846,24.3766,49.26091,11.918691,-32.721973,10.362789,21.608433,8.862956,-27.37464,13.717813,15.002842,7.259599,-10.258776,11.020269,12.437438,7.2050767,-17.034569,7.5667787,7.118173,8.279775,-18.020405,8.136256,2.9276602,6.847246,-14.486264,8.35447,4.0620627,7.534234,-14.537421,8.168277,7.2582917,8.994842,-8.20802,9.0225115,-1.998106,8.768538,0.33039847,0.29986823,23.107807251004985,0.15435583155959753,0.05536551395836385,0.096282795,0.04163391,2839.267572265232,2443.9434801361367,5710.907133592541,92.28515625,blues,blues.00063.wav,clean
-85.17353,29.802998,88.81205,13.120525,-16.331642,13.800973,59.223236,11.406731,-35.993603,8.837474,14.391535,6.4052744,-22.306257,7.155024,9.651897,7.3110046,-14.823916,6.7260404,11.181605,6.761967,-14.808832,6.493383,8.478196,6.045524,-19.59089,6.1495347,6.4134293,6.496256,-13.782541,6.361636,6.1157637,6.242176,-13.154796,6.6578183,3.934137,6.9293985,-7.6171,6.5820627,3.7527044,6.3992395,0.33248457,0.28353792,22.136256465756787,0.14685171971749225,0.03254157297223645,0.11736054,0.023370555,2553.2225631938227,2280.0794070335032,5148.04387048302,78.30255681818181,blues,blues.00064.wav,clean
-118.37033,34.392296,74.86732,24.618467,-19.869467,18.496996,46.947586,11.24722,-32.569054,11.349248,23.835136,9.156273,-26.374111,12.564976,17.692514,7.4685826,-13.826244,8.638019,11.946739,8.283414,-17.88878,7.8866673,7.555983,8.182704,-22.900585,6.789591,4.7644167,7.966542,-12.797208,8.7267885,5.6202664,7.610267,-14.7387495,9.50012,6.6824026,10.130565,-9.169973,11.659667,-2.2361934,10.045778,0.2926959,0.29655102,22.77632927729725,0.14631846519446595,0.05052950067317384,0.10030478,0.029393932,2816.7459196931127,2372.144439490832,5614.507716506628,107.666015625,blues,blues.00065.wav,clean
-116.546364,39.871937,97.444626,22.476055,-13.895614,17.079191,48.974857,12.439756,-22.594566,12.745575,27.76544,8.904487,-20.240068,13.646211,18.63935,8.125933,-14.6516695,8.596005,8.481435,7.1695347,-16.655897,8.360844,11.001678,9.096074,-13.869425,8.63258,9.742047,8.724988,-5.09433,8.708261,2.6373723,8.957879,-9.890765,7.4528055,6.1601152,9.998928,-7.6891356,9.512688,-4.851008,8.719205,0.3748415,0.2979861,22.520711716180227,0.1217751517753483,0.06325598886261481,0.11046952,0.02652226,2340.3362115325717,2256.322435520963,4972.26993336397,161.4990234375,blues,blues.00066.wav,clean
-95.46325,30.58796,101.38038,19.127058,-20.697004,18.622171,48.66807,13.27899,-30.27181,11.826027,20.812761,9.246248,-18.313583,15.521367,14.14687,7.890979,-12.79889,8.929351,13.44428,7.5193987,-14.0782,10.285284,7.732656,8.544687,-19.232273,7.694887,2.8622494,6.969721,-9.816176,7.894701,6.917915,8.140315,-11.309343,8.734514,8.943027,8.041785,-2.960888,7.747421,-0.97386485,7.775986,0.33793774,0.293836,22.469715961851946,0.11276500217685759,0.04127225714341651,0.12903935,0.023658618,2258.530501284298,2175.883804208782,4755.35457835478,161.4990234375,blues,blues.00067.wav,clean
-121.42954,34.363224,96.12303,20.879114,-19.616804,16.482618,48.020565,11.434186,-38.80819,14.125262,24.758066,10.168196,-32.945824,11.49897,8.104195,10.06319,-17.81152,8.302625,6.113285,8.609018,-19.998335,6.5518837,6.7939243,8.016491,-19.340662,9.341377,-0.10921188,8.141939,-12.248765,7.791221,-4.92023,7.7574725,-10.407991,7.68795,-2.0489688,10.741832,-1.765213,10.239141,-3.9528494,8.785823,0.29198298,0.29456645,23.29437369309947,0.12514096664570434,0.05004558396192482,0.11654019,0.031051956,2370.9632922676196,2209.514583707105,5004.08640764077,78.30255681818181,blues,blues.00069.wav,clean
-133.0444,44.086506,105.72737,28.292496,-22.146265,17.777912,41.81865,11.98628,-26.996668,12.452715,19.124523,9.394031,-26.56932,14.962376,19.24604,9.735196,-15.334524,9.586288,6.9896555,8.522209,-10.818551,9.9478035,6.7937427,8.349661,-11.729829,8.448084,4.40094,8.108913,-6.044507,7.9421787,1.9662838,8.41255,-12.326304,9.642855,3.2550435,8.037016,-8.811428,8.030591,-3.3753583,8.450787,0.3226874,0.30322897,22.62931797521101,0.0983489895752709,0.04178806022625173,0.10612649,0.033264417,2159.5483196611644,2130.34934530605,4685.038336880805,143.5546875,blues,blues.00070.wav,clean
-89.391495,26.365196,93.78778,13.877611,-14.57109,11.565832,54.391533,9.965017,-33.51502,8.034672,19.421158,6.4575763,-19.763674,6.8561482,13.022463,6.7869925,-13.869494,7.241164,14.611718,7.178809,-14.970264,7.7590847,10.589299,5.9476805,-18.023413,5.8660297,6.658279,7.423386,-10.205867,7.3675923,6.529359,6.306222,-10.848846,6.0370913,3.3216321,6.4182057,-6.1875305,6.520218,2.9994206,6.343981,0.30524948,0.28297463,22.575953555769637,0.13468663832720587,0.03778011820899467,0.12049466,0.018094737,2429.3359591758503,2286.6949825737374,5065.152705047891,73.828125,blues,blues.00071.wav,clean
-118.68192,27.544687,87.62362,17.512915,6.558794,15.7531,45.098045,9.346288,-38.915707,8.874774,20.813005,7.7614408,-26.863337,6.815141,13.798009,7.5975666,-17.23861,6.620034,5.1101575,6.775267,-15.709853,6.462982,3.981842,6.588921,-27.549044,6.4168434,3.04777,6.5209956,-15.956566,5.998538,10.867772,7.1434813,-12.65191,5.7611866,2.8237092,5.7565207,-13.335965,5.9097385,-4.3752894,6.6472855,0.30702657,0.28410068,23.465407130384367,0.12924562814434984,0.052906390250971186,0.10387338,0.021147737,2595.2893633321164,2519.120266733764,5660.282439713139,103.359375,blues,blues.00072.wav,clean
-30.129288,33.51265,103.7448,14.297933,-19.765732,13.60187,56.411625,13.169632,-12.72487,11.017195,20.194227,9.728699,-17.348097,9.495388,16.309156,8.041274,-18.444427,7.5397625,8.932052,7.23784,-11.661623,7.330301,11.210427,6.282365,-8.851257,7.2036586,9.101229,7.277629,-3.5740457,6.1425757,4.384886,6.224828,-2.8308275,6.7280455,4.7261167,6.6403728,0.48242348,7.1788573,1.4773945,8.367189,0.34202734,0.29015297,22.40974227261676,0.10056968665344428,0.03151751233882172,0.2596552,0.07407714,2094.775833910308,2158.1057474122117,4482.2562297431305,99.38401442307692,blues,blues.00073.wav,clean
-56.03289,53.535896,87.84067,18.924461,-1.6012412,16.973742,41.205364,12.876563,-5.620271,11.840067,27.784927,10.419751,-24.002584,9.57093,21.768122,8.053003,-18.42899,9.235815,12.328123,8.115022,-13.717034,8.101607,11.850821,8.420446,-3.9822721,7.6568246,7.09853,9.386303,-4.468587,7.5653014,5.1225452,7.483658,-6.652361,7.7228785,5.8714576,7.34377,-3.6964025,8.227749,-1.9647617,8.310805,0.367174,0.29223624,22.208846837563502,0.12091612446787926,0.040863540300005635,0.19690311,0.065450355,2515.8691600222824,2531.4200010553727,5771.615099833108,112.34714673913044,blues,blues.00074.wav,clean
-86.33548,82.7458,92.7005,27.925388,-15.399187,22.380814,54.05201,15.440881,0.8667874,14.643135,31.560293,11.38976,-14.622711,9.690005,23.325447,7.002337,-14.978637,8.602311,15.339354,8.679087,-7.0493617,9.119103,12.182225,7.868888,-6.110912,9.615434,7.021336,6.8952217,-5.8126974,6.9384685,7.440921,8.238558,-6.0741916,6.850536,3.3776991,6.433537,-4.2786126,7.3125978,1.2500929,6.6509624,0.46645755,0.28547674,21.07179948090732,0.10858664497871517,0.05666198042229122,0.19203044,0.08954655,2225.176865828166,2255.135044259995,4703.588224712171,117.45383522727273,blues,blues.00075.wav,clean
-52.701164,36.666218,74.455414,14.907643,-18.715458,14.807901,56.307217,10.623829,-3.9593267,11.321793,31.98716,10.068303,-16.457787,11.785488,22.417688,8.951863,-12.262029,8.1551075,27.228352,8.110143,-9.233885,9.128318,7.8071027,7.192313,-10.567175,7.691458,6.944951,7.052297,-9.136492,9.241713,13.022678,7.1684647,-9.85732,7.276358,3.6924512,7.5116687,-4.954326,8.416817,4.4225,8.077817,0.36558747,0.29654866,23.451632774513453,0.1364685625483746,0.051619364647671674,0.2189702,0.068146445,2645.5300364910313,2426.0057919712367,5611.974398491921,117.45383522727273,blues,blues.00076.wav,clean
-29.03915,44.2297,104.53732,17.527267,-30.978956,17.55203,38.15443,10.448711,-7.991592,11.558248,30.89167,9.820451,-20.596235,9.935753,25.83078,8.358251,-12.959671,9.184919,16.941612,7.3132954,-12.263682,7.659582,10.786708,6.1180515,-10.564546,6.786536,6.8762565,6.348677,-10.298928,6.3762155,6.9682097,6.8468986,-10.256611,7.1944084,0.7044423,6.817757,-6.006501,5.647871,1.3486156,6.6909184,0.40887603,0.28885648,21.404339884296,0.11152578064531733,0.0338478587047076,0.24310125,0.07141665,2206.7704721917894,2191.4569363644973,4657.321837812016,99.38401442307692,blues,blues.00077.wav,clean
-2.5510163,27.117607,101.25788,12.811489,-33.92729,11.951033,41.518402,9.991866,-13.815158,10.247645,31.920723,6.9528613,-21.8686,8.171124,24.458948,6.5473914,-15.881366,6.4064283,15.794475,5.728189,-14.372411,6.6236033,12.507441,6.415306,-13.373969,6.282389,6.1127505,5.644405,-9.06967,5.960534,5.0332956,4.899925,-11.333126,5.9357634,3.1684957,5.511324,-4.5717015,6.8450975,-4.033881,5.937235,0.41425765,0.28805327,20.967095449770806,0.12386319659442724,0.023590708533337914,0.25794896,0.052249998,2333.7163897098885,2227.415627258666,4942.928444121275,123.046875,blues,blues.00078.wav,clean
-3.5590715,31.94751,92.92779,13.095652,-25.118544,12.165662,45.18721,8.105904,-10.871894,8.383872,31.86242,6.5187,-18.057922,8.535204,28.628012,6.941318,-10.234054,7.6848683,14.673487,6.464504,-14.906988,5.4963775,14.751648,5.343689,-15.609781,6.393852,9.549894,6.553794,-14.798732,5.9412494,2.0748363,6.840558,-13.824648,6.1767774,3.5714693,5.767127,-5.9716425,5.8631854,-1.6474384,7.7377763,0.42153448,0.28059277,21.78412624498506,0.12473545133513932,0.03443721040783032,0.2707483,0.043554246,2443.2389164951205,2358.3844917583942,5267.559814453125,78.30255681818181,blues,blues.00079.wav,clean
-54.747242,47.663197,119.48588,19.95649,-34.86474,15.696967,37.537148,13.62401,-15.886235,12.552012,22.081097,10.604641,-14.668317,14.412976,18.534313,9.750142,-9.643758,11.157137,11.258853,8.779918,-11.732052,8.707048,11.539119,7.474833,-6.4307194,8.537807,1.7856675,7.819667,-5.876253,6.8507996,0.380291,8.038847,-9.063585,6.9782724,-2.0153258,6.6990824,-5.4169693,7.3558383,0.028835993,7.0063877,0.36825618,0.2965389,22.629794130766523,0.09403873597136223,0.03470671976777877,0.24234188,0.08673091,1827.151309646471,1898.455059388181,3743.635696080447,117.45383522727273,blues,blues.00080.wav,clean
-26.955238,67.801926,107.34024,20.89799,-46.812206,14.141559,40.93265,15.490847,-21.469862,8.555175,24.816854,7.4328194,-18.947702,9.001291,15.260987,8.401394,-15.0442505,7.7891626,12.270949,7.705249,-15.239539,6.4421864,14.331287,8.308714,-13.830045,6.575965,7.565649,6.6222043,-6.1833706,8.052818,0.33221078,6.3718004,-6.835121,6.930546,0.9706789,6.6103053,-7.571379,7.161988,2.9214709,6.256574,0.38028285,0.2841059,22.658978979084925,0.12727247303115324,0.026971620181065997,0.24817622,0.07354899,2116.8942510812685,1956.5811797368506,4195.97462751548,103.359375,blues,blues.00081.wav,clean
-29.400257,37.50991,108.69148,15.953454,-25.589895,16.37677,38.440144,12.440252,-18.353867,14.275131,21.7857,9.867496,-25.172714,9.999336,22.406965,7.927822,-17.606058,9.162543,14.675623,9.432766,-12.086358,7.841355,5.462191,8.008778,-7.7060304,8.015225,7.410018,8.182774,-11.327915,8.094126,7.2359223,8.256315,-9.470523,9.053333,1.9366981,8.379172,-6.331344,7.5661855,-1.301733,7.869918,0.3388864,0.29430732,22.5506129099572,0.10515129160216719,0.02537447029121749,0.25125322,0.061178267,2141.3320152712345,2167.7740825305996,4627.63035068571,123.046875,blues,blues.00082.wav,clean
-19.893549,31.202667,98.89588,12.352111,-24.47666,13.476809,49.585854,7.6400156,-16.200876,7.1369476,30.19781,7.652821,-18.029512,7.420449,27.554832,5.8139505,-11.405636,7.5810366,14.877994,6.6288586,-8.908682,6.268255,11.671263,6.4087915,-10.886021,7.5097103,9.310545,6.799588,-5.8320613,6.263378,9.2586565,5.939848,-4.0494967,6.921009,3.251027,7.3021665,-3.466164,6.18295,2.3792589,7.775559,0.42735606,0.28304026,21.183338711967636,0.11795053393479102,0.03620508743671726,0.25118035,0.05892491,2314.8192389666897,2261.7026661590426,5036.269546367066,135.99917763157896,blues,blues.00083.wav,clean
-38.994843,62.38261,112.03825,20.82081,-31.817709,13.356637,38.240677,9.322684,-6.320669,11.998546,23.330563,7.7926784,-18.778877,8.574718,23.932186,7.804879,-10.934216,6.9206233,13.2348585,6.4053617,-14.38119,7.1856995,13.326929,6.6772604,-10.922001,7.302898,9.794659,7.0687685,-5.0327086,9.383982,7.2013955,8.095728,-6.7550354,6.7183084,2.6630874,7.4631443,-4.382442,6.920572,0.41451108,7.8239264,0.39630076,0.29190904,21.786596718962738,0.11339689555921052,0.0393754253599644,0.23509325,0.08429818,2061.202741434345,2085.1867465039545,4221.307807662539,112.34714673913044,blues,blues.00084.wav,clean
-180.14874,67.3817,131.41078,35.763977,0.573336,24.182238,43.165672,16.148726,14.135556,13.833256,25.621374,17.366539,-5.315874,14.223758,12.034328,10.448343,-13.538714,11.988212,-1.0941217,9.887791,-7.614391,10.815005,2.7180743,10.403025,0.7742722,9.225148,1.9981467,13.374236,-6.0900593,11.326368,3.4880552,10.98309,-8.33755,10.229947,3.2056525,10.250619,-0.9303994,7.961136,-2.2530372,8.574974,0.31538674,0.30326813,24.03996949178279,0.059416496347716716,0.04087893147497124,0.15017585,0.05984866,1312.3500760815823,1674.1613162853578,2637.734049983069,143.5546875,blues,blues.00085.wav,clean
-212.8154,85.14984,139.06923,39.454334,9.454342,27.067417,35.44627,16.067995,12.709544,17.628067,20.417665,13.639941,-5.5739527,13.428531,10.893662,10.102541,-8.731713,11.857323,8.055455,8.717925,0.16379716,9.7588625,2.6417468,8.690609,-1.0257348,8.730165,-1.4032179,8.519436,-4.7048326,8.543105,1.1418109,10.014979,-9.476274,9.010767,-2.190912,7.400364,-4.0981097,7.2285495,-3.3432798,6.7631664,0.36590296,0.31055218,21.167759614994154,0.04882661329334365,0.05224029382131732,0.12492373,0.060568705,1245.5817719137374,1634.2884053266528,2517.6097763581174,123.046875,blues,blues.00086.wav,clean
-155.51651,55.452126,125.655754,28.322247,1.5753218,22.219938,45.82987,18.818684,0.9089945,16.19179,25.39124,12.555946,-10.813493,15.502988,15.574149,11.410939,-11.929206,12.71701,1.2717781,10.446717,-6.6615033,10.342662,-0.77912474,10.575723,-7.7492247,8.614661,0.41930726,9.370433,-7.0296316,9.206853,4.009108,7.8557262,-6.2660284,7.3188424,0.95133394,8.002022,2.0064611,8.267671,-5.7357626,9.167041,0.33674198,0.30770892,22.664558395913968,0.050889337025928794,0.033992035759115746,0.15801172,0.05213325,1441.9992540972155,1870.239190780009,3083.26468925358,172.265625,blues,blues.00087.wav,clean
-194.27951,56.890594,151.85118,23.826723,-1.1928877,14.316364,39.1946,11.312931,16.582485,13.454127,18.252386,9.83804,-1.399161,10.950772,14.877712,7.2468452,-11.616781,8.9225,2.4488766,9.489912,-5.0791736,8.603723,3.9416006,8.27633,-0.9037845,7.947404,0.6356109,6.2452593,-8.353415,7.4249706,-7.5132484,5.9561467,-8.047445,6.6445656,-5.4091463,6.2378373,-2.5346594,6.51814,0.12955067,7.8021445,0.3778739,0.30458406,20.581541449078376,0.03206556574109907,0.013217909193726623,0.14201057,0.058977254,1006.8779768813263,1530.6145862499307,2075.0707856641834,172.265625,blues,blues.00088.wav,clean
-346.88687,73.27458,139.24796,32.472202,24.084862,30.227383,22.264013,17.640715,18.64784,15.183269,11.657903,16.558495,9.017679,12.7827425,6.977827,8.978187,-2.0233011,10.221085,5.420398,8.536065,1.6508169,10.436589,-2.3530061,8.286212,3.193639,7.62292,0.7052996,8.57103,-3.092132,7.3875184,-2.1101785,6.2611375,-2.2120807,6.990303,-4.5766625,6.825016,-4.726689,6.9771886,0.059275318,6.505363,0.3486931,0.3203225,20.903557760736824,0.025639678671633127,0.020118611046150658,0.052771624,0.042149816,798.5684450379567,1284.9474803691326,1455.816196878628,107.666015625,blues,blues.00089.wav,clean
-177.48735,67.07094,115.33375,37.215866,9.963014,26.121534,54.05621,17.910526,7.6156197,18.185303,28.31573,13.456534,-9.070212,13.473355,20.05844,10.587957,-15.0455475,12.274004,6.2224927,10.365342,-5.688931,10.455508,1.3798958,11.614005,-5.8435063,9.204333,5.0113225,10.131992,-0.75529706,8.60351,5.057277,8.562762,-5.084398,8.911219,-2.7971687,8.171115,2.4293883,8.2957325,-5.3729057,8.023348,0.3778906,0.30864447,22.557449560648084,0.058235853449109906,0.051831560614346975,0.13184188,0.04624496,1613.4333911575955,1972.259741717321,3470.72901297649,143.5546875,blues,blues.00090.wav,clean
-236.38347,88.13068,161.695,33.30069,-1.1533346,24.679094,27.288706,10.782705,9.581351,18.23979,20.619045,9.509773,0.2341277,8.966528,13.796686,10.203106,-0.5009198,9.497828,10.18543,9.086421,-4.4546185,9.252585,5.5080886,7.5776925,-3.7167218,7.573742,-0.8915268,6.6084476,-4.904812,8.390713,-2.8723423,6.839498,-3.7585263,6.017522,-3.3457856,6.77219,-2.416106,6.7590356,-3.7838302,6.3465815,0.4219494,0.30445302,20.946460048902036,0.03605269204721362,0.025550895040477653,0.09938009,0.03585715,991.1502533354551,1396.261954238089,1943.2882492018189,63.02400914634146,blues,blues.00091.wav,clean
-332.30798,85.37591,128.08076,31.0805,28.825216,34.439568,41.83606,17.433765,31.234665,15.133577,23.35822,12.641896,5.7872233,13.675535,8.996202,12.189833,-3.8611279,13.559095,3.739,9.787618,-0.86905843,9.528159,-0.43693066,9.091467,1.4746556,9.604796,-1.5670476,8.304517,-0.8314689,7.593842,2.168971,7.7734056,-3.891913,8.523644,-4.1972795,6.5729556,-5.932183,6.735411,-3.447435,5.6889586,0.39106512,0.31693745,20.944062093111704,0.03231802075270898,0.040018074399715234,0.06304374,0.039157264,918.3602069536573,1436.6652243994909,1601.531982421875,83.35433467741936,blues,blues.00092.wav,clean
-350.3589,51.561817,169.54633,24.954689,31.780228,17.799574,16.713755,14.616209,28.661758,13.723824,19.24909,8.287094,7.8467,6.37434,10.039796,6.0542054,4.742695,6.3776693,2.915623,6.0544558,3.8965418,6.8253856,1.8103498,6.5099473,-5.970981,5.958397,-5.258748,5.82103,-0.2288824,6.2208214,-1.7753276,5.9386263,-3.7088397,5.843464,0.17516905,5.8773446,2.0766783,6.6516285,-2.892004,7.8407025,0.37773567,0.31046954,21.405046527628777,0.021700549051857584,0.010841269236589356,0.06589097,0.04247525,570.1506880585581,995.0934725815811,928.8527166880322,58.72691761363637,blues,blues.00093.wav,clean
-206.28116,82.48454,126.62033,33.2831,10.590663,27.636925,43.215717,15.045787,12.4949,15.180598,19.41366,16.074598,0.35196805,11.680647,12.730944,8.76175,-4.5792894,8.6042385,4.058012,7.7547827,-4.409213,9.720792,3.663423,7.6913214,-1.4560472,8.620253,-1.7015551,10.507932,-7.1546535,8.602331,1.1864166,8.980173,-6.2258005,8.34127,0.6012727,8.258666,-1.6042643,8.260501,-0.53922,7.5271287,0.3767154,0.30968282,22.891542804206807,0.05090785543246904,0.05006302719109203,0.14092092,0.07328608,1239.6879986706622,1659.9856287006826,2519.0431010243324,103.359375,blues,blues.00094.wav,clean
-130.58154,48.027115,139.9749,30.952066,-1.2707361,23.148619,39.310425,13.146507,-6.3536654,15.927645,19.767845,12.0769415,-11.213425,10.476793,27.243687,11.236386,-16.53454,10.2357435,7.0218787,10.047185,-1.2004069,8.440501,1.6136363,12.14737,-6.6290407,7.9511976,4.952462,9.582344,-1.633869,7.627101,0.9539637,7.7250233,-4.84161,8.716948,-5.970589,8.183421,-2.78672,7.179223,-6.4928164,8.221051,0.36996734,0.30216062,22.863342052410466,0.05714742465654025,0.03646380337623106,0.18706326,0.046427954,1388.4454872380973,1772.8422645104079,2754.6166765431503,135.99917763157896,blues,blues.00095.wav,clean
-314.58218,72.682526,139.91444,26.088717,11.862516,22.968613,30.102106,22.09232,-7.5390353,16.273745,14.907039,14.649308,-2.680899,13.201308,6.7015443,10.708955,-6.3955092,11.547962,2.8176138,9.282434,-11.706482,11.82261,2.0630279,12.140294,-11.438629,9.241157,-9.510527,9.098217,-15.186691,9.732512,-9.362389,12.984703,-5.6654944,12.225294,1.5621172,12.859131,0.89712536,13.301603,-7.9567275,11.75469,0.26061335,0.30307826,23.63006622531564,0.048313766810178016,0.035586509338210115,0.05132765,0.029231315,1132.5184226709678,1582.7654875292726,2066.2458390274282,143.5546875,blues,blues.00096.wav,clean
-148.6477,64.46083,145.73776,37.00065,-9.363346,15.679683,48.451443,12.652112,10.543868,14.846221,18.014605,12.77534,-2.6345782,12.2240715,16.958082,8.754294,-11.506823,9.627561,8.731703,12.553566,-8.173254,8.131362,3.2235358,10.160662,-0.67975885,8.357707,-0.73018533,7.3508396,-6.8214393,6.61373,-3.937921,9.759347,-15.737844,8.356541,-5.596369,10.117008,-5.797906,7.3667407,-0.047467966,7.4406853,0.3752842,0.30644798,21.966853320414565,0.04462595842202012,0.02762114643140287,0.19820397,0.05434358,1236.606352338598,1602.3014812209672,2604.350918512964,117.45383522727273,blues,blues.00097.wav,clean
-90.70722,50.887463,100.10758,17.2894,-23.924427,21.233433,52.588303,10.972282,-20.928015,10.46751,31.502182,7.8347507,-11.213113,10.637999,20.094328,8.808733,-10.915236,7.052038,17.563923,7.1067176,-14.097336,8.294134,12.994508,7.7169037,-11.420426,7.801315,2.911845,7.9985294,-12.017497,5.9734445,4.8276467,6.6780305,-11.165411,6.0113654,1.1622108,6.7389235,-3.9213326,7.752427,3.2532022,6.665735,0.4431951,0.27983886,20.80031499206746,0.12842590520994582,0.04932760182122961,0.12533903,0.041297097,2310.1410834053427,2206.528237593986,4829.08746583543,123.046875,blues,blues.00098.wav,clean
-177.19162,98.494095,136.2142,23.372309,-26.910713,40.330902,36.372784,15.483191,-18.759428,15.718419,20.905872,10.391338,-1.7765751,10.530781,3.0159326,11.236854,-5.59941,8.41476,5.6345954,8.7335005,-8.114803,8.746944,5.645384,8.932865,-10.786549,7.8802805,-2.4161382,7.080758,-6.942407,7.5825663,-2.508999,8.88977,-5.207821,7.139774,-3.4113264,8.026929,-3.249949,9.000806,-2.684024,9.615158,0.37024572,0.29183662,20.39749200448219,0.07479924535603716,0.04088683757691164,0.10503796,0.07313375,1538.9317922233738,1703.6876933572125,3175.4391318873354,92.28515625,blues,blues.00099.wav,clean
-268.18002,42.32606,135.68788,13.746674,-34.07107,15.208079,25.63486,13.003159,-12.970324,8.4415455,17.894695,8.631766,-9.997608,10.71967,5.629224,8.116223,-14.146461,8.686781,7.497626,13.317962,-3.9705248,10.330751,8.258684,8.953238,-1.352737,12.42567,-0.37739912,13.71326,1.0275255,13.105936,3.8083546,9.275091,-0.30203095,10.027411,1.7795614,9.773081,0.8909793,9.857257,-0.8330716,11.000344,0.2523795,0.2900925,23.375120387152062,0.09824505974264706,0.02075780454020311,0.03624397,0.014866893,1505.377699718987,1559.0859496035305,2717.316902089783,95.703125,classical,classical.00000.wav,clean
-324.09195,31.297018,133.59413,18.275763,-25.021385,13.666779,24.567686,12.311088,-11.939837,11.40803,17.660225,11.808229,-5.5225825,11.080173,1.7202383,9.070556,-10.571336,8.759957,-0.8508677,9.067232,-7.797244,9.916814,3.5256083,10.849771,5.0467987,13.891959,1.3635532,12.507735,3.0031667,12.787487,-3.120319,12.598086,-4.2890625,8.702875,0.5890151,11.606508,2.868589,12.394649,0.36918107,11.127332,0.21504712,0.29156533,25.19117362823941,0.0877715781008127,0.025097354349719755,0.030614555,0.012694834,1360.5964481029573,1441.3899483512648,2387.9772268950755,112.34714673913044,classical,classical.00001.wav,clean
-235.30643,29.23925,141.13675,14.06095,-34.679047,12.312654,30.99717,11.630317,-16.400242,7.1312904,23.120686,9.044733,-11.043703,8.903122,7.6586432,7.696315,-19.017239,7.1270165,4.236546,8.816368,-11.835344,7.750392,8.918065,8.216316,-1.442469,9.979613,4.288449,9.018677,1.4757489,9.752506,3.1938703,9.2107525,-1.314238,8.779044,2.931815,8.603824,-1.6683867,7.6969576,-2.8998587,7.283003,0.2778479,0.28938472,22.899048429990007,0.09004972003192724,0.019882246955559853,0.043840673,0.013845316,1490.0147947114058,1599.8034153175129,2784.9498264560757,99.38401442307692,classical,classical.00002.wav,clean
-326.89987,56.566963,127.39418,17.605835,-30.584469,21.508078,37.475746,11.289448,-5.291166,11.450201,20.80699,10.804709,-1.7857137,8.526099,-4.6031647,10.011735,-4.048745,9.644608,5.2380347,8.591245,-0.6428718,11.20762,2.8008628,13.159927,7.245895,12.28975,3.9837854,10.630917,-2.390974,12.45216,1.4819996,11.189375,0.5834609,10.556808,-0.60632175,12.3124275,2.334065,11.572804,2.6522095,14.502328,0.23423359,0.2888881,25.66576018900082,0.10895172213622291,0.034075797115662526,0.029436052,0.018885167,1526.5606707346662,1499.5337307080847,2915.6907025505516,71.77734375,classical,classical.00003.wav,clean
-259.96228,23.697762,118.93238,14.849672,-35.606533,11.943907,31.990017,7.980729,-16.535492,8.70619,10.620698,7.651445,-15.65591,7.5126925,7.4423375,10.422863,-5.810465,9.819068,8.268948,9.840424,-18.018595,13.549739,-1.1994923,12.694869,-6.346673,10.213758,2.7660382,11.993428,-2.5898237,9.1385975,4.387975,9.107234,-4.1366515,8.329099,-4.7818193,11.480453,-4.776668,10.74609,-4.6100764,14.739504,0.22157979,0.29152682,25.027090058140264,0.1128666644494969,0.028899650496700978,0.04228822,0.014470085,1705.7324266471364,1646.2565077961135,3176.230793766931,161.4990234375,classical,classical.00004.wav,clean
-264.2774,85.86743,138.15092,17.89575,-30.101551,12.157342,37.82423,13.346636,-7.180178,9.769983,6.7829356,10.405702,-11.8189,8.587263,4.712041,9.036574,-9.843634,7.9227753,5.8637476,9.674313,-9.573777,7.437378,2.6703959,9.264122,-4.796442,8.497778,-1.403382,8.973615,-2.0961945,9.32382,2.9775221,8.815162,3.3557787,9.29143,4.811315,8.867852,1.7625698,8.54714,-1.8270731,9.47355,0.26855293,0.28728703,22.307126331473317,0.07523877406636997,0.024844285684220285,0.04325064,0.024179827,1431.5423062932693,1558.4876922187407,2836.7578465133997,143.5546875,classical,classical.00005.wav,clean
-295.74353,63.199932,134.53831,17.551807,-22.449306,12.662533,40.759247,9.252506,-5.87598,10.863663,9.276347,8.346094,-11.875942,9.250023,6.2949286,9.253325,-8.866929,7.555659,4.406289,8.75728,-9.378153,10.260675,4.06138,9.103245,1.6256827,9.695209,5.1374664,8.951651,5.4404244,10.032771,2.2810292,9.198746,-1.8154349,9.913672,-2.9235117,10.01936,0.13862066,9.371196,3.1956718,10.129871,0.261451,0.29175124,24.39386288989103,0.07292321739551083,0.02705190660333267,0.03322204,0.018671239,1372.8214993768154,1579.263977132792,2738.0917764669603,99.38401442307692,classical,classical.00006.wav,clean
-286.86823,88.58755,135.91835,23.04264,-24.436617,22.897333,36.66117,11.946354,-6.2452145,12.452685,6.9629345,8.431546,-8.168272,10.286655,3.8440666,12.468167,-4.3983455,9.340667,6.4327855,10.229387,-4.1305766,9.077362,1.549041,9.648564,-4.3528376,8.300475,-3.0135415,8.203027,-0.005728329,8.015822,5.6492386,12.641094,3.429659,11.03213,2.8336725,8.330042,1.0971845,7.9937844,-0.29091454,9.553669,0.27657983,0.29584834,22.870475931516253,0.07314694998065016,0.03391140494662343,0.040846772,0.027783822,1358.9262602497984,1516.129630615498,2668.167199291312,215.33203125,classical,classical.00007.wav,clean
-292.15292,69.757904,127.763664,15.905086,-29.909023,14.216492,37.442085,9.265356,-9.556902,10.604202,5.1130486,8.800892,-13.823929,9.192749,7.0317283,7.8425407,-7.0326324,9.681705,6.4920025,9.856847,-9.904401,10.938635,4.713663,11.077511,0.3748315,12.841082,1.467897,12.188527,3.3925846,12.345661,6.0727816,11.96987,0.9615311,11.925503,-0.7544364,9.6984215,-2.0979447,11.047343,0.7595848,10.211241,0.2547598,0.2902275,23.717355979268486,0.07878788336880804,0.02557607948866742,0.034031406,0.021452498,1516.6480402419818,1629.285125800053,2974.0070165864454,135.99917763157896,classical,classical.00008.wav,clean
-356.14395,71.711136,139.79286,24.396463,-6.286765,14.906138,43.188293,8.685846,-8.879337,10.9989195,11.050314,7.9905434,-8.39305,8.400579,4.4185205,7.45131,-8.283712,9.167978,8.682832,7.6862206,-8.135776,7.696804,3.427108,7.932157,-1.4406309,8.996913,-0.4118335,8.706377,-1.7198923,9.051719,-0.29489493,8.912925,-0.6548904,8.98789,1.1565771,10.252834,-0.6220705,9.6222315,-0.2581347,9.385662,0.2705048,0.28690955,24.074823049146136,0.05627025686919505,0.027762706946011736,0.023789303,0.01414114,1216.426225125279,1582.7629083386116,2560.8928479646383,234.90767045454547,classical,classical.00009.wav,clean
-315.04453,78.820724,128.73926,16.097044,-28.93491,22.695784,30.839514,10.947213,-8.996638,12.096294,7.9901075,11.710891,-9.846989,9.603297,1.4414119,11.591944,-8.973623,10.938058,6.049842,9.718458,-3.320935,12.7858515,7.609508,12.583312,3.7989612,12.0118065,2.9383373,9.817677,1.8396777,10.502581,5.2037983,10.6385975,1.0788432,9.975476,0.14129534,7.943691,-4.532043,9.9276495,-2.3126302,9.979762,0.24500223,0.29165518,22.75092841919929,0.08621640987809598,0.029107090512313603,0.029503612,0.020237366,1497.0762956940557,1570.274127936252,2868.049323964783,103.359375,classical,classical.00010.wav,clean
-385.26587,39.172485,177.27786,25.786625,-9.337663,13.589924,24.373219,11.953421,5.805441,8.020296,-4.5630627,8.73219,-6.356949,7.164454,-6.9578943,7.138527,-4.127428,7.490602,3.8580673,9.853988,-0.3582021,10.492356,-0.94612193,7.1594186,-3.6705594,9.661243,-2.0986047,8.804105,3.6447043,7.9815793,0.73262924,6.675395,-1.2266603,7.639601,-0.7459249,7.566153,2.78605,10.548493,1.5408988,8.328132,0.24491914,0.2900279,23.25677424945236,0.06072601223877709,0.019843547732726317,0.02149812,0.008829223,949.3765619854879,1112.0248096618204,1695.8730786208398,151.99908088235293,classical,classical.00011.wav,clean
-362.71387,88.12209,143.93861,36.039448,-18.981813,22.635033,30.657846,10.200481,1.0281466,10.773711,0.2848452,8.611799,-7.989743,9.424715,-3.8509774,7.456153,-8.94467,10.812669,3.2497702,9.823795,-4.4546375,14.177531,3.649625,16.002214,4.933547,14.886146,3.2838123,15.565334,6.360601,14.197889,6.0672398,11.433332,3.8507254,10.461077,-0.24739726,8.808793,1.1675683,10.344932,1.7840004,11.284903,0.23568685,0.29483166,24.161496564546372,0.06593875471652477,0.027186188756531535,0.03140695,0.02480204,1179.989139644456,1332.0247704243034,2154.0036417013353,95.703125,classical,classical.00012.wav,clean
-343.13556,99.450195,140.08688,40.621456,-20.911034,20.275578,32.332195,11.329877,-3.6868103,12.380883,2.9435577,10.628594,-10.66953,9.321343,0.31910306,10.300848,-5.784346,12.295125,7.688079,13.070617,-3.677107,13.349731,2.553818,10.936505,-3.498068,10.391635,-2.2409534,9.404392,-0.8364203,10.548059,0.8789196,9.931254,0.47355595,8.207642,0.9455657,9.307608,1.8694177,13.429788,-0.6390268,12.498613,0.23204604,0.28865892,23.550969785258374,0.08088953354779412,0.031747940722815046,0.031721637,0.026149638,1388.2456582676339,1456.5571823960333,2599.025950712316,129.19921875,classical,classical.00013.wav,clean
-324.6391,74.36832,147.82701,26.296225,-31.937817,16.722748,27.408855,8.532541,-4.508828,12.11224,-4.165105,9.524631,-12.588299,9.479639,-5.1182966,8.35868,-7.741826,8.170491,0.8432942,8.812716,-8.195583,8.0753355,-0.822447,9.972503,1.0045,12.254138,3.6744754,10.6340885,6.201359,9.712461,4.7141476,9.418412,-0.04455297,9.32735,-2.3374503,10.00969,2.2290113,10.045938,-0.55090624,11.116914,0.23408203,0.28920114,22.892187006448246,0.0684731309258901,0.0223558617453509,0.03160188,0.024393825,1279.5500532331541,1370.4138585933856,2389.4272181271767,143.5546875,classical,classical.00014.wav,clean
-449.51437,69.12054,124.973625,33.4662,-19.919233,13.818919,27.45221,14.403324,-5.7755938,9.883561,2.2272975,5.8114524,-6.5527916,8.8964405,10.601105,11.754777,3.3547378,16.405455,14.393793,14.76377,1.9887378,17.827215,5.250284,14.197623,4.4267945,11.98062,5.0727916,13.681953,7.1730843,11.382503,6.192042,12.779043,7.1587806,11.789356,3.8522375,14.95913,2.6193507,17.073908,4.9503307,16.39863,0.21659924,0.29000518,24.165352885454215,0.07575237640286378,0.025247409742965982,0.011429043,0.009404383,1371.6170328582264,1562.0159889035801,2619.859158070095,83.35433467741936,classical,classical.00015.wav,clean
-482.67636,69.16208,154.86113,15.831605,-5.025982,15.611144,29.737667,6.940352,-1.8687446,12.503119,8.223097,6.264189,-4.7659545,8.782182,9.646516,7.7830057,-3.3353903,10.779234,4.5322237,8.903475,-10.103474,11.398709,-0.6667131,8.55982,-2.4448438,8.532631,-0.16459103,8.834545,1.8707215,7.1815553,3.4802008,7.8080873,3.3868608,7.5603685,1.1131743,8.510932,1.2773035,11.590928,-0.67213565,10.555641,0.21924287,0.29146978,22.00699880325035,0.04766448880127709,0.02051896438803482,0.008008791,0.0042155506,1054.4585145386827,1455.4498536124795,1947.2048921850812,99.38401442307692,classical,classical.00016.wav,clean
-311.51123,103.454216,148.66138,28.46176,-33.509113,15.00983,10.361734,21.193954,-12.907805,11.600202,1.2325779,11.270031,-12.908661,9.983523,0.804573,7.3273664,-9.738699,8.951145,2.0689795,10.57519,-5.106063,12.095537,6.7442927,11.589386,4.615777,13.83097,3.765486,10.821809,1.271204,8.373706,1.2486949,9.444888,-0.084486075,10.023236,1.4975206,8.795129,0.3797707,10.809465,-2.9951375,11.785655,0.2564119,0.29341528,22.373514658697093,0.08111553369291796,0.01683376921716943,0.03737135,0.03211843,1358.907091659773,1417.545883557415,2418.1770442809116,89.10290948275862,classical,classical.00017.wav,clean
-405.6831,69.43645,145.69487,43.2115,-0.8267259,21.309504,23.067648,14.2501335,9.225309,9.44812,-2.6439388,8.458722,-5.750473,8.398377,-2.0919256,12.754157,-0.64706296,10.33122,6.759229,9.7436495,2.8076077,11.338134,2.446449,12.085509,5.084673,10.421929,2.3814895,11.04299,1.8640759,11.423838,2.5028796,8.746274,1.527922,8.338742,-2.2602878,9.305634,-1.4472849,10.296936,2.6102087,12.794395,0.23910888,0.29094145,23.55710093660597,0.07066888484423374,0.028722749285277,0.018668028,0.017893154,1158.0012026973084,1320.9789237314521,2182.0034723901895,161.4990234375,classical,classical.00018.wav,clean
-475.86765,76.265884,141.53087,35.076363,-8.475216,21.723934,33.992065,8.135858,0.5255779,12.311651,6.034853,6.1698256,0.027931426,9.520922,9.537156,14.577666,2.1625168,11.581699,7.0820994,11.328317,-8.048426,12.625851,-0.10827344,10.901156,0.7882736,13.100597,3.8774939,12.199304,5.3098726,8.918694,4.664308,9.666103,6.8744106,9.127537,5.3992834,11.003712,1.0468253,10.158297,-6.4937115,11.096276,0.28404716,0.3013097,22.003316485538246,0.057591488486842105,0.03283759873780107,0.007990337,0.0054650214,1184.5272815945475,1524.9012907885733,2289.252823868034,95.703125,classical,classical.00019.wav,clean
-300.9405,73.23441,161.08626,30.167477,-24.240719,17.789515,27.966188,12.662731,-2.8622553,11.390758,2.3875616,8.51902,-11.273425,9.19811,0.22528104,9.271485,-6.841877,8.389879,6.0946074,8.755847,-8.138312,10.722332,-1.8053259,11.296333,-4.110151,11.159518,-2.0455983,10.0901575,-1.6021351,9.896037,0.64826363,9.533806,1.4507606,7.629927,-0.22119507,7.4992394,-1.2912164,9.83953,-7.101759,9.631452,0.26897267,0.29086274,22.987973951717336,0.0698128809500774,0.022786719160019932,0.0384091,0.0227037,1218.4372978528554,1353.7509040158095,2295.311120567676,143.5546875,classical,classical.00020.wav,clean
-278.22952,97.17176,147.87563,26.145609,-31.567955,13.866909,20.35228,11.468008,-9.5826435,10.4084,-6.244679,12.933868,-13.601204,10.5762825,-0.6661553,10.892788,-7.274475,8.767231,1.01987,10.433296,-11.758481,9.209608,-0.9619851,8.602915,-2.2164092,11.893469,-0.5725285,9.000611,1.8691946,9.953556,5.144384,7.9870887,2.624588,7.4039474,0.824502,7.629715,-1.6428111,9.013954,-0.102734685,10.848215,0.26681942,0.2891719,22.034722747167592,0.07956679022349071,0.02358068311481835,0.045445524,0.03885161,1371.3696318927568,1440.9709987339681,2570.159458597378,135.99917763157896,classical,classical.00021.wav,clean
-278.78244,98.63415,160.01924,21.534771,-28.398985,20.817709,23.062634,11.795049,-2.6952755,13.961429,3.0099838,7.698496,-11.293977,9.379416,-0.50866956,7.254438,-11.364047,9.3423395,3.1734755,6.769912,-5.107196,9.789357,4.3391886,8.47487,-4.070891,8.018082,-0.15333009,8.509559,-1.6684713,7.9885798,1.6420276,7.5011897,1.0030911,6.270982,-0.7636376,6.2893543,-3.8361166,7.8252106,-3.5538943,10.818839,0.2762817,0.29393604,22.39381597375026,0.06844629813273993,0.019861194716400292,0.047890313,0.029766062,1211.2151185706325,1367.1077107608928,2237.4698036595396,107.666015625,classical,classical.00022.wav,clean
-406.96542,57.571083,163.13947,14.830393,-2.4138153,20.335701,32.456657,9.261005,7.907838,9.788002,9.677141,7.743164,-5.4890423,8.692644,9.523497,6.0805573,-3.1028214,6.098314,10.209687,7.1324797,-10.38539,9.625157,-5.3867087,9.294524,-8.080065,9.3328285,-2.0578997,9.542596,0.3721493,8.093852,3.411156,8.459861,3.4882953,9.833461,7.39557,9.396476,6.4349704,10.486754,0.18093647,10.645932,0.26717928,0.2974366,23.260043055156746,0.044227245791408666,0.01860499920108992,0.017124044,0.006708359,983.7618406456089,1404.1321893997347,1852.522131385449,95.703125,classical,classical.00023.wav,clean
-223.17725,44.226414,163.24623,17.957018,-34.416225,7.7688875,24.187868,7.9823146,-10.304307,9.194964,3.2287347,8.435914,-12.884593,7.6105056,0.8050692,8.649627,-14.284255,7.9948325,1.6726214,9.227998,-10.143485,7.932739,0.24415706,8.944719,-4.545105,8.256413,0.10906298,8.045992,-2.8684523,7.445091,1.3458036,6.3416953,-0.344043,6.5480924,-1.0627357,8.3646145,-1.094488,9.196903,-8.057165,10.09653,0.25334,0.29016045,23.353372822821274,0.07164771490421827,0.01783729838692586,0.0666634,0.023640914,1253.1322234388265,1371.33660933005,2293.0278010412635,151.99908088235293,classical,classical.00024.wav,clean
-221.28345,29.682915,173.33664,19.58777,-37.456543,8.998148,24.362452,6.044646,-8.687614,6.822718,3.3857913,7.179189,-12.841177,6.198568,1.0815359,6.6495347,-15.328135,7.486023,0.4232373,8.160199,-9.623609,8.153928,2.292809,8.812171,-4.4855638,7.9899054,0.3625777,7.223196,-1.4866271,6.4282274,1.8132918,6.4754133,0.22892378,5.956399,-0.9652815,6.9389815,-0.48393935,7.0450983,-6.263661,8.34244,0.29736656,0.2901605,21.75210683714201,0.068293993687113,0.01962350056743968,0.06411321,0.022784222,1184.0658218421815,1304.6126692322343,2139.1537314967104,129.19921875,classical,classical.00025.wav,clean
-319.33237,97.26002,143.66473,26.083138,-31.164366,22.293245,10.908864,19.361105,-5.5538907,12.309083,-4.265031,11.208623,-8.95256,7.4969645,-5.5834894,10.867023,-8.020538,9.44969,2.342613,9.986215,-4.4772716,11.186441,-0.319787,9.353505,0.97486126,8.886359,1.1464475,9.177758,-0.48819196,8.996755,-1.3061248,9.04059,0.13897365,10.744475,1.4960654,11.738936,3.7090793,11.921463,3.0729024,12.573569,0.24567787,0.28997985,23.55709110217236,0.08174818292859908,0.020760958224874865,0.038869526,0.03529014,1278.574558748878,1311.8194362471918,2233.2198293585525,161.4990234375,classical,classical.00026.wav,clean
-366.25018,63.746784,181.59938,12.10414,-5.5262704,17.974043,27.00837,9.4283905,-4.8321323,11.003345,4.6107154,9.588156,-10.542602,7.1154313,0.1676211,6.9192395,-11.139511,9.728757,3.584806,7.0973587,-10.332784,7.953589,-1.078434,9.426802,-4.597308,9.791808,-0.47885728,8.729923,0.83569163,8.439705,0.25169596,7.0681257,2.1313152,8.717124,0.698912,7.3222027,1.0251924,7.8823643,-3.0680041,9.950162,0.24073412,0.2891391,23.43760261831958,0.05344941224845201,0.016686287337482238,0.028412972,0.014405327,901.7856877463795,1171.7473217395366,1456.6161920411669,135.99917763157896,classical,classical.00027.wav,clean
-228.95734,56.021267,153.97128,30.005833,-30.685274,17.450266,20.8126,11.434199,-6.08023,12.162864,1.1724141,8.842665,-10.788691,10.451924,-3.8824687,10.12351,-11.589583,7.8796344,0.88214755,8.919885,-8.279238,9.892704,-0.7267747,7.9563465,-3.1044507,10.223056,-3.4343467,9.527333,-2.6240342,7.4876075,0.7225611,8.059283,-1.9660418,7.6493616,-2.5158808,7.83967,1.571606,8.741586,-1.4897674,9.140835,0.2629238,0.2900418,23.116422222611227,0.08109777113970588,0.026372057899122735,0.06258049,0.025580762,1313.7853629984972,1371.0449454528086,2397.4188364696206,161.4990234375,classical,classical.00028.wav,clean
-297.24658,113.736565,130.27441,39.470135,-30.58998,18.207554,27.486969,9.135747,-7.054992,13.620755,1.9900564,11.285406,-11.125771,10.38892,4.752086,8.385349,-8.771535,12.096819,5.4152317,10.344419,-5.375333,15.568,4.4642715,12.727703,1.7346498,13.581858,1.8842244,12.668106,-1.3122158,12.061175,1.0872452,10.128721,-0.9889347,10.61041,-1.466127,8.091937,0.63026524,9.407241,1.154471,13.537544,0.24696633,0.28736198,23.0796863989754,0.09221523981714397,0.03377849208937967,0.041575287,0.034915194,1558.8985316524074,1578.5925974538202,2922.2156630950076,135.99917763157896,classical,classical.00029.wav,clean
-315.67807,62.750637,149.66843,22.512964,-30.594992,20.661766,23.221498,7.515123,-8.699831,15.194667,-10.104396,7.3722568,-15.733575,9.323767,-4.047281,8.529319,-7.652163,9.849489,0.04623177,8.562348,-11.143897,7.3055964,-7.67045,8.47827,-5.8706336,7.959646,-4.864973,7.6782455,-5.1484585,7.41506,-5.414719,8.060917,-3.1673822,7.7548428,1.4542385,7.452981,0.13058141,7.9949737,-4.1758366,8.54755,0.27832785,0.29418433,22.03099674869034,0.06372448239164087,0.029303900200503653,0.029729722,0.016558243,1243.7206209286574,1358.6088246693223,2353.2857700029026,117.45383522727273,classical,classical.00030.wav,clean
-374.0075,76.01885,172.44232,23.219366,6.402986,25.447521,20.150894,12.064784,5.8518014,16.452578,1.590955,9.813663,-6.710564,8.617877,-1.1913426,8.731194,-0.29050222,9.518671,0.33312553,8.863995,-6.55182,8.39722,-7.3002505,7.8348093,-7.3283706,8.536196,-10.215596,8.361055,-6.1451335,6.969139,-2.4330475,6.1386876,-2.6743848,6.422868,-2.2819083,6.7307353,-1.1540517,8.352569,-3.8159146,9.417898,0.3031798,0.29927602,19.380102998787173,0.03945743336397059,0.01674844738108833,0.026797185,0.018498948,822.4267361319892,1135.925475390776,1434.199660924197,112.34714673913044,classical,classical.00031.wav,clean
-498.60873,42.52042,177.52312,11.801266,11.209716,10.041284,27.63433,6.9660954,-2.8418257,8.16881,5.090956,6.353527,-6.604385,8.108809,-1.0570545,6.113101,-4.144494,7.317398,-3.0533733,6.2376385,-9.90994,6.577809,-8.573808,5.66601,-9.189356,5.672811,-11.935739,5.7819333,-9.192497,5.444967,-10.894249,5.71097,-8.854792,6.34842,-3.9375076,6.6370416,-2.3939705,6.4500103,-2.2963572,6.9245024,0.28319946,0.29197645,21.403258754960255,0.03658178937693499,0.00790711298731181,0.008043457,0.0045761047,792.835553815877,1205.092938566625,1207.3843657785894,103.359375,classical,classical.00032.wav,clean
-429.10315,85.57513,120.74545,38.13243,-1.6823534,26.294857,17.948559,8.5157385,7.7335896,12.704639,-2.0437233,8.286893,-3.9417446,10.767312,-2.536047,9.085038,-0.5834436,7.6427546,-0.79653716,7.4823523,-9.051198,9.067345,-3.689939,10.34782,-0.9829521,13.519078,-5.0013146,16.074467,-3.811294,12.864265,-2.4115164,9.496921,-1.8980626,9.4458475,-0.3137712,7.972147,3.4164834,8.391876,3.1428828,9.204472,0.30397424,0.2988644,21.816765909959503,0.05439309512867647,0.026061950193007825,0.012357474,0.013662231,1128.3232351038548,1375.9555481090579,2165.7952370658377,95.703125,classical,classical.00033.wav,clean
-309.24283,67.83446,138.64113,31.242216,-29.713259,17.578785,33.618786,9.515198,-0.37825716,12.4014845,5.243738,8.120954,-6.3323126,8.758801,3.280733,9.035629,-6.714091,13.190251,-0.6922033,10.695897,-13.243885,9.561955,-8.528504,11.850835,-9.668247,11.074916,-4.2979574,14.354497,0.25033712,15.733671,1.0183246,11.850969,1.9202206,12.097912,3.7188308,11.5701275,2.5588639,12.8341255,-4.925927,15.8984165,0.27409896,0.30155492,24.762425892451507,0.07356796028444272,0.03843068134215851,0.038916074,0.025942003,1369.6932279666041,1465.917051580696,2655.325610275977,123.046875,classical,classical.00034.wav,clean
-319.78223,75.21494,165.98755,31.605146,-11.918571,33.44397,27.240343,13.255021,7.8435597,14.696088,1.7273006,8.755286,-7.849843,10.277401,-2.412085,7.69646,-2.908876,9.182565,-2.5311306,8.312676,-11.365741,7.2906837,-4.613611,10.358948,-4.4873595,9.024872,-7.4551673,7.638787,-5.5800185,7.9366064,-1.8725945,7.394092,-1.2823329,8.182817,-1.4261754,7.100389,-0.48846757,8.291557,-4.1007814,8.023758,0.3192511,0.30039865,20.710251735745857,0.06115495900251548,0.04509209441692387,0.040571712,0.025305733,1016.4245653368047,1152.128872587364,1823.9389708905767,151.99908088235293,classical,classical.00035.wav,clean
-419.26315,62.921734,127.44507,38.12816,-3.7823563,17.608492,23.200216,12.667866,-4.3346996,15.820027,4.030428,11.094921,-8.209103,12.717284,-7.6188607,6.744512,-7.0756884,8.374415,-2.9239516,6.5244575,-7.409898,7.684443,-5.437336,6.9967856,-9.099495,7.1695333,-10.619321,8.031628,-5.739374,8.28142,-0.39309853,9.463403,7.029701,11.6833515,5.5932484,11.988866,-3.4755454,13.0384445,-5.1741652,9.221097,0.2392983,0.29841208,22.206058065944198,0.059410449521091334,0.03403219520639835,0.016008371,0.013771899,1281.8143785370296,1502.891671249433,2440.3352436266446,107.666015625,classical,classical.00036.wav,clean
-275.37598,75.782776,125.30793,31.913338,-41.05129,22.574434,24.607311,11.12109,-4.788928,15.463168,-4.2538486,9.648924,-15.021034,12.600726,-5.045092,9.095215,-5.0018377,10.508978,2.4730597,10.025825,-10.894701,7.2820582,-8.017638,8.803116,-5.1663785,10.476264,-4.6154666,8.452489,0.7097462,10.166377,6.520474,11.638502,5.9003935,10.1504755,2.6877105,9.2602,-2.0309052,8.106004,-8.056195,10.304899,0.2842068,0.29569137,23.05992587436883,0.09395219076528638,0.041684950558959065,0.04150091,0.030249873,1534.2936138496052,1465.094524854514,2838.866167098007,161.4990234375,classical,classical.00037.wav,clean
-276.03903,81.12984,146.35081,22.071636,-36.59162,19.410446,24.200794,16.058777,-2.5551608,12.85519,-2.1697464,9.428294,-13.303985,9.734208,-6.504971,8.914924,-9.398983,8.494043,-3.1274786,7.779224,-11.537067,8.175744,-4.1871166,7.932522,-1.6895956,10.408103,-1.5234597,8.35039,-3.192893,8.487214,-1.764735,7.1396055,-2.2486403,7.6864824,-3.538693,7.1689405,-2.9891887,9.451466,-3.294925,9.880593,0.29454452,0.29681692,22.74636847555643,0.07583589819562693,0.027410949495412788,0.04430227,0.033056352,1279.1711367505463,1338.7980926482364,2377.393957557324,151.99908088235293,classical,classical.00038.wav,clean
-409.53445,83.79935,116.80006,25.370047,-16.164232,18.903772,11.717685,11.2343855,0.7060147,16.457909,6.006949,10.689992,-4.2744565,13.270807,0.49547678,9.488323,0.43389037,12.61971,12.597706,13.211488,-1.1140985,10.048704,-1.1403233,11.841402,4.957852,12.600515,1.759506,11.7859,-3.908855,7.32421,3.505475,7.456614,2.7971115,7.10449,3.102605,10.250872,0.66038114,15.630131,-0.23965213,13.144528,0.2708875,0.30859298,22.227815012547275,0.10895928066950464,0.04868762034542661,0.012813881,0.014808692,1633.4096731773413,1734.7827973318526,3161.49754952351,161.4990234375,classical,classical.00039.wav,clean
-358.65674,75.19103,129.08748,26.66257,-30.39764,25.43529,19.88953,11.000074,-10.38638,14.371386,-0.652045,9.9547,-10.611145,11.260002,1.5420542,8.145609,-3.9753864,11.131297,1.8689036,8.565056,-8.833539,8.706563,-7.1676545,7.808079,-8.212757,8.140322,-5.9410625,8.66871,-0.11584019,9.075514,4.27639,9.60534,8.967238,10.88214,12.802729,13.320405,14.691521,15.209447,11.507997,15.960641,0.25055692,0.29898787,23.513594372738034,0.0726431737374226,0.024683341343449048,0.01974107,0.012951961,1396.6924270627776,1525.2553826116246,2652.8339586759867,107.666015625,classical,classical.00040.wav,clean
-368.46594,72.152916,124.26599,21.629175,-31.582449,20.652514,17.601763,13.373007,2.3229303,13.160086,-5.949597,9.190217,-11.807773,14.900533,-5.547481,11.172136,-5.407888,11.906999,-1.3051713,6.199677,-8.427182,7.7118316,-3.613824,11.458714,2.2061696,14.411744,-0.045435477,10.511129,0.23757225,8.521305,2.5061414,7.910123,3.0928502,9.8696575,4.838547,8.895772,6.2253423,8.561586,8.735003,10.010532,0.26820534,0.28907567,23.59286218265452,0.07881698372194272,0.03388347577314894,0.021296714,0.02427693,1329.2649559947508,1415.4533805033193,2462.0767788252224,123.046875,classical,classical.00041.wav,clean
-160.33943,49.43499,164.12074,22.041996,-48.87504,13.550401,1.5913545,10.599276,-7.591044,9.999975,-2.631471,5.7848854,-11.077547,5.6896553,-7.0276327,6.088018,-8.120849,6.3279085,1.2311883,6.593556,-5.4963484,7.132787,-4.222176,6.7803636,-5.458137,7.7320414,-1.7106261,8.797705,-3.087998,9.308073,-1.289857,7.0870337,-6.098767,7.3224077,-0.9284122,8.481441,-4.041814,7.247212,-1.5555359,10.193995,0.26172367,0.28987366,21.24456611047998,0.09385279605263158,0.01677223465770365,0.13462317,0.052068528,1327.3486451321814,1326.8652104399382,2172.5785293815306,198.76802884615384,classical,classical.00042.wav,clean
-249.54944,60.3247,161.56836,23.97186,10.129534,26.695524,-3.0705645,12.868138,-0.59651774,8.815238,-2.0836587,7.2399545,-12.191772,7.803833,-8.60149,7.6255097,-14.638914,6.826169,-12.049384,7.3297048,-12.30034,6.743352,-7.1745567,7.681368,-7.891679,6.5910172,-2.082466,7.3865027,-2.909753,8.379652,-0.86809945,9.913062,-3.9725292,10.588171,-0.88429385,10.93129,-3.9836185,9.796058,-3.8915737,8.810436,0.19094548,0.28617492,20.710731509007413,0.051040885618227554,0.015022984776564684,0.11537952,0.054005258,1063.472218094083,1552.579922603203,1611.1902573529412,129.19921875,classical,classical.00043.wav,clean
-402.22232,53.869614,154.00491,35.924164,-15.211341,17.923578,15.294042,14.164408,-3.0777783,11.807538,-3.1944375,11.682124,-9.778082,12.952622,-17.310207,12.160234,-12.30656,11.65765,-7.9146423,13.17939,-7.0827584,11.217359,-0.28117186,11.540146,1.5458184,11.036702,-1.4655559,10.277271,-1.7400693,11.582966,1.8587352,7.869672,5.0292315,10.531125,-0.7410972,10.40154,-0.13983296,11.741974,-2.8593116,15.050095,0.25204444,0.29316968,23.747696165593776,0.07170553768382353,0.023317832895559783,0.017927846,0.0066885287,1181.5125561645536,1412.1789063254485,2032.8127078596654,80.74951171875,classical,classical.00044.wav,clean
-170.8866,40.539143,157.03914,15.830956,-21.966076,12.566793,5.2446537,13.70055,-4.0924125,10.543254,-3.6912692,8.863887,-8.810494,9.324373,-4.8575964,9.313517,-7.874582,10.2026205,-5.4110103,9.784803,-9.373978,11.0337925,-6.623614,9.379204,-7.811286,9.541013,-1.4611746,8.962337,-3.5911329,8.766485,-2.8573444,6.802095,-3.9215784,7.1567874,0.20077212,9.61198,-3.4326358,11.133843,-0.83090174,10.099056,0.23626502,0.28987435,20.887055741080577,0.0622955416747291,0.01595353380720437,0.13858975,0.041810084,1175.9242233254756,1502.8373915929649,1901.2301701879353,184.5703125,classical,classical.00045.wav,clean
-85.26499,23.495533,118.42306,19.34032,-31.47277,8.538052,20.282013,6.206903,-4.4177094,7.177977,6.9225974,6.532242,-10.950942,5.5638857,-1.6200852,5.138701,-7.367901,5.215247,-3.0173,6.808186,-4.4372015,5.303768,-1.4064466,6.6465507,-4.246369,6.0110726,-4.164333,4.9974065,-3.9796493,5.3453865,0.2765607,5.4728093,-3.3924832,5.9718337,1.6937985,4.9493446,-3.6853893,8.185294,-3.4415329,7.742,0.34679082,0.28040788,18.892742416095693,0.11161308170472137,0.024523604342587654,0.115102775,0.018945396,1878.7740300458224,1965.0287149176995,3634.0696919444176,129.19921875,classical,classical.00046.wav,clean
-436.84235,61.471226,154.1132,12.862139,-19.859337,13.250344,20.183603,12.203994,3.1647444,9.853064,0.44639233,8.43541,-6.5306387,6.73192,-4.6033382,5.9776835,-10.0562525,7.657986,-6.153287,8.13878,-4.529443,8.229691,-2.7835946,7.565028,-5.23532,7.655507,-7.384834,7.906946,-6.99331,7.436447,-3.1899667,7.4017916,-0.35129872,7.8465705,2.226785,7.4378467,2.5725398,10.636593,4.4761767,12.74131,0.2584649,0.28680408,21.585652319709087,0.06632537369388544,0.02050126321870578,0.009494158,0.0052696806,1173.9310654515775,1517.856159908801,2083.120736987229,123.046875,classical,classical.00047.wav,clean
-123.763306,93.70573,148.43001,50.097794,-21.551395,20.534021,17.444748,14.926015,-1.4088042,10.79007,4.1782947,10.603057,-6.9904447,6.6404123,-5.1033363,7.828107,-5.7957006,8.725032,5.0631213,7.464037,-6.247765,6.257083,-1.9818287,7.119671,-0.96844083,7.3372664,-2.4530776,7.676605,-4.3262076,7.170674,-0.87545633,7.6207004,-4.7048717,6.764313,-2.2297258,7.321764,-5.1409345,7.4356756,-3.2070837,9.188444,0.29686397,0.28627288,20.355448141707583,0.087271581124226,0.04285851887226305,0.16088608,0.05636726,1516.0858565701667,1642.8335042267165,2771.5582407664956,172.265625,classical,classical.00048.wav,clean
-98.35358,58.762775,98.35551,23.708696,-20.49053,11.123618,18.820034,11.126568,-2.095781,7.019293,2.665037,5.511251,-7.3115172,6.1560507,-3.5901136,5.338572,-7.989525,5.8322864,-1.9183743,6.7000175,-4.7319975,7.7740803,0.62377596,6.050977,-2.5930846,6.2952805,-1.4701574,7.579985,-3.169344,6.2234554,0.6580323,5.8667755,-4.818465,6.26753,-2.221544,5.69959,-3.8104959,6.6505384,0.23409155,7.2523866,0.3116152,0.28525737,17.729546854500754,0.10944642813951239,0.034268275734998674,0.12373418,0.063526124,2224.8938399288413,2274.325029414401,4467.456319236165,103.359375,classical,classical.00049.wav,mislabeled
-449.6218,67.88206,151.50313,21.333652,-12.74668,11.529978,44.27039,6.742249,6.244759,6.193837,4.053898,4.5628858,-1.4805391,5.538679,-1.624076,6.1283317,-2.4867768,5.4074154,-4.282386,4.3871837,-9.653202,4.6761565,-1.3421049,5.030031,0.14638385,6.9201226,3.728251,10.347007,5.2857785,9.978527,1.2080818,6.2331142,-2.3039155,6.876552,-4.1256194,6.5723357,-1.8161486,5.551088,1.2358323,6.4822097,0.28610158,0.29034063,19.448065286730646,0.049492898002128485,0.014757405439662058,0.007965068,0.004078957,1170.1422672261847,1595.6359965659155,2360.427393485149,107.666015625,classical,classical.00050.wav,clean
-230.27237,168.08978,119.15338,33.985756,-1.0512242,32.913143,28.384487,9.796866,10.00878,11.764702,16.125822,8.610858,4.793946,8.146455,6.192379,6.0049453,0.9515956,5.8338685,5.9151874,6.395125,-1.1755236,7.44102,3.5739172,6.333031,-2.0996544,6.2711515,-0.90729177,5.8398533,-1.8530504,5.3860426,-0.0061340802,6.264855,-2.7977016,5.974557,2.3327787,6.4131846,-1.4417099,8.147443,2.738794,7.802769,0.3814572,0.2928588,16.861679159963362,0.06010507872968266,0.04002613091891299,0.08052824,0.05630094,1527.645526264714,2079.667989385167,3220.8305240784634,135.99917763157896,classical,classical.00051.wav,clean
-186.42809,97.67837,86.65457,30.494736,-15.711973,24.35168,14.741793,10.513693,-2.2158978,9.936602,6.271489,10.112263,-0.8879223,6.2925115,0.66504693,7.085171,-6.0883217,10.959652,-5.2136745,13.525153,-7.8659334,12.478253,-1.7187315,9.298866,-4.7045016,10.111993,-2.0543666,9.914572,1.4163775,7.5184517,2.7643516,8.00795,3.301296,7.7988806,3.110024,11.550343,-4.4082932,8.842999,-5.0353703,8.011611,0.38802978,0.29314628,18.18573368933373,0.12697013169988391,0.04829672070558114,0.05548111,0.035853125,2411.9327529379098,2436.324834166332,4994.561465236794,161.4990234375,classical,classical.00052.wav,clean
-119.304375,69.17158,149.57779,30.34484,-43.31768,15.380595,24.636248,11.208684,-5.609388,10.697909,10.784379,7.97664,-2.8926942,8.324081,0.78330255,6.416741,-6.5456386,6.7983465,4.3880386,5.9120913,-1.2940495,6.2541656,1.360091,6.5415225,-1.0813606,5.5145016,-2.439028,6.094754,-1.9371481,6.32125,1.2953312,6.09502,-1.3851025,6.022693,1.040794,5.960891,-5.6063004,5.995364,-1.989935,5.1498346,0.30471268,0.2812944,20.435379713724085,0.0879189694998065,0.023161765649490348,0.13980983,0.054742787,1465.595382672086,1554.8186019545137,2749.3833748548764,215.33203125,classical,classical.00053.wav,clean
-106.22088,60.306873,127.37078,27.178297,-45.28613,16.46365,31.277216,12.553715,4.30544,20.884369,-5.068433,10.766384,-16.129375,15.847611,14.690696,17.37644,-7.912098,11.69471,-1.2216625,16.753424,2.9819396,18.008574,17.464767,17.253351,-4.0720086,16.215317,1.7858331,11.168532,0.59456575,14.096419,4.6090927,11.1383,-9.991413,8.99639,-3.341979,8.197715,-3.1053748,8.020921,1.9085141,8.155529,0.31949478,0.30416593,21.72311159568577,0.11627820844620743,0.037706937818910005,0.17533353,0.04645984,1712.466255822982,1607.5252142235881,2833.499532882643,95.703125,classical,classical.00054.wav,clean
-484.0267,67.17221,144.12991,40.28454,1.3964741,21.88759,8.07553,11.581207,4.9339266,10.759542,-2.3170042,7.502872,-2.7469437,6.861934,-6.8448114,6.5629973,-10.147137,7.6495905,-8.0566,8.592766,-7.1516705,7.7455544,-10.563925,8.140018,-7.787432,10.73989,-2.953303,11.102303,-0.26718092,8.575427,4.28538,12.3183565,5.3024387,14.194555,0.19885646,13.012352,-4.530799,13.049363,-1.880283,16.678589,0.18647888,0.28677723,22.239909391622668,0.059341288941563465,0.022818711278692897,0.0130498,0.010620829,1079.9035739320498,1389.265570149217,1764.9809940680632,78.30255681818181,classical,classical.00055.wav,clean
-81.13433,52.11852,129.09853,19.35082,-42.53483,11.768621,33.17631,10.785626,5.6636167,10.065049,-6.4022493,9.877772,-2.2610986,9.739526,7.3734436,9.3456135,-18.71801,8.042648,2.4979706,6.6832776,3.7862806,8.568946,1.9323546,6.9120717,-10.066779,7.6793203,0.9437217,6.078082,-3.5698192,6.1713285,-6.166297,6.246417,-8.030749,5.980529,3.77427,6.256695,-5.029473,5.915444,-0.85415214,6.8878436,0.31287572,0.28040737,21.085813178825564,0.09672579455301858,0.02628483352505931,0.1898476,0.060378224,1680.101088819283,1706.9703104342384,3077.8397220576144,95.703125,classical,classical.00056.wav,clean
-367.15607,94.207306,112.80696,37.93874,-18.747368,19.766813,10.16273,15.1399765,-1.6047246,9.945834,3.8029535,8.345479,0.9223538,8.432386,5.067149,9.078248,-5.3725705,13.131615,-9.522553,12.845863,-8.495645,9.46493,-1.7838283,10.102591,1.299132,13.360965,-3.8675704,10.86271,-2.641309,11.699647,-1.0574461,10.092693,-1.2753584,7.4858847,-2.5051804,9.858107,-2.5693927,14.455173,-4.069762,12.332267,0.2538498,0.29792327,20.521446806761325,0.09525792738970588,0.04080153757116091,0.016770324,0.009566412,1751.7302668488364,1930.492879116651,3236.6554283874325,107.666015625,classical,classical.00057.wav,clean
-349.95245,41.935406,161.85112,18.33834,-3.3711889,16.414099,14.167044,8.709032,5.733972,7.504628,3.5160558,7.5594325,2.9774911,7.5453176,-7.090642,8.539815,-7.917532,9.786611,-0.36460108,12.830285,2.8495579,10.136751,-2.4810455,9.863011,-6.7919483,11.943971,-8.835341,9.1342535,-6.662253,9.656652,-4.9016824,9.185065,0.09311981,9.685603,4.2603326,11.947492,5.096892,8.975263,2.6105816,11.714966,0.26571426,0.29625654,23.957754742813123,0.08186836360777863,0.02628212605128485,0.029987613,0.011119149,1137.9529528789533,1480.5844174307704,1821.2139873681792,143.5546875,classical,classical.00058.wav,clean
-197.15273,75.00913,137.3531,24.626093,-34.188927,20.408998,25.362162,9.278475,-5.266597,6.7835107,-2.777788,6.565134,-9.506929,6.023241,-7.6099873,6.28513,-7.6446853,6.96698,-5.6678395,6.499182,-4.3867764,7.236158,-5.4302173,7.118085,-3.5417912,6.918944,-5.6679225,5.8832264,-1.8943717,6.106297,-2.8863933,5.8383403,-3.475987,5.906541,-4.022116,6.956294,-7.3003592,7.5719233,-4.2040553,10.402735,0.28258342,0.28761044,21.80759994194173,0.09329951141640867,0.03014453469291171,0.069151305,0.035854626,1551.8652270368914,1651.7061355226538,2841.9578150699012,117.45383522727273,classical,classical.00059.wav,clean
-166.43155,57.2064,122.135544,26.36772,-32.106792,14.952005,16.685278,7.714169,-5.4006796,6.5668616,-2.487123,6.609678,-9.832806,5.5066304,-4.9005094,5.58682,-6.974422,6.2397885,-4.571057,6.642788,-6.6684146,7.401411,-5.497281,6.049907,-5.3725696,6.478449,-4.9623013,6.449634,-2.791163,7.3192186,-3.1922193,6.0698895,-4.085201,6.1659527,-3.5495975,7.3617277,-4.6303477,7.0876446,-1.1654059,7.89202,0.30526578,0.28725654,20.993924736953144,0.10401637782991487,0.03171899577332348,0.0687404,0.026964271,1803.525958968436,1898.0267311684952,3366.3129776993032,123.046875,classical,classical.00060.wav,clean
-274.38638,85.82857,148.3534,26.263617,-20.334356,24.899847,21.812437,9.672348,7.930837,13.786191,3.7759368,10.110924,-2.2328162,7.241384,-6.1013494,8.355,-5.629294,7.0149813,-6.6894984,7.3774633,-5.906605,8.618488,-4.5950003,9.376488,-1.5465237,9.193402,-3.0266492,10.591995,-4.695847,11.221551,-7.7213106,9.218585,-7.2142706,10.160521,-5.4065905,9.08233,-5.2479424,9.609445,-5.273998,9.355764,0.28175208,0.28878072,22.711793357343776,0.07612614587364551,0.027809245768006655,0.048178677,0.030193407,1322.6998486991345,1591.2842180370199,2474.968367538216,151.99908088235293,classical,classical.00061.wav,clean
-305.4226,139.76178,135.9234,32.486618,-11.752712,21.471775,18.215021,10.405195,10.38905,12.172966,3.0129588,7.847431,-5.5959153,9.335309,0.1417254,6.6077433,-1.3495618,7.308969,-1.8677533,5.795377,-3.2052636,7.071764,-6.742522,6.7243137,-2.6944177,7.745543,-5.5971813,5.440296,-4.5236397,5.565355,-4.7845087,6.088061,-5.3687057,7.4853215,-2.6217139,6.591617,-5.8361917,6.5713406,-6.929955,6.9026093,0.32029328,0.29809037,20.694422853406483,0.07404603751451239,0.03514638407929262,0.0389268,0.03617834,1474.8137600109778,1813.3646552075554,2809.8330093242066,89.10290948275862,classical,classical.00062.wav,clean
-465.86432,38.549152,180.20541,20.84852,56.636234,17.96019,11.02556,11.725822,5.8447804,6.995511,0.7319184,6.9536595,-3.974208,6.6311407,-5.888048,6.5821767,-8.464273,6.5451927,-9.792967,6.4450116,-7.6927004,7.0473595,-3.2534184,6.7252936,-1.8652483,7.1396065,-4.019154,7.930917,-4.1090255,8.619422,-2.469733,9.142864,-2.3577726,8.08487,-2.9964194,7.485408,-3.223165,7.7240977,-1.7109013,6.032907,0.22674662,0.2931307,19.788425782226184,0.036054203753869966,0.0066329535752611924,0.020152481,0.013462424,690.354003458877,1358.3864436297902,749.5288010352167,95.703125,classical,classical.00063.wav,clean
-498.68024,67.73988,145.66776,30.076118,46.47074,28.604969,15.253132,15.244345,3.067774,9.662045,-0.8257451,9.284138,-5.210668,9.019142,-6.1987047,7.9132247,-3.8057756,8.626589,0.08864194,10.265799,2.7183187,9.32981,2.2182074,7.650922,0.24392757,8.678639,-0.45965162,7.719748,-0.87284726,6.6636634,0.5873402,6.2841673,3.2759447,7.389377,2.2999613,6.789772,-2.5685794,6.1672397,-4.8113203,7.0342555,0.19892912,0.28651938,19.708133008249764,0.04229906395123839,0.012412360354917716,0.012561125,0.013867905,1118.5116673005261,1945.0334998903515,1876.2136547927148,89.10290948275862,classical,classical.00064.wav,clean
-421.71588,69.635025,172.79298,25.069345,28.108295,32.159943,-2.5769753,13.275838,-3.565678,10.817615,-4.865174,9.681495,-8.889885,10.35953,-10.696762,10.928993,-7.6852007,10.234219,-7.9576306,10.010066,-7.334867,11.270849,-2.7171748,13.523867,-0.917533,12.840618,-4.206839,9.178051,-8.415388,7.705129,-8.393857,7.655211,-4.1280904,8.049355,-0.41836652,7.395969,0.08662471,8.906949,-0.2605472,11.601201,0.20719388,0.29158115,19.78764535519818,0.047511806428986066,0.014663807634009174,0.029191138,0.02243356,828.8254940016728,1326.0473265268788,1013.5772043706463,123.046875,classical,classical.00065.wav,clean
-429.35043,64.98822,175.13577,29.929533,31.91132,27.663729,4.282115,12.217208,1.0457516,9.727638,-5.7668777,8.198855,-9.477816,8.138006,-11.283073,8.841019,-10.581981,7.9849615,-8.664747,8.534219,-6.33389,10.334398,-1.6819392,11.005221,0.81892663,11.698725,-0.18230256,10.000553,0.035870627,11.003347,0.20540485,11.247523,-1.8460841,8.893315,-4.415224,8.415873,-4.9679823,8.576895,-4.601114,9.433471,0.18708833,0.28568774,20.748622322905675,0.04503222958591331,0.009674421185234575,0.03171597,0.023293355,795.1394730921776,1296.1593175882567,1007.5022411051181,135.99917763157896,classical,classical.00066.wav,clean
-413.57153,107.40965,143.4208,47.8512,31.354317,37.34424,14.031839,13.529726,1.528158,12.927327,-2.2939951,9.753758,-6.4803357,10.406727,-8.104997,10.825286,-5.9279113,8.587626,-4.468454,8.608446,-2.7899306,7.9320245,-0.81487507,7.211982,-1.2128333,8.468843,-2.3862696,10.030413,-3.8151693,9.037895,-3.5195014,6.6750126,-2.7149518,5.6349545,-2.386343,6.7596464,0.621123,7.731711,2.6633341,8.081572,0.26750588,0.30013254,19.389080150084286,0.046355350836880804,0.01652557912855383,0.031677265,0.03648887,1117.9494607534973,1702.2297462979504,1993.387946255805,143.5546875,classical,classical.00067.wav,clean
-234.41783,63.37788,130.25517,16.013744,-39.531143,11.08876,19.335638,7.827437,-6.793275,8.212188,-5.1301126,6.2829037,-3.7073677,7.0267415,-4.0360165,8.48681,-5.071877,10.53606,-1.3683323,6.5005894,-7.73577,8.486792,-4.382001,9.135136,0.46520543,9.6909485,0.78497344,9.860207,5.4507375,9.956787,8.774231,10.061876,7.0391765,8.135521,2.4160001,9.788584,-2.308834,9.871325,-0.24570014,10.490412,0.25728822,0.29158038,22.169441435731287,0.09520237217008513,0.01843989100138561,0.057378534,0.029722208,1559.8986812117996,1616.1274908762382,2812.9663237108166,83.35433467741936,classical,classical.00068.wav,clean
-321.1795,41.99681,136.29668,16.868376,-28.299364,14.048756,31.01146,10.074852,0.5664155,7.3672333,0.23202671,8.384081,0.6554856,7.349368,-1.3426684,6.84033,-0.057697013,6.9206066,-0.42475155,7.8381524,-6.1809053,8.201573,-0.14451802,8.476526,-0.45611694,9.671109,-0.7306296,7.9701715,7.474551,9.94528,10.973123,12.619297,7.8342543,13.620117,4.3253202,10.448072,2.9853895,10.342773,5.8490076,10.222704,0.23668899,0.29204428,22.747978639677434,0.079280321812113,0.020982316154346026,0.029149206,0.012187736,1349.5963387962488,1523.0865015769245,2443.718556501548,69.83741554054055,classical,classical.00069.wav,clean
-321.19263,84.754776,134.53426,23.95472,-18.23528,18.508823,22.17988,9.200348,0.42954087,9.115321,-3.805615,7.3437247,0.4953531,7.006907,-1.1447424,7.3808823,-1.9025488,8.687014,-0.105402045,9.053721,-2.7555182,8.149285,0.59320694,10.283618,2.4970193,8.888767,0.30708158,7.819336,1.6812915,7.9513717,2.8881426,7.8619742,2.0844862,8.480181,1.1636722,7.0724754,-2.393689,6.842188,-3.407903,9.919305,0.24424577,0.29651695,21.289802439553167,0.07085595854295666,0.023769307352814645,0.031904,0.02620659,1355.9997806964761,1615.8946768160683,2522.8430780463914,161.4990234375,classical,classical.00070.wav,clean
-269.69882,70.4567,136.47507,20.19409,-25.00176,14.961593,26.395002,8.970952,0.6870048,8.381132,-5.381706,5.4802904,-1.1201948,7.180627,-1.5102575,10.072043,-0.16106205,9.603159,-3.7851603,8.028975,-9.28722,9.03471,-3.1484404,9.7180395,1.6416065,9.790772,0.67547303,10.926349,1.898123,10.814892,2.231688,9.784349,-2.1227548,9.30574,-3.6631796,7.7527957,-1.077265,9.401555,3.5317945,12.849669,0.20815396,0.28747764,21.080491473909017,0.07585706208881579,0.023570522487004263,0.05169907,0.039893553,1396.7861186062223,1574.0882214689257,2615.034187246033,143.5546875,classical,classical.00071.wav,clean
-360.83704,82.25546,138.98073,28.993984,-12.931409,14.175501,33.80207,9.102297,7.5938,7.5640693,-1.7090735,5.945146,1.0358477,6.1315837,4.07697,5.780923,3.9310114,7.3833046,0.9335503,9.922815,0.5041116,13.258036,4.682116,12.894903,3.340199,8.769201,-2.2543888,7.9488163,-1.8542651,8.631607,2.2155046,7.146027,1.7880185,7.9938216,-1.5159181,7.440508,-3.251121,8.758908,3.9964302,10.087966,0.27944195,0.29260868,20.99688030852109,0.06374980347813468,0.028602283440733588,0.020721398,0.01419566,1285.1523138296154,1660.0260788422988,2477.143354386368,117.45383522727273,classical,classical.00072.wav,clean
-306.78555,75.52226,152.90353,25.932365,-27.586826,18.663315,16.319193,15.20308,-3.155099,13.280631,-8.931759,10.224153,-5.4318347,8.64158,-9.781289,9.315451,-7.1121745,8.618426,0.2934659,7.973286,0.8718292,11.993125,5.4160614,14.103358,8.195814,13.199363,4.202757,11.427992,2.0560663,9.170062,3.0276268,9.114084,-0.39087495,8.259221,-2.8138077,8.151732,-2.9029148,10.109882,1.3315637,12.375188,0.2163273,0.29063994,21.515281163729824,0.07093910240905572,0.022189483476095694,0.043812327,0.023809152,1211.3527919075634,1337.8952917810352,2104.7456062246033,129.19921875,classical,classical.00073.wav,clean
-289.8248,84.771545,143.90314,21.01196,-26.996418,11.494019,24.06762,8.367143,-1.1449988,8.050723,-6.2989807,8.293493,-2.749417,6.3201427,-3.5280802,6.1720457,-3.0203986,8.153153,-3.1464949,7.5811677,-7.256325,6.8418164,-1.6778028,7.3964934,3.0785978,8.472771,2.680053,8.599718,2.5299106,7.752726,4.6131744,7.961812,2.374803,7.395577,-1.2788942,6.712752,-3.5456932,8.649578,-2.806715,10.352289,0.23741013,0.28844804,20.441175340506675,0.07211672189434984,0.022112688936024073,0.037271157,0.026768878,1360.0001055902917,1572.5229886349002,2568.7761336288218,161.4990234375,classical,classical.00074.wav,clean
-412.95926,61.39418,138.51984,28.279606,-19.262383,16.351915,34.146683,8.580564,8.975063,9.024974,-4.2944713,6.0024595,4.1525836,7.503428,0.88195026,7.6052313,3.0793786,7.0720043,0.12249623,8.500025,-4.057185,11.207878,3.7797232,11.098069,5.917003,12.635534,3.4958465,14.220447,6.631978,13.5052185,6.7447453,10.674485,2.4679756,12.591404,-1.8811083,14.164076,-0.058646023,11.143839,2.730016,11.373655,0.21740316,0.2929522,22.691635096846973,0.0608847414376935,0.025786267477004098,0.016478458,0.009989277,1171.8444805151357,1467.2055609007757,2235.9864792956655,117.45383522727273,classical,classical.00075.wav,clean
-238.59631,73.950676,149.78308,23.749903,-28.872139,13.249538,28.239666,8.886808,-0.8014045,8.031623,-3.9247715,5.4540524,-2.135668,5.738,-4.334019,5.411198,-4.1872807,5.7326746,-3.438998,5.875284,-5.771543,7.3474827,-0.12075097,9.174289,2.5199797,9.930978,0.68883616,8.428025,0.07483964,8.46986,1.7069906,6.553,0.6496945,6.3329654,1.4659426,7.829489,-1.8280259,8.466527,-6.239791,9.112043,0.26045907,0.28992277,20.39358597773943,0.07171347414376934,0.022655462261553693,0.05884206,0.03754213,1340.3686109090386,1539.119153209508,2522.134748996227,172.265625,classical,classical.00076.wav,clean
-477.97784,92.71363,155.31071,38.828705,12.760654,28.30201,5.525207,15.163919,2.377073,9.798439,-10.652259,10.863764,-16.648241,9.100839,-12.547405,10.276102,-11.190111,13.140334,-9.378248,11.487208,-3.21803,8.131529,-2.7673488,10.945721,-6.4684463,9.505673,-8.300396,8.226942,-7.093545,8.347967,-7.4725733,7.8983126,-5.3243647,9.927375,1.2635611,11.296059,1.8797898,8.443593,-1.6579897,9.126318,0.21903363,0.29078126,20.79475358382594,0.04834475679663313,0.015943550691569632,0.016752148,0.017732562,811.9966754623425,1009.4095310881751,1236.3091908741292,161.4990234375,classical,classical.00077.wav,clean
-552.1063,40.582542,173.36296,25.859638,26.35445,14.174655,14.122476,8.451181,7.259276,6.8003206,-7.084969,7.44061,-5.859201,7.5164866,-10.342716,5.9911366,-11.022791,7.7435236,-9.200838,7.3392897,-8.827268,8.623216,-4.9303,10.006458,-3.6547,7.913647,-4.282815,8.2452965,-3.4607012,7.445104,-4.82143,6.7630024,-5.679628,8.221512,-6.546866,7.189089,-8.206826,6.9015107,-6.4508395,7.6505527,0.2251506,0.2897857,19.825406370610427,0.04129340109810371,0.010510062190732826,0.006631079,0.004403584,715.477296116993,1030.6024311736521,1037.702058490954,67.99958881578948,classical,classical.00078.wav,clean
-437.52524,63.85527,170.9714,28.69524,7.386171,25.683376,-3.108705,11.245579,0.7773013,11.724911,-11.135056,11.463842,-12.523805,11.065164,-6.900927,10.545816,-5.8500524,13.924883,-8.455719,11.248718,-8.472509,12.618786,-8.329373,14.729174,-7.3738,11.227196,-6.733424,9.659445,-6.0883675,8.296541,-7.0600677,9.169065,-6.652507,10.069938,-4.2910247,8.550523,-4.3992434,7.736818,-4.9159975,10.143132,0.2177277,0.29197282,20.256634677589787,0.05211230771091331,0.019085273800894753,0.01884352,0.012051326,790.4782247441893,899.9797791776052,1159.4013225921537,143.5546875,classical,classical.00079.wav,clean
-549.6238,87.917244,156.95288,39.011806,6.6107116,23.346876,34.415283,8.6579485,13.258632,8.037953,5.755012,8.443401,5.0514054,9.024745,-3.0009751,8.612784,2.0665765,7.3138657,3.0773382,5.5329876,2.0167964,6.55343,3.2401438,5.530004,5.666261,4.157429,5.7039456,4.1418066,3.6319153,3.9256933,4.0980306,3.7916064,4.334258,3.721153,3.3654845,3.935712,2.628941,4.5370483,1.6571876,4.870163,0.43804654,0.3067964,16.90747026527947,0.031537602191369966,0.01124487629262521,0.0052696657,0.0054506175,973.5547961720958,1617.4354313658503,1911.3134425491003,143.5546875,classical,classical.00080.wav,clean
-374.73544,55.63728,153.82092,24.244442,-21.55533,15.040616,20.830206,9.685559,7.003569,8.237532,-3.9481635,8.295179,-2.5215898,10.105411,-2.8035052,7.8264112,-4.2827654,8.202738,-4.499873,7.6913214,-5.7614007,7.016578,-4.259625,5.9648013,-3.8435433,6.982281,-4.5857606,7.057519,-3.6389859,6.64802,-2.2903485,6.8419123,-3.1275449,7.3952055,-0.21475938,8.185386,2.6295164,8.7059145,1.8175368,10.137964,0.26684135,0.29022312,20.722819068265306,0.06055896865325077,0.020827313620755298,0.016512703,0.0070088822,1214.3345474841144,1540.2928528467166,2164.4285786631676,151.99908088235293,classical,classical.00081.wav,clean
-264.05682,54.07283,142.12021,33.107914,-51.35426,18.642967,5.0189214,10.889715,-20.266205,11.308122,-17.137808,9.643684,-16.06992,9.636476,-20.311367,9.018207,-15.042228,10.283143,-9.738147,8.267569,-8.402028,8.286581,-11.775308,10.98554,-6.8804574,8.92446,-4.6050215,8.701521,-2.0530016,8.16306,-2.3747227,9.955838,0.9640727,7.6962786,3.0177257,9.596641,1.3792967,11.333521,5.554171,9.663466,0.2827168,0.28831142,22.623662526949172,0.08737929022349071,0.03117456608626121,0.04296314,0.0147623,1415.311188046843,1449.1088964498642,2489.984943401703,117.45383522727273,classical,classical.00082.wav,clean
-338.7873,61.9525,190.10437,21.263166,-16.304815,26.060709,3.7044485,11.949527,-0.44790432,9.711229,-8.884474,7.0426297,-10.400301,6.1599584,-16.36604,7.3413644,-13.285849,6.036081,-10.799826,7.401782,-8.649679,6.8019056,-8.285074,7.4849386,-4.6188025,6.4352717,-3.792578,6.160493,-4.5501957,8.366582,-3.6639328,11.319819,-0.94268084,11.424025,0.53896534,8.536366,-0.26442832,6.5176454,-1.5641769,7.8721094,0.24464235,0.28699625,22.25408878869824,0.05079296572658669,0.01080585346299701,0.041872445,0.021725154,853.4404819807713,998.610274713463,1401.899856236697,117.45383522727273,classical,classical.00083.wav,clean
-369.13687,76.08087,171.89467,15.063887,-27.26967,24.041046,6.0176673,13.190881,-0.14046475,16.66759,-10.669237,10.71125,-11.915659,8.756397,-10.19332,6.8626175,-11.368732,7.803773,-10.511278,6.6364946,-8.377622,6.0398254,-9.789241,6.4139223,-5.0547614,6.7362595,-5.081166,8.531062,-3.0338256,7.3178835,-1.7272465,7.066574,-1.8499659,7.712497,-2.2594447,7.094623,-1.2759857,8.142731,-0.43458486,7.197154,0.24545789,0.28308785,21.246153799579385,0.05794825125773994,0.013362718269365801,0.021968717,0.013925985,1002.3644432557223,1152.462681781211,1733.6895166166796,112.34714673913044,classical,classical.00084.wav,clean
-246.21837,76.47038,149.44388,38.45965,-41.973816,15.513178,11.606411,9.869555,-10.287587,7.820534,-4.0184045,7.5594945,-7.1389446,6.770273,-10.137027,8.250062,-9.425965,7.9705067,-7.1766233,7.8564405,-3.1531365,8.821148,-5.6295013,7.830307,-2.5816011,9.699263,-4.5165157,6.6316514,-6.1636004,5.850609,-4.9719005,5.5107393,-3.3493166,6.224218,-3.344111,6.7034826,-0.6730955,7.14742,0.21787973,8.896231,0.30964005,0.2801093,19.061077813272778,0.09158788155476007,0.029153492452047302,0.038878046,0.020150715,1525.6012665401886,1588.1610240876316,2732.8751413445725,107.666015625,classical,classical.00085.wav,clean
-283.4352,73.45309,159.55325,35.882317,-29.518972,12.832716,18.540627,10.050241,-9.879667,10.603727,-3.4205968,7.196112,-10.990983,6.643123,-9.78434,6.5829744,-8.296977,5.9657397,-4.2428293,6.578065,-2.8664072,7.3474803,-5.969815,7.873333,-4.0209274,7.906171,-3.3497477,7.4037547,-3.3910906,7.327809,-1.8592801,7.529267,-0.4466216,8.279358,1.8976356,7.507345,-0.110351376,7.6830096,-2.8223317,7.0775123,0.3121317,0.28547812,19.501588443026613,0.07686121323529412,0.0317573257761655,0.031511255,0.018902013,1356.517262209537,1495.192128266221,2496.8682351127127,99.38401442307692,classical,classical.00086.wav,clean
-393.0342,71.15457,190.77562,19.565535,-13.312166,24.27389,8.263634,8.786366,1.5518678,8.160263,-11.0807905,7.3461485,-11.244869,6.6264753,-13.998271,5.8552575,-10.620688,6.9760594,-9.390383,6.48323,-4.613558,7.214956,-10.067735,7.640174,-4.815257,7.2256002,-1.749237,7.2914,-4.6786695,6.9212337,-2.1273618,7.0786753,1.0223783,7.036057,1.3087288,7.9127502,-0.15664078,8.177369,-1.4133813,8.806859,0.27444816,0.288848,21.147248860872715,0.051046554518188854,0.012577643145683451,0.021436756,0.011239038,876.9626952356689,1108.6920910513386,1457.2911879595588,123.046875,classical,classical.00087.wav,clean
-299.7918,70.340126,157.32382,18.214058,-37.35202,13.975195,15.766813,9.245681,-5.7569356,9.204129,-4.4540663,7.4848843,-6.8151817,6.2557235,-10.736592,6.402839,-9.884848,6.914867,-8.157444,7.566148,-5.422234,6.5054426,-7.8400235,7.18944,-2.7306187,6.5664124,-1.1097304,7.401105,1.6480833,8.035735,3.6400816,7.6769423,3.083553,8.561616,0.10869988,8.375349,-0.796485,7.0034246,-2.7367735,6.903972,0.2941906,0.29100713,19.463515212494666,0.07053623258513932,0.019884481962873287,0.028229875,0.01521646,1302.9045959121115,1455.72172901185,2347.3024728497485,103.359375,classical,classical.00088.wav,clean
-301.92847,51.179836,57.542442,28.63182,-59.133266,15.927583,33.542343,9.061071,-20.91211,8.502183,17.741282,9.223946,-0.64305013,13.949977,49.023754,19.628746,19.13011,15.403301,27.098505,18.811926,-17.633902,24.301636,-0.2625496,15.812771,-3.7518342,17.01666,18.160437,18.16576,9.950029,11.143163,11.609913,7.2303166,11.278923,7.0418463,15.386705,12.654897,-7.4021525,11.378993,-5.8475833,15.481513,0.21732558,0.2964471,24.39384232768861,0.16668644482875386,0.033537387128836645,0.03511974,0.014913139,2423.399228299946,1884.7467025103756,4296.815684410071,99.38401442307692,classical,classical.00089.wav,clean
-326.31674,35.382767,85.90871,18.38186,-42.98692,13.055636,31.837812,8.184839,-19.576056,9.003849,9.992609,7.241083,-16.461275,7.5129185,10.00038,7.408611,-8.5993595,9.026343,25.513212,12.877058,6.5387473,11.315484,16.400177,13.15395,3.502858,13.920413,9.5951805,11.439767,5.922759,12.755239,9.285647,10.996063,9.963878,9.59946,9.199149,10.2922125,2.789936,11.211783,-5.384016,14.516921,0.21933526,0.29369527,25.98075003364591,0.151986231375774,0.044230951995267456,0.023853911,0.010360611,2172.514738800754,1883.3803923812748,4066.9587409902283,95.703125,classical,classical.00090.wav,clean
-251.3183,56.754288,88.73775,15.145413,-41.7524,12.024441,37.908646,8.119432,-12.024273,10.604412,21.6241,8.932205,-5.8539314,11.35456,25.719711,11.523947,-5.185972,14.603808,14.301182,14.415404,-7.5509515,15.601094,10.46478,14.756512,-4.928892,15.33052,5.2614264,12.755253,0.2979502,9.498926,3.31159,7.4942474,1.2643412,8.285298,4.76849,10.468053,-2.0682452,11.007751,1.1370713,13.716539,0.22580075,0.2934005,25.773635413889668,0.1524378537393576,0.04550773734364496,0.04471866,0.019870678,2192.7057790195913,1912.0379428207473,4066.492077145414,92.28515625,classical,classical.00091.wav,clean
-299.7126,72.4447,103.67623,25.634615,-27.657272,16.983942,51.028336,10.468747,12.27966,12.13802,16.508783,8.342586,-10.941353,9.778186,-0.89493364,11.27478,3.8351672,17.85274,12.960477,14.653674,-12.398089,18.614838,2.4647222,16.311134,5.1784363,15.228694,-0.7386148,13.322174,-0.6141989,8.871493,-1.1869745,9.635388,5.9202952,10.820259,9.812801,13.0780525,-2.6650848,16.236622,-3.084117,21.384283,0.18112929,0.29747114,25.330638763511143,0.13095801385932662,0.058120977988983774,0.08413399,0.037969958,1807.4309138096598,1438.8246682879553,3072.531420822852,95.703125,classical,classical.00092.wav,clean
-207.37747,40.867878,117.60778,14.586976,-41.404255,23.38093,13.253087,12.473793,-1.6882402,8.3205595,15.532319,10.327651,-10.362769,12.659771,-1.8636898,11.902778,-12.762173,9.8021555,7.0103326,11.319539,-0.78136885,14.48799,2.0718129,12.6531725,-8.264468,13.632598,-1.4701028,14.268455,-7.088128,11.037072,0.934685,7.3113155,-5.539219,9.266033,-8.502519,10.350167,-1.4875591,11.459517,5.380053,12.987468,0.2269671,0.29787585,23.794545421964315,0.10825822670762383,0.02937307446938279,0.08248694,0.042354744,1623.829997897825,1551.4812346920505,2732.100146030863,135.99917763157896,classical,classical.00093.wav,clean
-385.7943,96.80145,128.62302,20.199263,-26.731682,21.295471,39.48326,10.791902,-2.1734614,13.16516,16.760435,7.7921977,-5.7341957,11.290149,14.724416,8.477178,-3.0906632,11.14741,12.3112545,9.033858,-5.892707,10.035681,2.792582,9.646062,3.6800177,10.757582,10.925794,8.516174,10.535347,8.196313,9.917289,8.549903,6.108795,6.774213,3.5327852,6.646257,-3.3188179,8.1503525,-3.675154,9.201348,0.3689322,0.300712,21.65802931363821,0.07015490458107586,0.035126466239741146,0.013991359,0.009005173,1424.1018503760445,1697.0207079079732,2927.490631197997,184.5703125,classical,classical.00094.wav,clean
-422.60803,82.797035,89.84974,31.83944,-18.716208,20.931747,37.78641,10.435775,6.01675,11.800338,4.1617336,8.914115,-1.9914649,10.302101,12.111292,11.105371,4.1678967,11.379174,13.7912655,12.198589,2.8296852,9.190002,5.8862886,10.297292,6.122228,15.750526,8.141636,13.534348,12.356574,11.3451605,7.095123,11.686292,2.4118736,11.22769,0.7801642,8.266947,-3.4258897,12.751873,-0.7502806,12.64842,0.22755931,0.2970408,24.0972962127424,0.12435714674438854,0.06209782256970734,0.0135638025,0.015148959,1800.6383191622829,1780.9021871187183,3426.4376141338525,86.1328125,classical,classical.00095.wav,clean
-203.61938,61.347404,111.205956,30.79597,-51.536655,13.178933,39.48582,8.060453,-10.562026,11.414155,11.9137125,8.005152,-13.181607,9.853264,15.123319,10.38269,-7.2917004,8.51011,13.3770485,10.749892,-7.313064,8.19844,3.840409,10.467495,-3.7820063,9.371239,5.304,8.712542,4.108333,8.478895,6.6450543,7.0136013,2.9929214,6.3242073,3.5416892,7.276075,-3.361932,9.328786,-3.6787825,10.403017,0.29303515,0.28782034,22.34631423832354,0.11752045339106038,0.04879891813490199,0.05697671,0.028042825,1932.8371720042155,1740.2334653481375,3573.161726913216,135.99917763157896,classical,classical.00096.wav,clean
-280.7256,33.620712,122.72235,15.166013,-14.398866,13.02153,26.855799,6.1278815,1.3519739,7.9298058,5.9942274,7.094505,-13.104071,8.200231,3.3753617,10.409613,-11.5543375,8.949658,5.1937947,8.494152,-1.0517688,12.099447,2.7634673,11.401223,0.062844105,11.082132,1.3419089,11.729623,1.5190892,10.949917,-2.2132604,9.836359,0.7730354,8.624781,-3.9691277,7.2420006,-9.135715,10.85829,-6.9251537,10.229563,0.22232276,0.28856042,23.31479466471628,0.08592124915344428,0.03027926301088661,0.036704183,0.021552127,1494.140563670137,1670.8326004789865,2781.1748492828465,103.359375,classical,classical.00097.wav,clean
-287.521,70.555984,101.73793,17.463997,-35.369,14.586216,41.282764,7.487062,-12.745122,11.320734,17.284992,7.3131185,-13.978298,10.023315,16.311886,7.8915577,-5.599028,8.674408,13.664282,9.155723,-8.790592,12.266198,-0.057105947,8.445248,-13.769377,11.328566,6.4802904,8.303594,6.7078853,11.399455,6.9852624,7.738648,7.031875,9.146446,8.390631,8.438583,-5.6107707,7.8350973,1.377122,11.139463,0.28997296,0.29796177,23.25707705938852,0.1234924505369582,0.04701987067673277,0.029099641,0.01821975,1953.012399218461,1865.8515442966848,3780.5438062354874,184.5703125,classical,classical.00098.wav,clean
-378.73932,22.141857,126.49873,12.522015,-18.81513,5.964447,42.87581,5.8602104,-14.305189,7.5475736,25.34269,6.116112,-14.64103,5.605243,18.704288,6.279304,-10.188718,8.813629,21.10809,7.9594483,4.4370375,6.0335684,18.225647,8.121745,-10.274281,7.3091183,8.953815,8.35242,1.2109159,9.803591,6.2801147,9.457726,2.5284436,9.530039,4.3861523,7.546821,1.705409,8.653355,9.987649,10.39385,0.33388892,0.2805125,22.912718576920515,0.08068318558920279,0.020146421718844017,0.010497971,0.0020694968,1524.8987119782064,1868.928795561535,3325.1048935456174,95.703125,classical,classical.00099.wav,clean
-23.184359,31.897467,70.25887,18.445404,3.818911,15.3741045,28.329025,11.645461,13.76447,10.547838,5.725915,10.374818,3.9781454,9.273742,7.4515557,7.9569926,2.6495175,7.815953,8.495177,8.507211,-2.2885163,8.552544,2.0798767,6.4754357,-3.3781197,7.9202743,5.1236925,7.1079893,-0.1764189,7.208727,0.35927144,8.292105,0.58419937,7.3609424,4.0280023,8.608336,0.92438954,8.2868805,4.08801,8.591435,0.38354596,0.28497344,19.807921972163427,0.10713729622194272,0.0418871334059627,0.24838431,0.026706675,2797.969870734425,2847.657470456079,6220.629051373839,86.1328125,country,country.00000.wav,clean
-8.001197,18.987032,62.728,9.65289,-1.4580808,12.179396,28.115849,7.7927465,9.9723625,8.579517,9.353735,10.320398,5.420156,7.0390935,9.825023,7.302872,3.0283055,7.797085,8.426978,7.4040318,0.3110378,6.9522257,6.545156,6.1718,0.7390595,5.572092,-1.7741017,6.9540763,0.8506021,6.901388,2.9827793,6.1001782,-2.7668254,6.7909856,2.8226826,6.9852,-1.7435719,6.663097,0.9709401,6.934674,0.41387546,0.28160706,18.4603055527851,0.12698751632643188,0.02962192975991973,0.23043084,0.021256268,2937.8328051469803,2839.590747196393,6279.203697180969,129.19921875,country,country.00001.wav,clean
-120.72672,41.06487,79.31613,21.180708,5.453445,18.737738,34.812138,13.703669,16.550337,10.002055,13.15254,9.182986,6.2395873,8.11098,9.984545,7.417721,-1.9874377,9.606072,6.7651973,7.8547554,-6.290685,7.0829096,0.2770041,7.263345,-6.7018795,7.9778996,1.6440436,7.104314,-1.7412106,6.543182,-0.6663896,6.1178784,-4.842762,5.981148,-0.2831709,6.375044,-5.389651,6.623477,-1.9393582,7.836282,0.29724708,0.31190246,18.848895454902287,0.0741337165005805,0.06309381282543829,0.14610802,0.039308127,2307.5397576425735,2618.0952399297303,5187.343632842734,83.35433467741936,country,country.00002.wav,clean
-57.75979,36.567272,95.76648,28.702124,-10.109319,20.353632,40.979637,13.900382,13.979035,11.559926,-0.9898583,13.093038,-0.18847127,10.344227,7.4250774,10.045149,-3.6333375,10.178609,9.545139,8.977859,-2.9410644,8.63831,2.4362512,8.950903,1.9947803,7.29988,-1.2870497,9.24512,1.3565392,7.1887293,4.4236846,7.814033,-6.5204806,7.983139,-0.03459857,6.8827386,-1.4115795,6.4120297,-3.0789087,7.194155,0.3769877,0.28946418,20.605520248415505,0.1025643835864938,0.04864669971210088,0.2042707,0.043812517,2174.1604935047117,2281.058760714112,4348.07370779315,161.4990234375,country,country.00003.wav,clean
-20.78135,19.53648,62.950428,12.512724,2.3044403,12.706579,30.773718,9.653581,6.973462,7.8836384,6.5058117,10.732003,6.3236365,8.308581,9.873086,8.500849,3.435297,7.224203,9.372202,7.4369283,-0.404158,7.239142,7.5194154,6.4609427,-0.9842739,6.592605,4.0191503,6.057441,-0.6624488,5.808681,-0.06125193,6.2681813,-0.16676487,6.5683346,0.24374017,6.940892,-5.4381933,5.810756,1.8272818,6.642282,0.3827643,0.2860579,18.681123854397757,0.12416100280572756,0.03553262765514058,0.2093933,0.028376399,2966.1571589936843,2848.1234947138532,6349.4199392596265,117.45383522727273,country,country.00004.wav,clean
-24.692423,27.496702,62.388386,15.932811,-7.7689857,15.280561,28.530289,11.504247,10.947266,8.988818,5.6092887,9.28905,0.03292086,8.180736,13.834209,8.241592,3.0137305,8.084328,9.866081,9.747343,0.81874436,8.3209305,5.8707213,7.570267,-1.2669297,7.8293276,2.994797,7.771468,0.94076437,6.755473,2.08431,7.701113,3.0438795,6.794574,3.0530634,7.0782704,-0.13393758,7.7082605,3.6150692,8.255715,0.41735208,0.28771016,18.468209482235615,0.13645079999516255,0.04738494265308824,0.20384075,0.038177334,2926.865766278933,2736.268564740949,6172.429342830882,129.19921875,country,country.00005.wav,clean
-23.14604,24.340397,71.35541,20.720373,1.3973156,16.531153,24.474508,11.69539,16.34997,12.482796,4.5169725,11.33077,-3.9798617,8.87747,18.038275,8.158137,-3.358467,8.411009,2.474037,7.6308346,2.9799597,6.959296,0.83682466,6.689743,-1.1464858,7.664667,0.16857764,7.6393557,-3.3017209,6.5053306,0.18618388,5.908449,-1.2149609,6.5761924,-1.5663674,6.039038,-2.7524984,6.3874054,-2.110104,6.4091597,0.42083368,0.28218862,18.943218340796513,0.12843724300986842,0.05298633131529305,0.21448013,0.03988313,2800.214423030315,2773.173156404822,6004.497024961301,112.34714673913044,country,country.00006.wav,clean
-20.81746,28.347754,64.90752,18.35739,6.7671013,13.926512,26.357126,10.722819,11.665423,9.762289,13.185629,8.153298,-1.9791069,9.339266,8.582197,7.56776,0.4728952,7.3199515,7.441096,7.6929026,-0.41490933,7.4301248,6.945586,6.774068,3.6606066,6.4287868,2.0337164,7.019476,0.6502081,6.1945405,4.3827734,6.701733,-2.802764,6.7383666,2.975754,6.796078,-1.840282,7.848491,-2.3632526,7.9076395,0.42144912,0.28685293,19.47225445385936,0.11293582502902477,0.04223924747191198,0.24406008,0.025491852,2898.787368032488,2878.9661651993006,6400.052966421972,103.359375,country,country.00007.wav,clean
-19.72382,22.902485,76.66849,19.219284,-4.84972,12.581663,32.24758,12.392753,7.6701546,10.96452,17.224527,11.20421,-1.4669178,7.7818136,9.14332,7.4345946,2.7177043,9.717079,9.111842,9.046762,-2.6976073,7.9113894,7.5035057,9.230531,0.33303124,7.6085134,4.9300003,8.71327,2.801467,8.902631,1.8928756,8.715133,2.4545383,8.775944,6.401708,10.641642,-3.3361027,8.533651,6.319224,8.582121,0.35535052,0.2881241,20.422015151205606,0.10473972946497678,0.03445165462744043,0.27419725,0.032056443,2506.169376457896,2573.5151280626237,5478.791870495114,66.25600961538461,country,country.00008.wav,clean
12.1632,13.818475,58.97738,12.007321,0.9188625,13.5184965,26.749123,10.885605,9.2547035,8.696587,3.5763056,9.290091,1.583151,8.285004,8.648173,7.1514277,0.97104156,7.8359423,11.62741,6.720541,-2.1597261,6.647069,1.1948514,6.3178124,0.4723694,6.264102,4.408359,6.25641,-0.17110053,6.8810925,3.0999486,6.5384827,-1.1844648,5.8605905,4.545524,5.294235,0.8650014,6.0109777,1.2720963,5.9621625,0.42975277,0.271723,18.091850867231603,0.15687886996904024,0.04011588050480956,0.23653284,0.036675133,3191.4845774083215,2948.097882896547,6926.349783977119,95.703125,country,country.00009.wav,clean
-197.73265,65.215195,106.509026,30.608866,-4.4345407,24.046225,37.64394,17.874138,-0.86065483,17.29681,-0.95550233,12.700591,-3.4480147,12.071758,-0.05124232,9.504444,-9.299326,12.33597,-5.1646576,12.418066,-4.2450776,9.93222,-3.5471113,9.769666,-1.3499807,8.673932,-7.1235623,7.1735773,-1.6197429,7.271992,-2.4868119,6.918596,-5.0532327,7.8260875,0.30241525,5.9666014,1.0691494,6.4995112,-1.6592697,6.854086,0.29136452,0.30319393,19.597094401055188,0.07651125314434984,0.049412810262778016,0.07468149,0.0334638,1861.184983990783,2127.1802137761574,3768.960542944563,80.74951171875,country,country.00010.wav,clean
-199.0945,73.16859,61.186787,37.523884,9.970173,23.43952,23.455229,15.4994755,10.266042,15.163015,0.021369297,13.334575,8.005174,12.736345,1.1249682,11.479874,-4.8876796,10.9677515,9.501938,11.257551,-6.344292,9.399788,3.8612268,10.457489,1.6283535,9.890135,-1.3461187,10.798794,2.6031919,9.596025,-3.5718606,10.900233,1.9763373,11.563343,2.5352304,11.380146,1.0390568,12.887358,-0.98147744,12.666091,0.3009386,0.30750358,21.386419114299386,0.11010515431501548,0.09543314651913731,0.07848472,0.042720094,2838.2033521252542,2798.4000706520005,6046.530104126355,112.34714673913044,country,country.00011.wav,clean
-141.0231,44.46576,123.89308,34.0214,-2.4948008,18.325802,27.972536,14.834349,0.012813225,14.244948,1.216624,9.068672,-11.020722,10.9946,-1.3764036,9.998422,-7.020709,8.189176,-6.118951,8.188305,-5.192486,10.044391,-2.168428,7.5665264,-4.5938883,7.4138074,-2.3405595,7.3858256,-1.1824416,6.915282,-3.964283,6.363011,-4.2342577,6.5386925,-7.813797,6.213683,-1.6731255,5.8694816,-1.0846561,6.3799486,0.29649943,0.30001786,19.309266819901406,0.06406763980263158,0.033248380712671756,0.12687828,0.044439998,1667.8626239303642,2053.1917197851853,3440.6958612495164,89.10290948275862,country,country.00012.wav,clean
-126.18547,45.641323,77.63614,23.192753,3.1659162,18.685165,19.95085,10.317441,10.833182,13.153555,0.7266967,10.192545,5.2176957,9.538225,-0.49295208,8.867151,-0.9993631,8.832314,5.3890133,9.33445,-3.735502,7.387869,-3.5004709,6.7965755,-5.3318467,7.055592,0.28486118,6.9797015,-2.0108876,6.6987534,0.8345813,7.5622053,0.3288452,8.324227,-1.114898,7.585931,-4.387004,7.5692134,-2.6085505,9.5933275,0.3681032,0.2938501,18.68514019426759,0.12956497617550308,0.04883861052443066,0.080029346,0.033342574,2812.414612083667,2842.082595520709,6062.846672128967,129.19921875,country,country.00013.wav,clean
-124.6331,48.315887,72.52177,24.349167,16.71368,17.606943,18.248219,13.4246855,12.224788,10.996018,8.088155,8.943239,7.982229,8.176419,-0.5219015,7.8175063,2.3674657,8.702329,-0.5643611,7.6294446,-5.5733914,7.0264025,0.53877306,7.8135376,-5.067154,7.8451424,-1.1601871,6.9899817,-3.5754244,6.8836527,-3.6894362,7.2294545,-0.16906023,8.260815,-0.64208156,8.026085,-4.1438947,7.922674,-3.999883,8.834044,0.36476815,0.29693672,18.999563694350044,0.12474225401509288,0.08164670134290412,0.09264681,0.032391056,2951.9486784809105,3036.2061234055395,6568.8436124346945,135.99917763157896,country,country.00014.wav,clean
-116.17638,49.395573,111.72995,28.803204,-5.245513,18.122065,33.995697,9.905096,-12.458564,10.455737,4.2506166,7.369265,-14.428153,8.272279,8.494949,9.295258,-8.19823,9.737219,-1.3456503,7.219788,-12.559847,6.1628895,-5.005492,6.441248,-2.1499324,5.760259,-1.8379672,6.259305,-8.272397,7.0078177,-3.0211012,5.2403755,-5.472165,5.2545986,-2.941531,5.0905433,-2.636676,5.7862387,-3.3716757,6.343673,0.37969851,0.28212002,18.73760895488224,0.09426624782314241,0.04685038846914127,0.104739495,0.025843909,1959.337324250709,2147.1033968251777,4208.8912160773025,151.99908088235293,country,country.00015.wav,clean
-210.17332,57.79224,139.61768,28.637115,-16.979992,28.386663,58.003017,14.299013,-9.654812,15.269635,-1.9645078,9.107383,-18.001234,9.510177,-8.207504,7.814722,-11.778446,8.732962,-7.882443,7.511264,0.6071054,9.857679,-9.965226,6.5919695,-6.466774,6.239518,-3.8483524,7.2933583,-12.04527,6.40572,0.31746754,5.845196,-8.04239,6.730173,-6.79309,6.6626735,-1.8463358,5.8188853,-5.9385214,5.832333,0.32257736,0.2969835,19.59447646836621,0.06017386138254644,0.024269573067012565,0.07976905,0.027494837,1425.8089845409772,1648.61482287627,2880.507581964735,107.666015625,country,country.00016.wav,clean
-171.339,57.676807,137.35457,32.472713,7.9645786,11.354983,28.539564,9.639708,2.7081969,12.020756,-0.5015101,7.7389708,-2.9561005,5.877518,-1.1593422,8.149682,-6.1596603,7.466303,-2.4005284,7.9627213,-5.853389,7.18312,-2.1666093,6.6139174,-5.3437123,5.988578,-2.7834225,6.1225395,-1.5698565,6.3055735,1.2948381,5.1376457,-3.4124446,5.799943,-0.8946278,6.9613914,2.633026,5.739079,-0.09977302,6.613307,0.3571866,0.28404346,18.74961562428992,0.06385600087074303,0.028574357614648493,0.08870292,0.018607125,1469.7849502285726,1959.9876648535565,2966.873726387142,89.10290948275862,country,country.00017.wav,clean
-131.14856,44.538982,102.99637,23.146727,-11.533305,18.259556,17.73964,12.779118,16.962389,12.665072,4.435607,11.813603,1.2965345,10.8937645,3.4184597,8.905965,-1.4990546,8.114496,1.6171722,9.47262,-7.983499,7.533248,-0.8249754,8.198621,-8.876751,7.4979324,-3.842363,6.849803,-4.4875875,6.7041693,-8.93866,6.9658732,-6.380394,6.50726,-1.5118132,6.0689206,-5.409956,6.7201242,-8.043467,6.5535836,0.36993924,0.28739735,19.820926397961767,0.09561053296729877,0.040341749614062054,0.09677969,0.031800702,2068.772763718777,2370.0194416842432,4098.033553085091,86.1328125,country,country.00018.wav,clean
-256.06357,72.564384,163.10161,29.56283,-22.872879,26.950373,26.93337,19.458563,15.301942,15.626439,-3.50522,12.684361,4.2170873,12.747413,-0.7930169,9.963127,-9.463185,9.29421,1.7569612,7.807318,-4.4230623,7.8182936,-3.6401737,7.020565,-4.2523346,7.151166,-8.109075,9.008704,-2.376017,7.2039714,-5.1455927,6.9835777,-11.161296,8.61028,-2.412988,6.33393,-0.5396905,6.6501603,-4.7787414,8.048222,0.31574336,0.30546248,20.38203020981209,0.050959631385448914,0.03180371014668049,0.08205686,0.056474607,1138.6702901800775,1462.0454419306657,2117.4705292787344,83.35433467741936,country,country.00019.wav,clean
-161.09123,72.96217,74.70691,36.948055,22.421598,16.077871,46.011986,19.827347,5.2690363,15.190921,25.112387,10.579184,-0.5864293,11.351831,10.375498,8.777232,-6.830219,11.125391,5.0498123,11.528249,-0.76978654,7.1008267,1.4022417,8.590903,-6.0112886,8.24546,-4.0060997,8.140602,-4.793629,9.182314,-2.8669364,8.279505,-4.986899,7.168626,-3.6081994,7.220341,-7.5884213,9.030353,-3.2281837,7.4801474,0.36554465,0.29310167,19.98700140878738,0.08685812935371517,0.07362531895374307,0.10520261,0.031466242,2409.267879260446,2533.230941226111,5215.735127829915,103.359375,country,country.00020.wav,clean
-209.38939,52.007153,167.1398,21.612637,-20.865452,18.4499,36.817654,17.939547,10.305034,17.296356,3.9740636,11.175046,-5.6623545,12.434119,-4.6380916,10.227724,-6.2379713,10.245267,-4.1778646,9.249284,-6.688474,9.344774,-3.2634768,7.251454,-7.9670053,7.4562616,-4.053322,6.5448403,-4.987053,6.392997,-4.496617,6.5706778,-4.010354,7.0578957,-6.3978004,6.889554,-5.91674,6.79341,-8.175597,8.020394,0.28894135,0.30194673,20.306184384901808,0.04559534031540248,0.019623295230523113,0.1098368,0.040925745,1043.9737111043523,1393.023731509997,1945.0382386198723,107.666015625,country,country.00021.wav,clean
-195.12416,55.88364,114.29301,20.9444,0.0014296966,21.105673,38.17855,15.899984,11.291478,16.910467,-6.075158,15.152562,1.2188284,12.702595,-0.0041929074,9.534918,-15.420767,12.390809,-3.5708997,9.865537,-6.125418,9.58775,-4.5000505,9.430211,-0.124756664,8.015009,-4.386221,8.382277,-9.412581,8.178505,-10.716871,7.81708,-6.5419583,6.550457,-10.051359,6.8374243,-7.2627316,6.8398094,-4.007446,6.6676726,0.32141724,0.30050978,19.83359606263226,0.06805325440208979,0.026146789597961014,0.07503542,0.03203377,1719.3372066856614,2141.9342898901655,3448.595813479586,184.5703125,country,country.00022.wav,clean
-353.05423,80.4657,110.632095,28.244045,32.743378,26.41409,24.164183,16.591116,18.746185,15.213644,5.924889,11.139137,-1.7401656,10.644133,3.8813748,9.328425,-2.987254,10.193837,-1.9034864,7.7193246,-2.8664544,9.22784,-0.9788747,9.845795,-6.4891205,8.130682,-4.2524424,7.344785,-3.7505188,8.045439,-6.0119343,8.118865,-7.199875,8.525533,-2.5195587,6.4336357,-4.032561,8.124119,-3.4128342,7.774193,0.30551115,0.31440023,20.371832176076694,0.03548126693111455,0.04358087747289947,0.038845718,0.021642508,1496.56913504939,2333.0838753541902,3056.189852971411,83.35433467741936,country,country.00023.wav,clean
-199.98285,74.722855,109.121544,40.186543,-5.5460243,17.839558,48.132893,15.387896,1.2039802,19.599396,4.5974913,14.185697,-9.152174,12.198644,-1.4712749,9.6672945,-11.66506,8.485899,-5.204099,10.950813,-11.550537,8.093988,4.9783483,10.340298,-4.9808197,8.461335,-6.0473065,7.420602,-0.687289,7.95962,-8.536201,7.3597426,-8.461552,6.5033884,-7.943485,7.5793443,-7.613288,7.2895327,-0.38595313,7.443538,0.2704443,0.30121607,21.411477015427465,0.0824598188370743,0.04773217128956151,0.09660107,0.040946785,1739.321196159185,1907.39364810552,3425.5292862930532,129.19921875,country,country.00024.wav,clean
-200.55318,63.489765,119.65538,31.608648,-3.604682,17.50734,31.952965,16.491926,9.957966,14.281792,15.293297,13.229688,0.6486003,9.959628,0.23646206,9.780496,-4.4767165,8.5843,-2.3108823,9.076855,-5.255605,8.016489,-2.4737477,7.312499,-6.048022,8.277478,-0.8033076,8.183516,-4.706508,6.508599,-11.29183,6.8830113,-8.867358,7.312909,-8.068558,6.8786364,-3.1603546,7.647434,0.33031377,8.257084,0.34731102,0.29858744,19.83825747344449,0.05730313044214396,0.03975641387073696,0.07990662,0.03366538,1565.7683179567373,2016.5056375841798,3190.1057098672118,73.828125,country,country.00025.wav,clean
-194.26962,55.903362,151.78432,31.181976,-3.0342524,20.132309,29.480589,18.175901,9.101757,17.054132,5.9855814,12.166467,3.784445,12.21448,3.7657218,12.150966,-5.8694096,10.536432,1.5940248,9.909704,-3.7664156,9.80454,0.92959195,8.185275,1.9723039,8.467144,-2.2319498,9.847084,3.3600001,7.350865,3.75466,7.1976447,-1.1347995,7.3247933,2.2319846,6.5589533,3.3677235,7.1157656,-4.13741,7.3585467,0.32973626,0.28990665,19.832223691686565,0.05483186798568111,0.0299522917730298,0.10049913,0.03617824,1270.4148783967134,1702.296029495803,2498.2598933642125,107.666015625,country,country.00026.wav,clean
-100.73443,43.999214,106.97025,21.148783,-27.180391,23.913818,29.091337,15.366126,5.039497,14.898799,-5.4290433,11.339405,3.2457461,10.86953,-5.1666436,6.8434143,-5.1038213,8.304021,-0.8067117,7.6654077,-3.8309824,6.697849,-2.7171006,7.178063,-6.651432,6.5271573,-4.670355,5.759887,-5.6970487,6.3040075,-5.9915314,6.166563,-10.221571,6.503312,-10.535934,6.4030976,-5.7311044,6.094863,-7.2916656,6.512393,0.39177492,0.2863533,19.417906683879938,0.0973951026751161,0.0305604394754012,0.116559245,0.03205674,2012.1998825497253,2140.5495163521114,3908.3263668851587,92.28515625,country,country.00027.wav,clean
-169.19261,40.049644,132.80664,18.360533,-13.484966,16.346369,31.182266,12.693686,6.3355885,12.722161,-3.7656243,10.191234,-2.057463,8.648597,-3.6175504,8.378845,-4.556713,11.477137,1.2857978,8.452188,-6.986225,7.5732446,-7.255016,8.990089,-1.3873173,7.601748,-9.508183,7.4337316,-5.418511,8.5067215,-1.9065212,7.2123256,-7.168161,6.811233,-1.4283392,6.8776307,0.15933105,6.611196,-4.114242,6.1818943,0.3183651,0.29753417,20.610825613494747,0.05981898824496904,0.02437201932904216,0.09411102,0.030844996,1474.0010327537864,1885.7963023939287,2925.3573107645607,89.10290948275862,country,country.00028.wav,clean
-171.28873,47.40762,160.4967,24.788141,-17.80444,21.977182,30.5122,13.298725,7.514744,13.606633,-8.2560425,11.636119,-5.6703825,8.540814,0.13195086,8.522358,-8.836377,8.756542,-2.6552682,7.2488503,0.70573163,9.729801,-3.78496,7.6049094,-6.5005155,7.5250273,3.7841282,6.503538,-5.4310317,6.466098,-3.076479,6.071874,-6.2547708,7.1873374,-1.9400128,6.46314,-0.8349335,6.0713167,-1.433976,5.8600297,0.3099462,0.2986364,19.334756078764546,0.054208666916602165,0.021584338173416324,0.11707953,0.045045525,1214.054895968694,1555.3850334761114,2274.1112487604005,89.10290948275862,country,country.00029.wav,clean
-277.1022,62.08481,128.25644,29.732378,42.42859,16.938068,37.69783,9.9848995,12.780972,11.038721,9.599223,10.21493,-5.983117,10.156932,-7.538272,8.681293,-8.034319,9.369419,-4.942379,9.4745655,-6.5300484,10.269221,-3.6279535,10.899304,-7.2284265,10.753129,-7.452904,8.797818,-1.5747141,9.409267,1.3907409,10.872622,3.0805378,9.788915,2.5106266,7.9091167,-1.0542908,8.871641,-2.7523239,9.248447,0.2213396,0.29357773,22.08709536059784,0.042844034200851394,0.015186132541119165,0.079619266,0.046542067,1240.589517425619,1996.8404273431743,2412.9187427438083,161.4990234375,country,country.00030.wav,clean
-130.4947,46.53218,104.13707,28.996435,-19.261398,17.573126,34.153618,12.031441,5.413921,11.978993,-2.1668837,9.4733715,-0.7268799,10.559583,-2.8929856,9.992341,-5.459535,8.222665,4.0802116,9.120426,-4.4622407,7.672892,3.523582,8.245831,2.147013,7.6960487,0.18757638,7.8012285,2.6818895,7.3313723,-3.0753498,6.477198,-3.1991117,6.353064,1.6599616,6.54723,-0.6806539,6.90304,-4.3735867,7.829802,0.3133062,0.286142,20.943426846163028,0.09529609798277863,0.04942497475310151,0.10080858,0.03520171,2052.937539079165,2187.74961377564,4094.358575307179,112.34714673913044,country,country.00031.wav,clean
-237.99352,68.26213,97.70346,31.351099,6.526743,18.899214,45.977615,14.692184,2.1547685,14.438043,16.221973,8.723572,8.825113,9.639346,7.7670083,9.327171,-0.59379184,9.47581,4.4802604,8.409798,0.14091592,7.4960976,3.021077,6.900149,-1.6638006,9.728757,-5.4229407,12.341757,-2.8296824,10.732553,-3.0536504,8.191008,-0.4980622,9.191663,-0.11182406,7.3309255,-3.8595042,7.280673,-2.650805,7.34893,0.33104128,0.30211994,23.325944346843627,0.0676016320385062,0.045078739586647786,0.06050447,0.03489639,1823.4330215874613,2206.257974253683,4016.8007109556406,99.38401442307692,country,country.00032.wav,clean
-133.3365,64.49481,78.990364,27.269648,-5.650647,21.789461,35.522865,19.324232,-7.5477085,12.804251,7.9280396,11.447989,2.7298074,10.936654,0.39645377,10.454959,-1.13313,9.419958,-1.1071386,8.542961,-7.8454437,9.420887,-1.1711785,8.476112,-4.814018,7.992836,-3.1399326,7.9457245,-5.0448146,9.22648,-1.0937083,9.551753,-0.96363306,8.420365,-2.4559503,9.391428,1.1548452,9.948778,-1.8392485,8.907585,0.31676006,0.30003855,20.98757812314484,0.12361565462945047,0.05666182057738311,0.10454683,0.048030794,2456.555660328369,2387.529908663703,4914.728614641786,92.28515625,country,country.00033.wav,clean
-153.86736,53.414658,83.68425,28.966492,-8.418768,25.07385,13.969093,12.952206,13.551848,12.166001,3.773254,14.579323,3.0063746,10.359444,6.347874,8.750514,2.0667963,9.398386,2.0754557,9.319226,3.1952746,9.835832,-0.47532386,8.666664,-3.0259306,8.93906,-4.5377707,8.980645,-5.0488076,8.141037,-4.925893,8.361841,-6.135663,7.3882074,-1.6660153,7.96959,0.46549755,8.614923,-1.551539,10.620586,0.3592578,0.3019743,19.206108197393853,0.11928688261900154,0.058079505230610576,0.07824791,0.039893165,2614.1281512828127,2655.9181746441463,5435.150467722039,135.99917763157896,country,country.00034.wav,clean
-120.383224,40.89334,95.348915,26.776459,-6.0082717,17.820217,25.16893,17.27522,20.961815,15.034281,-7.1399155,13.7045965,8.552629,8.984155,2.4400122,9.887623,-14.6636305,9.459401,9.296396,11.85874,-2.3618507,9.3847475,-3.1564727,8.324264,0.60948336,7.163752,-4.4258304,8.137652,-7.452153,7.6345243,-0.44424567,7.1965055,-3.587983,7.1484447,-5.0256357,6.8561196,-2.523358,5.990372,-4.7514105,5.7695217,0.3759381,0.2856107,19.67540765115332,0.10437125096749227,0.050576452736404445,0.0999719,0.033862937,2322.0772479079756,2545.6257559133423,4581.230631258465,99.38401442307692,country,country.00035.wav,clean
-339.7991,83.28801,97.78101,33.654575,-9.6959095,26.242313,50.986897,17.166346,7.8249445,17.460958,11.747368,17.059647,0.6847606,11.533471,2.4938345,10.077179,-4.7754116,9.204388,0.19351895,8.786081,-5.9746647,8.62692,-2.8948967,9.097016,-6.1570086,7.415005,-1.8445805,7.6764026,-5.355182,8.346521,-8.306349,8.036379,-10.728061,7.4729304,-7.740845,7.7730513,-3.443732,8.390113,-6.962086,10.478988,0.34464782,0.29379573,22.158479109867333,0.0848248839009288,0.06113420406689215,0.022713259,0.015918665,1827.093958381686,2050.585534980529,3647.25294556042,112.34714673913044,country,country.00036.wav,clean
-173.4441,50.904316,105.05278,32.128685,1.155317,21.197199,24.114843,14.592375,22.12515,16.42026,2.542493,14.039001,-1.5812403,9.831755,0.17491437,8.280411,-5.3230443,9.722705,3.8141825,8.618273,-4.5238996,8.711503,-4.5872827,7.844397,-1.5664963,6.8947444,-2.2571905,6.8599563,-3.857909,6.2218404,-6.458283,6.976184,-7.4685717,7.051098,-5.533387,6.577009,-2.1898675,7.368634,-2.4518628,6.2622075,0.37397298,0.2902347,18.77924960712541,0.08500288735971362,0.050835078679474364,0.07204185,0.028474186,2069.180155621707,2437.8452686900728,4234.307729053792,99.38401442307692,country,country.00037.wav,clean
-118.028564,43.032715,74.16701,24.01591,8.2881365,17.433277,15.462522,14.4321575,6.1549687,9.800206,8.443999,10.433829,4.1188307,9.542185,5.738997,8.809208,-1.9503189,8.90585,3.1639109,9.166735,5.040857,8.067548,-1.1298938,7.547807,2.4367032,7.4634113,-1.4256318,8.399453,-4.7408276,7.0392113,-6.3695383,8.513734,-5.7475576,7.32135,-6.266189,7.0062227,-4.5168686,6.489669,-1.009379,8.010696,0.3671552,0.29291904,18.729138313510713,0.12115799753289473,0.04498343411047732,0.09092475,0.030441727,2860.3399496357706,2919.8629475089024,6247.037225020559,151.99908088235293,country,country.00038.wav,clean
-89.73638,44.358604,36.2862,21.371325,11.469535,17.997496,37.49559,14.299728,9.199136,14.058709,3.7405186,8.127074,2.8403578,10.6649475,6.811539,9.290165,1.4674554,7.7382603,0.09733822,7.570974,1.0258602,7.4319925,1.1755474,7.102167,-3.5642974,7.321561,-2.0911777,7.243078,1.7115148,6.8866763,-1.3672682,6.765488,-4.3769636,6.491591,-2.6016088,8.04069,-3.5284464,7.726579,-4.2272496,8.347663,0.43781942,0.27414587,18.98255166353005,0.21237475510352166,0.06243236010648071,0.0963117,0.027604178,3760.4244872923673,3053.0667721793766,7442.646662000532,123.046875,country,country.00039.wav,clean
-102.8967,57.49147,85.32916,20.535727,-4.324985,18.65119,30.583778,14.383293,3.010156,14.475697,-1.9592187,11.498467,4.4452953,10.331524,3.42052,8.113706,-4.253563,8.997546,-1.7713999,8.014457,-3.970628,7.739812,-1.3591872,7.5502276,-3.7630885,7.684266,-5.1772523,7.62919,-2.8950467,6.5692587,-0.2696505,6.2713137,-7.421149,6.446055,-4.0963783,6.254486,-3.4501848,6.402358,-10.1142845,9.462377,0.3733921,0.2933888,18.818610711552083,0.10633306828076626,0.03583823007695159,0.10899377,0.038945425,2449.9415972837987,2560.4616825468997,5043.0028389851,143.5546875,country,country.00040.wav,clean
-111.69471,51.31688,82.26009,28.403303,13.068496,19.766037,31.930077,13.180761,23.68303,11.883146,-0.53237945,11.64462,12.029794,9.098426,3.6602066,9.664632,-5.7385206,12.441443,3.333035,7.6012826,1.4207493,7.668001,0.77258307,7.0233917,0.5596443,7.230309,-1.1348552,5.662993,-1.7467116,5.502872,0.5584442,6.560197,-2.323696,6.458547,-4.612612,6.4216304,-0.62006694,5.4036026,-4.944747,5.4584694,0.39776522,0.28691286,18.54315723762557,0.09585618529895511,0.05358683770124777,0.11318445,0.024162082,2634.0466588107224,2898.654345079428,5807.6232154302925,129.19921875,country,country.00041.wav,clean
-101.28809,39.209324,84.139015,18.709253,7.751808,14.499026,30.383917,12.003306,13.85436,10.686361,11.632601,9.1233635,-0.11175939,7.3654714,-4.9390707,8.876925,-2.3706596,7.35438,-1.974887,7.5045686,-8.187719,7.1539397,2.8250737,7.7583246,0.5467092,7.812064,-6.795643,6.5206494,-4.3111024,6.3652096,-4.577833,5.56428,-9.847294,5.6066356,-5.69036,6.1170588,-10.405995,5.3672037,-7.5132923,6.0838375,0.39160368,0.29215118,19.405996754882565,0.08702592879256967,0.035707052236351504,0.117697,0.02226733,2386.8223453587584,2715.9968533779856,5389.550743457334,103.359375,country,country.00042.wav,clean
-101.19902,51.719418,85.43055,24.6284,-19.69571,17.739923,20.584856,12.738755,9.973623,13.019937,7.594193,9.036007,0.10405596,11.407133,3.405438,7.907929,0.046411622,8.509091,1.577752,8.573582,-1.4500952,6.9781427,-1.2814347,6.653734,2.1464107,7.379147,-4.7943425,6.865506,-0.31705368,5.7999487,-0.42996433,5.660625,-4.8876414,5.8056846,-3.0000095,5.4539657,1.077075,6.0662847,-1.4569033,6.0871444,0.40328202,0.28680664,18.29992200118385,0.1343000193498452,0.04713023080878741,0.09496325,0.038297474,2530.853994149147,2491.487169319094,5071.785998270608,135.99917763157896,country,country.00043.wav,clean
-162.72116,71.26,119.81048,33.783394,-2.879953,20.3637,20.506134,17.760223,27.808872,16.065453,5.4853673,19.548279,6.040956,11.201417,1.204544,9.259332,-3.6995325,8.6959715,0.3423853,8.619552,4.411625,9.55288,-0.4080612,7.4266434,2.4593601,8.610448,2.1353855,7.8896384,-1.6038624,9.880927,3.629129,7.548937,-3.4621623,9.170106,-2.5598269,8.081688,5.6417904,8.666597,-3.6547265,8.48689,0.3600382,0.29215363,21.607385122752298,0.0665200059258901,0.03922020430981034,0.11366553,0.037615314,1730.559357956436,2248.639954888259,3360.9380102009964,78.30255681818181,country,country.00044.wav,clean
-61.2354,48.45712,71.26333,25.525887,-17.042137,21.641657,17.118322,19.9608,5.0581465,13.892325,-4.2047887,12.925356,-1.667631,11.857335,1.1733668,9.87296,-0.854297,11.002732,4.976347,9.199661,-1.695669,9.381787,4.8454185,10.113363,-0.15781678,7.8739796,-2.079404,7.627907,-0.27295637,7.3220267,-5.3116016,8.443316,0.2337609,7.7280645,-0.1008811,7.2891884,-3.937658,7.900389,-0.92281747,7.3200173,0.34554547,0.304422,18.84491642638932,0.13296442651896284,0.05914689739302819,0.14661238,0.042221416,2777.1145172614247,2647.662214458651,5621.632673422988,78.30255681818181,country,country.00045.wav,clean
-126.891594,48.023865,103.492065,25.766287,-31.892567,19.115952,58.719326,16.662313,-1.9583547,16.10554,-3.1306338,12.278172,-2.9370546,9.932971,0.3657523,9.4915905,-3.0380836,11.762996,-0.82976246,7.5861826,5.5851655,11.278639,-10.142879,10.409419,0.7323166,9.35383,-1.6198152,7.5841923,-10.050463,7.3396072,-5.2108836,7.6281204,-9.042455,6.8288183,-4.7387824,6.581063,-1.0380155,6.9242105,-2.8514986,7.0373588,0.3741158,0.29273835,20.31600703791691,0.11589196739551083,0.047611324353133665,0.10333062,0.033249024,2109.4728877007824,1933.8739158319513,3843.9517561496227,78.30255681818181,country,country.00046.wav,clean
-165.51901,42.13116,117.87926,24.998426,-33.606743,15.571871,42.62332,16.504196,-1.384882,11.06242,3.8313906,8.783874,7.169803,8.868791,-7.170014,7.854396,-1.6314924,8.141499,0.87545484,8.184149,-12.514056,8.676563,2.894263,7.480657,-12.372037,8.595129,-1.3238245,9.069641,-6.636533,8.076069,-8.864955,7.8245597,-5.1069417,9.443713,-8.079848,9.96779,-4.2646637,8.770853,-0.15898125,8.3414755,0.31023443,0.28818074,21.62981990216909,0.09412943837074303,0.040130356300566314,0.09065509,0.031277463,1784.3451875096134,1840.1470652453863,3556.786825930002,151.99908088235293,country,country.00047.wav,clean
-149.00017,72.3292,107.243805,26.487944,11.1901455,19.855032,26.698795,14.601202,11.405787,16.332813,-3.808101,14.207443,14.028653,9.583583,-5.8929515,9.485676,-11.049588,9.938978,2.8112707,9.194951,-8.445196,9.104526,3.1889079,8.180137,-0.77371275,7.7688303,-12.404469,9.288089,-6.286398,8.866539,-3.299155,6.972126,-8.168631,7.131512,-6.5842876,7.210279,-3.6775792,7.0931287,-2.967854,6.717358,0.3109064,0.3019582,20.305422436822834,0.0639731581366099,0.03404554543959908,0.116934404,0.045800347,1939.716518680421,2482.432245833719,4126.216715998694,117.45383522727273,country,country.00048.wav,clean
-109.98737,47.432404,134.74861,28.800425,-24.026144,16.505793,19.394617,11.895235,-4.407176,13.6741705,-4.814888,10.554315,-7.800573,9.994054,-0.39370048,8.184538,-5.4159317,8.39641,-2.9570003,7.627889,0.7814667,7.6634693,-4.776981,7.546689,-0.17221728,6.701597,-1.690577,7.3784547,-2.4042227,7.3622584,-1.9624149,6.95445,-6.938368,6.5474854,-4.073903,6.4792867,-1.955714,6.0969014,-5.7928257,6.1534457,0.32361743,0.29876223,19.227685534893713,0.07581624600909442,0.028124913795809045,0.14357977,0.041051704,1600.3408733031765,1826.545250818989,3007.5151473006968,112.34714673913044,country,country.00049.wav,clean
-143.12674,50.48908,121.898,24.543163,-13.34437,19.160873,47.777847,13.971703,-12.660497,14.04491,23.372252,10.587449,-10.994922,11.858423,18.8561,9.935851,-13.706635,12.04609,15.950975,11.035447,-11.356477,8.747171,10.2887,7.9529285,-6.002485,9.262463,2.7361474,8.159766,-9.2863245,8.374631,4.504716,8.757875,-8.325129,9.067836,4.5223846,7.970486,-6.035288,9.80588,-2.352378,7.6136465,0.3509873,0.2923411,22.518652418037473,0.07890693026799536,0.04591949146356421,0.10938402,0.031495847,1779.4961449189584,2035.9825105917735,3873.6182434270995,117.45383522727273,country,country.00050.wav,clean
-204.71436,51.482815,121.91577,26.55956,-17.742798,16.9319,46.3246,12.787024,-1.7955846,15.145983,17.031994,12.012404,-14.699761,11.7480755,14.667406,10.325197,-19.3929,12.058379,10.903636,13.107255,-13.474712,9.354183,1.2002156,9.570757,-6.213006,9.322026,-1.6907123,8.34735,-8.696857,7.9581385,-2.512774,8.281269,-11.3285055,9.891925,0.16912653,9.469256,-7.287028,8.806702,-7.5118117,8.933303,0.27467206,0.3094111,25.2291359638313,0.0592494527621904,0.043583400090552685,0.09027794,0.02876961,1552.7721617035634,1848.601939753092,3166.9225167194754,64.599609375,country,country.00051.wav,clean
-265.27585,57.520157,138.8598,25.237297,6.1417327,16.988657,47.495922,16.486769,-2.3968024,19.327951,21.038162,10.488152,4.0860734,10.2972555,17.653969,11.236947,-12.029909,11.760662,15.491059,13.521366,-1.1331515,9.221933,7.8893595,10.388188,0.49858156,9.475517,-0.23055416,8.413071,-3.869981,7.640598,4.0625024,7.762567,-3.1115553,9.496737,3.003197,8.917965,-1.4015296,7.3250546,-1.4950988,8.0827055,0.328754,0.29618037,23.643592129957643,0.03547446425116099,0.0249863436185921,0.069503844,0.019812722,1115.7881616130562,1662.9965162936767,2348.0441350316855,71.77734375,country,country.00052.wav,clean
-84.74407,37.402824,100.98661,17.756218,-16.020493,12.373972,51.761948,13.252324,-17.082294,11.217091,22.577103,7.487339,-20.299927,9.269244,18.914927,7.752537,-19.492683,8.432075,15.328484,9.18692,-17.741413,7.637917,8.5831175,6.739147,-15.000552,7.6665177,6.4369044,5.8993263,-10.276651,6.7791085,3.2850337,6.3118033,-9.550154,6.917345,4.0466037,6.884183,-5.595068,7.10405,-0.7083238,7.6890216,0.37335327,0.29096523,21.61101697939898,0.10825444744098298,0.035117035681309756,0.13353112,0.033600483,2271.289325143811,2297.1096206412194,4956.728360675068,89.10290948275862,country,country.00053.wav,clean
-175.0163,39.766396,115.70678,23.748957,5.106449,12.819377,58.160652,11.134419,-3.3279543,10.496998,29.664286,9.447733,-10.028762,8.974721,19.65578,9.927126,-16.30351,10.0926075,13.737743,10.469235,-8.81984,7.423073,7.2240396,9.608656,-8.89276,8.817567,4.749918,6.7350235,-11.4932785,8.055794,0.91233087,6.812133,-8.153264,8.487984,1.1864227,10.0292015,-7.9808745,9.067376,-5.64686,8.998635,0.31276882,0.29836828,24.001905617074716,0.06020787478231424,0.0249648464017551,0.104260966,0.029991493,1654.6143319062887,2105.525008312031,3908.434699563419,75.99954044117646,country,country.00054.wav,clean
-82.962616,39.034008,122.53281,19.158123,-16.658556,10.905445,40.015907,9.647082,-15.007229,11.7094965,21.670378,8.965666,-18.256283,6.8099165,18.361864,6.4121447,-17.988773,8.092679,16.991613,6.862004,-16.039673,6.3145394,8.533731,7.702839,-8.706783,6.815852,10.766552,6.840113,-4.624802,6.7584352,7.2375846,6.7830515,-7.6094975,8.164292,5.2948713,6.6706004,-5.5172386,7.563688,-0.17936279,7.0109587,0.35707697,0.29010853,21.968946691128757,0.08110419589299536,0.023314182961133613,0.15497614,0.038564447,1881.161817758554,2116.2376572328676,4111.466805189387,129.19921875,country,country.00055.wav,clean
-164.79193,68.98765,123.42043,23.69949,4.2346554,21.990978,48.788734,11.133212,-5.151331,15.505233,22.844551,11.9091,-7.8052983,8.871205,19.294298,8.940867,-11.024413,10.379803,21.256271,12.319211,-9.740571,8.068572,5.1541314,10.272322,-6.1411095,7.2664804,5.4141016,10.868852,-9.923706,7.8900647,3.9135349,9.840683,-7.3264365,11.617417,1.3926399,8.824809,-8.839242,8.888688,-3.7414536,7.103802,0.31916454,0.29003298,25.053117949847053,0.054941088791602165,0.03178465245559216,0.13618691,0.045048676,1468.7461596453236,1960.7336227819144,3213.230570034346,80.74951171875,country,country.00056.wav,clean
-137.88376,66.26134,121.523895,22.600399,-13.26719,16.317007,43.318726,13.415072,-10.709389,12.712743,17.858778,14.196713,-7.9495454,10.200978,9.089493,10.469064,-19.792675,8.051632,9.440965,11.097532,-19.59838,10.284806,6.907874,7.7518954,-12.543895,8.775484,-0.75563157,9.521852,-9.14944,7.789037,1.4457074,8.974389,-8.303117,7.651024,-3.7529554,9.730868,-6.868935,7.0429707,-0.48034763,8.328822,0.31502813,0.29453257,24.66355223143714,0.07543756349167957,0.037212333998220895,0.13006444,0.04855231,1741.8149971403939,1985.7625460094796,3791.6270725498257,67.99958881578948,country,country.00057.wav,clean
-101.38996,57.646248,120.45385,20.06701,-0.40658712,19.617264,49.042423,12.988951,-15.863626,11.295659,19.873766,10.452154,-13.094367,10.272447,18.574186,9.038462,-15.706966,10.033095,15.254118,9.664792,-5.9068427,8.739233,6.6473475,7.418661,-10.359329,8.320374,7.085957,6.7012725,-8.217057,7.224315,6.2007136,7.5062604,-8.389561,7.3113403,2.920069,8.028935,-6.6528335,6.2909536,-1.3233217,6.67802,0.34798485,0.29425895,23.115857380018166,0.07327015407314241,0.03209093860536895,0.16375947,0.04991638,1796.1137426759587,2148.3012551703027,4163.80815535507,112.34714673913044,country,country.00058.wav,clean
-185.1138,85.59922,120.50994,36.409157,29.717457,20.966581,56.400288,20.7687,-3.0346625,18.74473,22.222616,13.2897415,-10.344739,17.201277,20.05401,12.014931,-13.685051,12.1766815,9.170436,10.97023,-6.4285364,8.611755,3.2967808,9.437378,-8.737772,10.256234,5.0113964,8.266323,-9.227386,10.088202,3.7786367,9.393311,-10.20193,9.655411,5.9120364,12.470369,-4.4247093,10.491358,1.5817281,11.232536,0.28438237,0.29735798,24.852743388976734,0.052538986914667185,0.031119407741844074,0.14543544,0.048814792,1535.3805435364143,2011.4662789164822,3510.4121063515868,135.99917763157896,country,country.00059.wav,clean
-178.51938,61.663956,130.13269,31.765577,12.088971,15.6796255,47.051086,11.174915,2.6224906,13.130127,24.094349,11.078134,-4.627712,10.3658,22.772083,10.147471,-10.941142,14.280279,13.539126,12.012919,-6.8097224,11.458858,8.71216,9.80752,-6.0909204,8.944059,4.0794597,7.4835305,-5.1527214,7.4449944,7.8594203,7.9341273,-5.2554727,9.811698,3.956895,8.191865,-3.1399353,8.767268,-4.3878207,8.183895,0.34205145,0.2971125,24.42129814895216,0.04291659612035604,0.03347395883037927,0.14100803,0.04144423,1373.0379665331902,1930.2022840004208,3068.9564424402574,69.83741554054055,country,country.00060.wav,clean
-186.39238,68.18073,135.86008,28.998234,5.928499,16.122103,45.8605,11.991578,-5.7662764,13.343567,22.786793,9.68778,-13.002946,10.4407215,17.122374,10.43457,-13.756379,11.4646845,9.734512,10.787315,-8.368886,9.200876,6.659228,8.634011,-9.09154,7.851559,5.422999,8.056015,-6.853948,8.415666,1.548852,9.37561,-8.558103,8.074863,5.447452,9.326093,-4.363458,6.365012,-4.7068315,8.547337,0.3144577,0.2928714,24.308044111362705,0.048586629861648606,0.026553654216702582,0.10717965,0.037722252,1397.8409848044173,1895.9827784828642,3101.314580108359,60.09265988372093,country,country.00061.wav,clean
-94.09417,40.084213,109.16863,19.22721,-11.849949,14.213268,41.56547,14.368028,-19.475983,10.633924,23.831955,10.220483,-19.935585,9.195781,20.374748,7.8270197,-17.28199,8.632205,16.585613,8.760348,-10.199127,8.846672,9.392066,6.6552753,-10.051931,8.593403,7.8054934,7.175214,-15.095585,6.7896905,3.2743917,6.639405,-10.467717,6.8624477,7.547813,7.596343,-5.5502315,7.1874056,2.2327795,8.164343,0.39037266,0.2942026,21.81780844277065,0.10237579818111456,0.03931169314263441,0.1301793,0.03795233,2167.024231571038,2277.7405542601186,4794.804339807469,172.265625,country,country.00062.wav,clean
-185.4226,74.86177,118.46735,36.159046,17.79529,17.833944,48.887688,17.978962,-2.1608064,13.860936,21.37011,14.558919,-9.001163,13.804454,20.535988,10.374897,-11.416627,13.460763,9.282178,13.396869,-5.4816723,11.11055,5.754808,10.688037,-2.9795713,10.828185,3.4514766,10.202302,-6.0777125,9.88733,1.2669607,8.645212,-5.9532437,8.917591,7.072019,12.332469,-2.168447,10.78367,4.8688574,14.669106,0.33393726,0.310718,23.418849331076096,0.058282716355456655,0.03559421272405188,0.13140647,0.04925543,1615.0641667795348,2016.8360437671106,3659.7028702774282,83.35433467741936,country,country.00063.wav,clean
-217.74222,58.811954,128.34691,25.634882,-7.513693,16.27704,39.265003,16.106575,-2.5556235,14.295863,18.173012,12.926786,-15.166711,11.348372,16.770924,12.151826,-15.265886,9.847953,4.8992114,11.928101,-6.5137625,10.4246855,2.8973584,9.391996,-11.506306,10.998395,-0.10554207,8.917253,-10.6238,11.71213,2.2620764,8.222114,-9.167437,10.904148,6.8667727,12.610214,6.2359557,9.755339,3.3692794,11.486206,0.26330346,0.3044438,25.033357310720486,0.060115282749613,0.02583243154051234,0.082580954,0.031749062,1512.285769157878,1865.6110493735246,3238.930414630902,66.25600961538461,country,country.00064.wav,clean
-250.87863,72.55221,163.09831,26.469475,-3.8807113,31.08348,30.153528,19.674978,5.576422,20.904198,7.4960384,12.128931,4.0248203,12.611129,-2.1106052,11.333339,-5.4704103,11.891068,-1.0583411,9.748161,-9.981246,10.191552,1.8183813,9.050308,-8.760416,7.262389,-7.0439935,9.203414,-4.215172,7.8380866,-8.841513,6.5025744,-7.404842,7.1789026,-3.3014638,7.3485055,-5.14065,6.987006,-9.97036,6.5034275,0.28280285,0.30967546,24.267657990453095,0.038680794069272446,0.02104058241262277,0.11056769,0.062339116,894.2258292361416,1195.388011851211,1639.0484222317627,123.046875,country,country.00065.wav,clean
-102.51608,43.934692,135.7217,19.129076,-46.895443,14.984765,32.746296,13.958892,-11.16036,11.532996,23.465744,13.301487,-9.766422,11.1164,16.901648,7.929573,-11.6851015,9.247278,13.207406,8.50692,-7.183144,9.971457,4.735628,8.62188,-8.202425,7.047127,2.6096551,6.6645703,-2.9877625,6.2281985,6.8062387,7.8650875,-2.078867,7.1349688,3.292025,7.474961,0.28343806,6.5584273,-4.21877,6.254218,0.32071483,0.28449336,22.525780211394505,0.09886750495839783,0.02650257338950249,0.13643475,0.03817725,1701.133231854635,1709.034417820481,3242.2803943740323,112.34714673913044,country,country.00066.wav,clean
-328.72546,85.17587,167.05113,30.841066,12.98839,36.108856,28.820633,18.272833,11.246061,21.735996,14.426724,16.370375,11.705959,10.93177,7.804122,10.904272,-11.729083,11.281999,2.385381,14.208754,-8.347571,9.720458,-3.857314,9.365146,-6.7459245,8.574671,-5.7640853,7.9962134,-8.251606,8.4783535,-4.5495777,6.5810947,-1.0538641,8.010097,-4.6060276,8.122923,-2.8582494,6.5162373,-2.2324877,6.776973,0.32129815,0.2964205,22.64441968990558,0.03538187221845975,0.024618088347495418,0.055430457,0.035105597,857.9961382033514,1237.6766228928477,1445.8079240639513,64.599609375,country,country.00067.wav,clean
-229.4689,48.258083,157.31282,29.660301,-16.762049,17.336306,31.879862,15.253838,-0.11036961,13.735313,16.656445,12.095088,1.3551718,10.563785,12.223306,8.649878,-3.862505,11.615855,6.8392315,10.302912,-4.2632265,8.37183,1.337568,6.873982,-5.8956637,6.593345,-4.034212,6.385128,-5.2549577,6.94208,-4.548437,6.9617534,-6.8075137,6.869327,-4.4060035,6.5697145,-4.17981,6.4016814,-6.349776,6.6880164,0.34938735,0.29981256,22.795767595202257,0.050243082430340556,0.02284380251731797,0.08349272,0.040145256,1130.9407637739448,1458.3870780464247,2216.5365969064437,172.265625,country,country.00068.wav,clean
-217.16394,51.45779,136.1694,26.420105,-10.362347,15.12857,51.38904,15.796319,2.612237,14.593574,15.127788,10.607967,-0.6809201,12.801245,12.287426,11.196696,-6.2264233,9.77049,7.8023224,9.531268,-5.4090786,9.907318,3.6247036,9.869959,-2.807217,9.975811,-0.36028752,9.241766,-0.559721,9.560222,0.36299664,10.176203,-2.252891,7.1435337,-2.4962318,9.987392,4.193677,8.902343,0.35145858,8.998381,0.3521581,0.29364228,24.370757034882498,0.06108731012964396,0.031818339280545,0.0871251,0.046953782,1327.8240961067797,1632.8005227389567,2755.9750016628773,112.34714673913044,country,country.00069.wav,clean
-99.32007,51.827866,117.56864,23.8662,-29.88463,15.543776,40.83229,15.293461,-15.2631445,11.369389,27.980684,13.105043,-11.955396,11.075042,13.331404,8.534715,-11.367624,8.806241,10.538834,9.377917,-8.748047,8.461807,8.41087,8.488718,-6.8442154,7.164791,0.43953538,8.538646,-5.3088655,7.5238976,1.6441802,8.011513,-7.3530955,6.9710917,0.51846576,6.71047,-1.4642422,6.0223536,-5.9269967,6.5913277,0.36496177,0.29370153,22.858640640065484,0.09476964613970588,0.03778507253215874,0.1442469,0.05290317,1935.1584683595631,1970.077380532378,4048.7838508913023,112.34714673913044,country,country.00070.wav,clean
-185.85666,80.10434,155.29944,33.914364,-25.034077,23.12147,20.532516,16.758472,-3.8348439,23.8976,-0.6002929,13.287874,-4.568851,11.83067,-5.914592,8.407563,-16.53805,10.732309,-0.45218378,12.430831,-16.302252,12.279803,-4.2136073,11.69462,-16.815842,10.5017805,-4.541953,8.893256,-8.360623,7.2710743,-9.983513,9.1422615,-7.767914,6.8077216,-8.343301,7.939886,-6.8449087,7.5829153,-10.199348,6.98399,0.2923093,0.29242885,24.73519876123325,0.060543095733359135,0.029844938534051905,0.11840969,0.06270744,1261.317700359625,1395.904102319974,2421.243692403976,143.5546875,country,country.00071.wav,clean
-96.28298,42.31108,131.92026,21.145195,-26.322138,17.300581,35.98216,14.021032,-22.80771,13.390402,14.489158,12.1405325,-11.834168,12.899322,11.80155,11.153888,-21.218061,10.095889,11.527786,10.155132,-12.925014,7.499921,7.1762304,9.717597,-13.93854,8.262536,2.9490716,8.096016,-5.027494,7.2100325,1.5300584,6.8811655,-4.385613,7.3987565,2.5454063,7.04178,-5.366111,6.9142675,-5.97007,6.3588734,0.34513658,0.29001424,22.33823282395672,0.08227350099167957,0.024406037724942355,0.1565894,0.048743367,1711.210421666456,1873.5602980165904,3556.48682774405,151.99908088235293,country,country.00072.wav,clean
-167.00983,51.574467,132.44342,28.157711,-17.294891,21.951275,46.932304,13.8111105,-3.6503565,14.216881,20.946674,12.783539,-8.830444,11.163454,8.546586,9.689942,-15.151556,9.763396,8.105514,9.203424,-16.944101,10.600914,6.6470175,9.919687,-10.924017,7.2308946,1.1016004,6.8765564,-6.29374,7.213006,-3.6414769,7.2717886,-7.382185,7.176692,-2.170815,6.6396303,-3.8498697,7.1848116,-9.668263,6.448833,0.37493956,0.28652728,23.756469453745083,0.06975279061048761,0.029433094878084164,0.09581227,0.038134295,1549.1920056300596,1823.8559848265643,3290.171771448094,151.99908088235293,country,country.00073.wav,clean
-207.27617,108.60741,130.94698,28.914797,-18.496767,22.411139,33.299126,19.239944,-3.9221637,21.131498,15.393467,11.220083,-6.3829994,15.397177,2.9519517,11.479512,-16.786154,12.448437,7.084849,13.546053,-8.59407,11.300055,4.7956495,8.485658,-12.250599,10.941155,-1.0214049,8.139334,-4.5420403,8.807676,-6.0667114,8.020655,-5.5392537,7.607369,-2.3645172,6.953273,-6.528938,8.099456,-5.895574,7.3385444,0.35509008,0.29452258,23.594722321548254,0.07112353062113003,0.04274126192777836,0.082314834,0.054394685,1533.8625889630155,1696.8473504621961,3117.3561497738488,135.99917763157896,country,country.00074.wav,clean
-60.84931,39.757454,105.47066,17.295582,-16.914595,12.436481,40.70118,11.134196,-15.038137,8.032457,36.0463,8.078317,-12.818773,8.253634,17.483316,7.563728,-16.755318,7.638416,11.757576,7.5703197,-10.130225,7.4116807,13.194357,6.937516,-12.209436,7.3980455,2.357671,6.871524,-12.200347,8.381429,6.448179,7.1935773,-1.7883275,7.536565,6.329572,6.509843,-1.3351495,8.447795,-2.7925975,7.9633775,0.37180796,0.29083282,23.395318479990888,0.11375403625677244,0.03871022322277994,0.17973058,0.05374876,2187.464108981412,2242.0976879507925,4841.679056362471,95.703125,country,country.00075.wav,clean
-183.97171,79.849655,159.81995,44.098537,-23.17131,26.517508,43.053974,24.107862,-9.468154,19.93283,8.831391,14.559623,-1.65151,13.5184965,4.351795,13.686587,-13.370459,11.648233,0.8398633,11.153205,-13.976324,10.198637,1.4428532,9.90045,-7.390412,9.08993,0.6109411,8.984193,-3.3870335,8.242758,-3.5861692,7.805461,-9.068071,7.74271,-3.1647353,8.089087,-4.070173,6.468462,-7.0531178,9.017677,0.2973078,0.29591945,23.521612286954493,0.0665252968991873,0.04089089546495187,0.12832628,0.05277878,1321.5897450563298,1409.2266087019173,2590.326003319708,143.5546875,country,country.00076.wav,clean
-118.23319,40.413006,152.94319,21.52688,-46.513092,15.747533,31.120495,11.540601,-17.286913,12.40955,6.277332,11.014614,-3.6798625,11.990004,13.048771,9.516165,-13.126937,9.053462,15.706044,8.925867,-13.076928,8.83593,5.7017627,7.9057207,-10.694595,7.2453723,0.9979591,8.033521,-6.701846,7.2870216,2.587603,7.104612,-9.8034315,7.9493933,0.16060121,7.640265,-3.4548173,6.7580037,-7.419519,6.8451166,0.33729205,0.28765696,23.239409349103063,0.08784300624032508,0.022909935885453283,0.13140137,0.040512234,1513.1966226436093,1558.1150005356606,2922.698993505708,184.5703125,country,country.00077.wav,clean
-302.58182,87.291306,150.15967,29.005163,-3.7027955,27.763693,26.923807,16.983082,-0.26331598,17.987024,13.522552,12.77531,7.2485633,12.346619,4.2178683,10.648344,1.7668283,10.96087,6.563311,10.897256,-0.4889708,9.04944,7.8965797,8.988192,1.32933,8.100581,0.4770671,8.437765,0.07484705,7.850857,-3.2051349,6.965449,-1.8265169,6.867849,0.8744349,6.936177,0.5740032,7.9398165,-3.1530657,7.4169397,0.37629452,0.30464137,21.731419953844103,0.04985797515963622,0.03811616838618607,0.043252815,0.032864917,1143.9439902896277,1443.3419749611567,2222.2448957224747,66.25600961538461,country,country.00078.wav,clean
-229.1472,71.243225,180.35635,37.877937,4.5209055,26.909842,24.184402,17.384388,1.1109341,21.219868,3.9924355,13.170712,-5.9960327,14.104945,1.8722159,12.726806,-13.136269,10.706393,0.0047071236,14.461888,-13.499958,10.489655,1.5836843,12.128896,-13.435797,9.676011,-5.6945286,8.576211,-7.607403,7.815942,-9.802795,8.714247,-3.7803762,9.003713,-4.796636,8.01814,-4.7147093,7.701957,-2.9630823,9.301623,0.31024566,0.29183948,23.59484648962495,0.04576843072755418,0.024571649731683964,0.11523083,0.039838884,963.195880592238,1234.8596843387652,1752.8894005176085,80.74951171875,country,country.00079.wav,clean
-100.955956,54.379078,111.60762,28.59851,-13.152134,21.453716,44.59755,13.289794,-5.9610395,14.165596,29.337101,11.627922,-7.956897,14.540013,19.591026,10.497485,-22.446842,9.295377,17.270529,9.862642,-17.831654,8.517093,11.408343,6.6665683,-12.451892,7.4145164,1.6513623,6.9791794,-8.525837,8.34111,2.7190504,7.1307,-7.307457,7.73135,4.8687754,6.748484,-1.2129419,6.8328004,-1.2930738,6.4551244,0.3873131,0.2901402,22.621689960894358,0.08940724470297988,0.04595830881893212,0.15323907,0.04634807,2049.894019739639,2188.355870987396,4435.848177032943,99.38401442307692,country,country.00080.wav,clean
-74.1483,47.05323,107.63805,23.972424,-21.198166,17.44069,47.234455,15.982857,-5.976316,14.994824,17.812092,10.819422,-20.399551,12.110627,14.992423,9.14096,-15.965242,10.81803,15.734073,9.001505,-14.664024,9.467417,10.681492,7.9011903,-10.128547,8.570702,4.4502964,7.2955637,-7.654799,6.991798,6.92382,7.196109,-9.014679,7.0076776,4.1666946,7.078698,-3.7480404,7.165964,-3.592913,5.8267126,0.37873685,0.29025513,22.253414719299144,0.10102962340363777,0.04830668405281991,0.16790287,0.057332803,2101.538599563589,2152.183984058375,4416.156629438371,89.10290948275862,country,country.00081.wav,clean
-68.62351,38.210598,101.354126,22.174917,-16.908741,17.371264,51.526352,17.025759,-10.228339,13.585275,20.050034,12.302597,-21.784996,10.975102,15.524762,9.802384,-18.795238,9.900301,16.359055,10.035913,-17.893854,9.757059,12.126649,7.6387877,-13.205329,7.9388037,3.8833323,8.066742,-8.886962,6.5514636,5.0211496,6.4938684,-9.8277445,7.242295,6.536147,6.333558,-4.5069447,6.751696,-1.8084126,5.440499,0.38583264,0.29029036,21.850007049502462,0.10609270692240712,0.046736595067522604,0.1664755,0.048545144,2253.250681954206,2261.407343786667,4798.970981279025,117.45383522727273,country,country.00082.wav,clean
-148.55994,62.11657,141.2805,27.041521,-15.883042,22.001902,44.655067,16.72481,0.9918706,15.379045,13.662192,10.557697,-13.240343,12.008705,12.651497,9.405035,-11.702235,10.589543,12.159911,10.341915,-10.476022,10.280775,9.908223,8.506573,-5.0558124,8.024053,1.3398415,8.59311,-0.5577618,9.327195,2.8566842,8.274159,-8.09752,8.13744,2.1134844,6.9120765,-2.4832213,6.7856355,-4.4316597,7.3731937,0.31836504,0.29083028,23.694949322218744,0.05955141616679566,0.028660417942363077,0.13104534,0.04272267,1436.0348088902906,1729.5975020613137,2924.248984133127,143.5546875,country,country.00083.wav,clean
-80.23639,48.4803,108.186485,22.723793,-23.827435,16.64029,52.60141,16.248014,-6.424085,13.997867,15.064198,11.667395,-17.635906,11.508749,9.739016,10.133349,-16.176489,10.018455,8.906126,11.036865,-15.964033,9.561541,8.001827,8.908177,-10.704085,8.505259,4.5692387,9.097555,-4.96035,7.557329,3.9968152,8.068617,-9.807707,8.267273,2.6804268,7.313479,-8.185659,7.565509,-5.239688,6.544506,0.31973168,0.2912232,23.726311559888146,0.09301795605166409,0.03909767621843402,0.18059872,0.058629815,1965.2766137464205,2036.695092015282,4060.050449430389,86.1328125,country,country.00084.wav,clean
-146.04881,56.333736,124.6481,25.101595,-17.922836,23.168272,49.225044,16.308725,-0.17947567,15.199157,22.789757,12.221791,-7.1734576,12.545498,16.74798,9.144311,-9.723663,13.411544,15.444623,9.897015,-7.621331,9.073994,10.908756,9.181845,-3.4551363,8.928064,5.422265,8.613195,-4.9359694,7.4927726,5.122743,8.184156,-8.049169,8.664971,2.6350684,7.3397,-1.8498029,7.3831472,-3.4177577,8.82099,0.33794004,0.29540768,24.82744665727962,0.06926526521381579,0.035425249299960236,0.13540749,0.043378245,1596.2209122528527,1853.2491399296682,3291.4800968701625,73.828125,country,country.00085.wav,clean
-122.427414,62.98943,111.48314,26.787527,-13.694294,19.937801,53.828403,16.64972,-2.6777658,14.918371,19.67755,13.940772,-14.138923,13.018204,13.743675,11.192814,-14.016459,10.61321,14.626713,9.881042,-13.993218,9.116735,9.218205,8.967783,-10.559242,8.634879,3.0057263,8.996706,-8.314941,7.674963,5.0736394,8.077787,-9.64663,8.462201,4.3217463,8.16691,-5.6819005,8.771169,-1.6688946,8.359397,0.3718834,0.29635045,22.14781514114001,0.07831736467202012,0.03006529654044553,0.1335073,0.041700263,1879.9377906980571,2085.606346373194,4031.9756191950464,117.45383522727273,country,country.00086.wav,clean
-170.90068,75.6464,124.81326,26.720907,-19.262192,24.18295,39.2072,19.333735,-3.7551057,15.867166,15.289897,12.424394,-12.972992,11.184605,8.530164,9.22073,-11.833667,11.379833,11.321371,12.123993,-13.773081,8.384394,3.102464,10.705162,-10.078784,8.788026,2.897005,9.90652,-5.4846826,7.3549438,2.5281568,9.659518,-9.198529,9.805604,1.073037,8.977739,-3.5728164,8.147124,-6.7214923,8.276258,0.32843277,0.29381263,25.222757542488196,0.07391451903541021,0.03676068935882658,0.10860429,0.052365407,1589.6339834802304,1805.8872708820068,3159.789226520172,143.5546875,country,country.00087.wav,clean
-121.94322,55.226944,123.237656,21.858618,-8.495369,22.72924,51.596375,14.876587,-0.103513025,13.488208,20.407,12.150395,-11.87541,11.310997,16.275984,9.396151,-11.508768,10.818153,11.847225,10.717775,-8.085656,9.408189,9.13035,7.492578,-8.638808,8.717765,5.559068,8.211371,-5.714605,8.51829,3.9428215,8.629027,-5.466577,8.66588,4.9758854,6.8367634,-3.035579,8.249626,-3.316732,7.052416,0.3536456,0.28941432,23.275856995796417,0.06606309258900929,0.026334896534247934,0.15263915,0.05218848,1623.0094789002953,1963.444341328731,3527.637002194998,103.359375,country,country.00088.wav,clean
-205.14923,72.67613,140.98761,31.947943,-8.957965,21.976686,36.979443,16.4946,6.4254427,15.825497,14.875372,12.513012,-4.3181176,14.208483,12.232445,12.195289,-11.431657,12.175641,11.850926,11.027356,-7.9033823,10.053121,9.912311,10.859849,-2.3516498,9.056626,4.477267,10.71275,-5.011018,9.717298,3.138537,9.583136,-4.525136,10.667956,2.6503336,9.233511,-3.1228733,8.706255,-10.712697,9.213452,0.32212102,0.30012235,24.183865648475436,0.05250308388157895,0.03535657902986996,0.10459916,0.04758657,1321.7303763628815,1667.266319633866,2584.1010409612036,143.5546875,country,country.00089.wav,clean
-91.68523,42.004105,115.86115,24.04322,-30.200949,14.83913,52.273148,14.841844,-5.025164,15.472292,16.953514,10.043092,-15.656589,11.123904,13.539407,9.332804,-12.762941,9.845575,15.969127,9.561973,-11.969895,8.309946,11.058928,8.027235,-9.962004,7.832697,2.0955365,7.818981,-7.8270206,8.82329,5.0337253,6.4421134,-7.3030434,7.918495,3.050468,7.0503807,-4.442384,6.87332,-2.2333906,6.4141197,0.37119004,0.2850429,22.89589444075388,0.0990303913506192,0.04177905279243458,0.14735453,0.048840377,1927.4404450221414,1972.130487815911,3883.326518055824,135.99917763157896,country,country.00090.wav,clean
-193.78868,71.17263,125.56074,27.058666,-20.924122,24.2316,46.338005,17.918148,-2.6854317,19.088177,12.833369,16.653675,-6.6019344,12.84657,10.727056,11.867411,-10.907483,10.86304,6.109273,11.488873,-9.442732,11.950405,5.163946,12.675336,-3.6584976,9.102029,0.32129642,10.414641,-8.018199,9.519416,0.3979222,10.135573,-6.5234585,9.886585,1.1838379,9.138722,0.7200209,8.261831,-5.210151,8.277104,0.35334733,0.29747695,24.327729905537055,0.06475622218459752,0.0364948809595604,0.08943178,0.042048275,1563.418330602126,1779.217568981513,3233.9637779968075,117.45383522727273,country,country.00091.wav,clean
-50.77633,27.108038,96.71716,15.431953,-24.326113,13.616228,66.076126,11.878087,-14.680636,8.593227,24.391264,7.7329373,-21.017485,9.257553,12.469586,8.211669,-18.131815,8.4839735,13.267167,7.4291167,-12.802163,6.713641,9.798451,6.6404705,-11.344081,6.3172655,4.923647,6.3433123,-7.846176,6.7269697,5.73902,6.137809,-10.303221,5.6557035,3.7310996,5.292133,-3.2382276,5.843702,0.38193187,5.5072646,0.3705238,0.28399324,21.701706943603163,0.12121959957914087,0.03629934254034809,0.17646493,0.029970152,2334.8728689120853,2212.472815214581,4838.912406425358,161.4990234375,country,country.00092.wav,clean
-213.60236,64.734886,117.2127,25.024994,-21.871769,22.639355,45.657654,17.056864,-10.274458,17.310568,5.0603156,13.10293,-11.910965,14.237121,5.567856,10.015638,-17.804632,12.8293,0.18699962,11.302813,-14.165857,10.963227,-1.1532573,10.394786,-10.306384,8.911266,-4.047061,9.7035,-6.6340666,8.497764,-5.4173846,9.693181,-9.716231,9.145279,-3.2029138,8.436939,-4.448395,7.6923447,-9.152062,8.335911,0.25082585,0.30144095,26.70785371688062,0.068123926688274,0.04343571475975772,0.092549935,0.041848134,1537.7642290059302,1716.1980066788396,3055.1981923011804,86.1328125,country,country.00093.wav,clean
-104.37176,45.806988,136.39383,29.686123,-20.940239,19.44081,52.861176,14.562286,2.0258892,14.043578,20.42771,13.003778,-11.619367,10.449578,17.663803,8.897998,-15.735388,8.785828,11.049825,9.9852085,-11.3204365,7.9876595,3.6714113,8.954608,-6.4964943,8.072763,0.037711363,8.3279085,-2.041168,7.750217,2.1937985,8.413933,-7.11224,8.040977,1.8450243,7.355467,1.6776917,7.456262,-1.4936905,8.050452,0.3667726,0.2898925,23.56536449272634,0.06299281636996903,0.031171800922215564,0.20664184,0.05497841,1474.927396796844,1745.8524867489689,3108.406203892947,112.34714673913044,country,country.00094.wav,clean
-124.83957,51.131958,127.38223,26.91459,-23.381811,17.705463,47.360462,14.4324045,0.5631107,15.253428,15.991255,14.522318,-9.954187,11.276168,16.180136,9.47146,-16.72955,13.381935,6.785199,10.256741,-8.187069,10.332898,3.2049851,8.575233,-1.5920391,8.141549,-2.1546216,7.8534555,-3.5263736,8.177947,2.2071302,7.134543,-1.4075699,7.4014754,-1.6892778,7.515424,-1.0261394,7.028838,-2.6274633,6.5912004,0.32867116,0.3020421,24.25331551151449,0.0672293742743808,0.05846037972127683,0.17533581,0.07036883,1555.953044445339,1761.5697042735765,3218.1472069707816,89.10290948275862,country,country.00095.wav,clean
-69.88548,48.371075,124.21146,24.101324,-32.470196,18.16121,47.69471,12.923351,1.3983786,11.187574,22.617672,10.286856,-8.754297,12.288327,21.44351,9.057707,-15.66597,9.450053,15.7432,9.340477,-12.427222,8.1340885,9.581969,8.758307,-9.056125,7.332409,2.8903322,8.12769,-3.1964307,8.087359,5.8301554,7.0880537,-5.6160216,7.14016,4.165293,7.276,0.12036076,7.429377,-1.7134392,7.2423983,0.32571617,0.29315686,24.137197627799765,0.09739925986842106,0.04570086341082459,0.2179833,0.058796052,1754.1360136048581,1861.9987406181872,3504.895473043247,117.45383522727273,country,country.00096.wav,clean
-148.44179,61.288982,126.859146,31.49563,-19.540855,23.127457,52.85061,13.580147,8.579708,14.673587,17.89102,13.162113,-8.081844,11.946433,17.78146,9.912322,-15.505314,9.238116,13.504544,10.682808,-10.957894,10.118952,9.476343,9.592884,-1.924605,8.057339,1.8717726,9.362829,-2.6637003,9.36022,3.3802795,7.765047,-3.5191011,8.697391,2.1003568,8.108933,2.08825,7.66099,-0.1079625,7.933832,0.34799957,0.2991865,24.58378502711082,0.06718742441466719,0.052161440448583236,0.15299171,0.053277474,1560.8796813263718,1782.7974966049746,3175.26413294553,112.34714673913044,country,country.00097.wav,clean
-139.62306,45.49526,128.79353,24.309814,-20.24936,19.193722,49.443615,14.493298,-2.1603603,13.393882,16.988024,12.290564,-8.355296,10.178517,9.8182955,9.473795,-20.150694,8.918425,2.501784,11.671319,-11.247767,9.123551,3.766037,8.2377825,-6.424687,9.559289,-3.3514197,10.65717,-2.8953953,9.298598,1.9763131,8.3806305,-4.1829424,8.868299,1.3833525,8.355197,2.4402022,8.373887,-3.6237288,7.97746,0.2709103,0.29480863,25.41487405698075,0.0617449025251548,0.030974684731440178,0.17611368,0.0602844,1425.263507996948,1690.6857066356342,2980.9403079951144,117.45383522727273,country,country.00098.wav,clean
-42.16572,45.279137,106.278336,23.967136,-24.220882,16.10357,44.671467,12.301299,-12.33506,11.211257,20.518545,10.036339,-16.044445,8.968149,18.488562,8.113114,-18.78101,9.062542,15.5109,8.323086,-15.4647255,7.7630754,8.930742,7.9206567,-9.987847,6.9502897,6.9245358,7.566187,-8.796885,7.4467187,4.5718284,7.089153,-9.043404,6.8902674,1.0606868,6.966466,-6.4489336,6.396697,-0.9913764,6.966927,0.38101023,0.28747854,22.500485113090267,0.1082567150009675,0.0538803185365032,0.22073805,0.06506852,2157.2057766804382,2160.0886591075173,4477.88958948094,143.5546875,country,country.00099.wav,clean
-111.17791,66.438934,94.0352,37.871113,12.515315,23.741705,16.74026,14.094525,8.181678,12.489455,15.667253,12.048632,-1.3758588,10.653085,7.0394297,9.045896,0.97360975,7.603946,-1.4805396,7.4567857,-3.0693028,8.831935,-5.068189,8.456354,-3.6841273,7.2736974,0.23450822,7.622046,-2.0857086,7.263236,-1.823721,6.2939777,-5.340757,5.7054768,1.2517449,6.475608,-5.591701,6.461016,-3.6281643,5.5589404,0.44586718,0.29639116,17.21850274248376,0.09633501838235294,0.0838646739684809,0.14226125,0.06436499,2297.0855298395068,2566.0415489788993,4888.128775487374,117.45383522727273,disco,disco.00000.wav,clean
-28.934706,33.86998,51.971786,22.905817,-7.6104946,19.509706,21.605564,13.463021,8.12836,8.937068,18.120981,9.705296,6.8754973,8.7664385,6.5840025,7.3359113,0.7281346,6.917201,11.147646,7.793642,-1.8413448,6.460947,1.6686252,6.766512,-2.6266406,6.525289,-1.3988687,6.5499487,-3.6203122,6.659523,0.1959263,7.844925,-0.50231105,9.606482,2.492097,9.0667925,-3.476496,8.20195,-0.12979737,9.076605,0.41186738,0.29404718,17.755124375220646,0.18854685685952013,0.066283854618143,0.1770407,0.051041674,3290.4921281244474,2766.2269941018653,6514.877272095105,117.45383522727273,disco,disco.00001.wav,clean
-53.18525,36.931644,57.178467,16.297314,21.168882,15.47667,11.324465,16.214058,18.12236,11.150678,1.6665678,9.779764,0.3438162,8.914762,2.3195999,7.1192427,-5.1097407,9.248679,2.7499394,7.28292,3.1528792,7.625418,-5.519139,7.180522,-3.1672285,7.018531,-0.5232683,5.7224674,-2.650019,6.0715156,-1.9904132,5.0185175,-1.2388086,5.1943374,-3.371039,5.979253,-3.7308137,7.823015,-1.440452,7.1946974,0.41189542,0.29057053,18.989956755530514,0.1533482790731424,0.06720628911920071,0.16131842,0.04676909,3591.73383244625,3398.251476007568,8074.159509995405,92.28515625,disco,disco.00002.wav,clean
-44.234295,56.28437,52.219402,26.70461,3.3025825,25.480942,43.808002,13.760934,12.616858,11.302897,24.422096,11.932546,4.970884,7.465121,15.334078,7.004606,2.0627644,6.1373334,10.375376,7.378914,-1.5161042,6.424958,8.84058,5.7790756,0.42485902,6.032938,4.697436,6.030145,-1.7848297,5.8095903,2.9537394,5.94455,-2.0194726,5.6800323,-3.3882825,6.6249843,-4.1944323,6.878186,-0.42168602,7.3088775,0.4948271,0.27763012,17.287170784507623,0.14965177837171054,0.06873719532901394,0.19658779,0.045571957,3048.5690425083776,2722.6250368277992,6212.837431822029,129.19921875,disco,disco.00003.wav,clean
-83.583496,46.316307,64.47946,20.146128,5.6559176,19.588783,2.7011647,13.828344,0.79031587,12.94179,6.1708026,9.621339,1.892269,8.688805,1.9798597,8.075958,-1.816445,8.848039,1.8574665,8.315768,2.4598763,8.2303295,-0.22793381,6.6934185,2.9555101,6.7731566,-3.3824587,6.5087256,-0.8796456,6.7010517,0.044985507,6.566717,-1.5710961,7.514487,0.55798125,6.9557776,0.30237287,7.605074,-2.7803588,6.9127846,0.3821435,0.29819992,18.52171427899408,0.16905150989260836,0.0715645923792043,0.114560604,0.056612868,3328.830808812161,3111.8212935297233,7196.373151182759,123.046875,disco,disco.00004.wav,clean
-24.69177,39.457653,73.7432,24.089079,-11.558471,17.220089,28.394289,14.525803,6.2409563,11.084063,2.4656215,10.130491,8.6340885,10.174913,12.309108,8.574118,-4.102859,8.233428,13.385866,7.2809334,1.9154304,6.3196807,-0.97336835,7.562911,0.6083647,5.9977922,2.3642092,6.6699433,-3.7914464,6.177231,-0.9334681,6.5367646,-0.8856284,8.151552,-3.4995823,8.855114,-0.97060335,8.188007,0.11684968,9.491129,0.44927672,0.28581634,18.048050464044735,0.14455203596652477,0.06204898638445383,0.20725702,0.053770594,2722.0804866206827,2569.2334475067137,5469.600259408862,107.666015625,disco,disco.00005.wav,clean
-14.574394,30.930387,65.21034,17.105383,-19.872639,18.387293,31.508326,15.105891,-4.8264494,11.80752,11.86232,9.174662,9.994609,11.118585,5.9573913,8.2863245,-3.8033693,7.86857,9.377889,8.502997,-4.387916,7.898537,3.3395407,7.9095445,-4.444171,6.9436965,-1.267118,5.9288454,-0.83626723,6.457403,-2.202067,5.9513855,-4.7423997,6.19879,-2.6242144,6.7363453,-7.4693303,7.2559686,0.22922216,6.611242,0.4739877,0.27849957,17.979237554711244,0.16366529907604488,0.0365991020079963,0.19194463,0.045976,2848.2245207476594,2490.6496151623014,5506.550035978618,123.046875,disco,disco.00006.wav,clean
-53.44801,41.97893,56.161034,27.940893,-6.3209867,18.070724,31.619057,17.83236,4.6533747,11.474495,16.347412,10.28232,4.1198163,9.293659,1.8823282,9.42518,-0.3882388,7.6130786,2.495932,6.983411,-0.5415109,7.6723604,0.9562786,7.0203705,0.49564812,6.446983,-0.1668209,6.4744735,-1.8157804,6.580163,-2.5324876,6.9619865,0.8160483,7.496485,-0.34222037,7.0581937,0.56009203,7.9062266,2.7850673,7.99731,0.43156645,0.28776124,18.78950789342437,0.1402841101489938,0.05347043326100227,0.15960243,0.07000463,3099.1841465490747,2728.3135813025015,6098.354790749565,129.19921875,disco,disco.00007.wav,clean
-32.467175,40.184998,65.00107,20.366398,-26.697556,19.589163,30.282536,14.708721,5.743129,12.802707,11.739748,11.102873,-2.1584125,11.726041,10.449982,8.998973,-2.3618212,9.808547,5.323516,8.631512,-3.80813,9.888235,-0.8611962,7.6611137,-0.1878254,8.235781,3.465425,7.455326,-3.0110605,7.7588434,0.43562254,8.624056,-0.93142164,8.071898,1.178315,8.148499,0.006235412,8.741658,2.8587086,9.046275,0.45534128,0.29440096,17.822219915769715,0.16440792497097523,0.056134258539823005,0.19060382,0.07515676,2802.541418287883,2424.9610177239656,5449.683713174826,123.046875,disco,disco.00008.wav,clean
-68.970566,64.309654,63.131035,24.936666,-15.854861,23.190746,28.00219,12.486236,8.1834755,12.329033,7.321166,8.574099,-4.936118,7.9485373,9.494793,6.3495746,-0.9736147,7.1109,-1.6035986,7.546268,-6.1901298,7.4331713,-3.9367526,7.068272,-1.1710128,6.8562393,-6.543671,6.29458,-6.177693,6.586355,-5.0452127,5.488528,-4.4068336,6.5173755,-5.375081,6.357859,-1.6540104,6.532165,-0.8894558,6.842887,0.4421543,0.28048763,18.990920761284986,0.17065354102167182,0.06878800778479255,0.11894808,0.04340286,3016.630571985955,2623.3927917379524,5954.647326395608,129.19921875,disco,disco.00009.wav,clean
-6.7841387,34.24005,61.12633,19.562664,-16.656654,17.192331,27.431992,11.316622,7.7223644,12.359541,16.008894,9.792343,4.6347065,10.226876,11.449501,8.429041,0.336292,7.865485,9.832177,7.623893,3.1856217,7.0206547,5.025588,8.087631,-1.8622084,7.1322393,1.482043,6.592987,0.94124126,7.73463,-0.4382249,7.7462983,-0.7317001,8.526847,4.4446707,8.044598,-1.8448054,7.7599864,-0.6028676,8.33454,0.4375572,0.29606387,16.87829041401816,0.15032410990712075,0.05951471278529785,0.23285034,0.05503045,2877.646855543141,2624.146129891107,5866.05619542739,107.666015625,disco,disco.00010.wav,clean
-41.32795,38.87535,62.794346,22.771816,7.325327,18.879267,12.125494,13.194746,6.3566375,10.341894,9.265048,11.61776,3.0930905,11.073091,13.867353,8.662072,0.16360393,8.458419,8.0671015,7.769757,-2.697001,8.394335,-7.219517,7.816917,-3.2453783,6.580534,-1.9231242,6.901306,0.5200374,6.468499,-3.1877127,6.7026243,-5.547015,6.966229,-9.166517,6.073809,-10.670773,6.915281,-5.9729233,7.4761806,0.3736674,0.3038781,19.406264328560255,0.13097653226586686,0.07374647961316932,0.18885729,0.045492128,3132.849239309041,3007.9676708192465,6864.0001609967585,95.703125,disco,disco.00011.wav,clean
-57.66927,48.412506,68.380356,25.951035,-15.251752,19.474863,23.414114,15.276276,14.855438,11.566164,13.172661,12.293129,2.1979194,9.454947,12.811309,8.746152,0.061214767,9.774774,12.777958,8.042651,0.03940566,8.472329,3.3698213,7.5141525,0.8151105,7.3429356,1.0514909,7.235091,0.54541034,6.5952353,2.9783316,8.905672,2.9126883,8.838209,4.022737,9.414622,0.52523905,7.825466,1.960363,8.164644,0.42879608,0.3017946,17.415229717592425,0.13174939229392416,0.06218414451623731,0.1758003,0.060560875,2739.0755703377026,2613.798191795889,5710.898800309597,112.34714673913044,disco,disco.00012.wav,clean
-40.070427,51.317043,56.20911,20.145962,23.679754,17.529343,31.92545,14.475109,2.4516678,10.657238,2.5737195,10.6212635,-2.4787798,10.955781,3.092059,7.461232,1.8828633,9.846408,3.3509662,8.088451,0.00014280903,6.708477,-1.5209646,7.2238507,-2.4554949,6.4381037,-5.073821,6.547166,-3.6762688,5.9836316,-7.849821,5.928626,-3.038609,7.4438386,-2.7839165,6.7404323,-7.496366,8.364867,-3.6325722,8.189322,0.42132524,0.28621745,18.160063149601193,0.15957688842395512,0.06959175580256804,0.1707804,0.048790105,3391.8321168993366,3108.9716838169015,7204.406435939919,184.5703125,disco,disco.00013.wav,clean
-23.927662,32.494637,61.220757,19.2317,-0.9586992,13.169732,25.331013,10.753072,0.39423472,8.341041,6.0302544,9.081338,2.4890816,7.481739,6.189192,6.187473,-0.32926685,7.7263436,9.696876,8.258092,-5.5078354,6.731968,1.0618181,6.2398376,-2.4369648,6.965564,-0.56662,6.1491737,-1.5567182,6.2357187,-0.896729,5.6876216,-6.7337766,5.702707,-3.7109935,6.1765065,-4.4605083,6.074223,-0.7739851,6.8946857,0.43621337,0.27577832,18.10514699537816,0.156306688999613,0.05200051163441934,0.17372327,0.034415472,3087.483970853388,2812.6634814898784,6530.043847051567,103.359375,disco,disco.00014.wav,clean
-46.826416,50.17282,103.7258,29.796513,22.146416,19.9726,9.233178,13.597399,2.2635014,12.049892,-4.791668,10.687336,4.8094583,11.905966,0.95852304,7.5169997,-9.410542,7.6584535,-1.065514,9.354075,-0.8630862,7.7389708,-5.27438,7.060204,-1.7578692,7.732053,-3.6494381,6.67768,-4.312637,6.2903447,-0.086329125,5.986448,-2.5016928,6.6058574,0.5423791,5.7238736,2.5184677,6.13364,-3.544737,6.848545,0.4146435,0.28199345,18.92771787440445,0.09018917497097523,0.03945344429217535,0.2158627,0.0460096,2361.735960891677,2806.608081873163,5438.25878225982,123.046875,disco,disco.00015.wav,clean
-36.030983,43.438545,83.65931,27.224272,-2.7294111,17.701733,32.392513,12.769864,9.1963415,8.717133,4.1342163,9.906215,0.03383908,9.379091,11.114394,7.7905393,-2.8908205,7.6764183,7.905869,7.008977,0.6144371,8.184441,3.6502342,6.7261953,3.7515383,7.861987,4.070797,6.4655027,-3.3186333,7.2440286,0.09888038,8.320415,-3.843196,7.475006,-0.5068443,7.5802236,-3.4149015,7.571207,-0.7712105,8.024308,0.43456846,0.2880965,17.82808487317888,0.11443506010545666,0.047486323089410205,0.20560874,0.044032417,2522.8702609517236,2564.5703679361486,5342.909358824739,123.046875,disco,disco.00016.wav,clean
-98.156845,58.651077,92.40119,29.34543,2.6636736,20.767262,19.337894,16.811554,3.586051,13.791771,-1.7657074,11.836869,-1.7049835,8.58742,-3.1714423,8.627951,-9.09204,8.806226,-4.080457,7.3462505,-5.1855764,8.0710535,-5.48785,7.249453,-4.233516,6.8319206,-3.7713585,5.924105,-1.7159791,5.8474708,-5.584648,6.580811,-4.687199,5.472355,-2.7077785,6.2354074,-1.8423917,7.6973667,-3.09303,5.470861,0.4046987,0.28170797,18.548160930713973,0.12076004075561146,0.06479467245650906,0.11607086,0.05913387,2564.6775896822555,2670.2675671248467,5388.992413500145,123.046875,disco,disco.00017.wav,clean
-73.150406,61.51963,71.752396,22.724756,12.0955715,23.547077,1.3943436,21.13056,4.529426,15.272299,10.863227,14.236675,3.870923,13.14716,0.938661,10.779795,-5.9797716,11.660251,9.034468,9.495133,-2.3677683,9.596479,3.5552125,8.403229,-0.14264005,8.932306,3.109238,8.439162,-0.07392059,8.384109,0.3649058,9.084298,1.084568,8.327972,1.520907,8.864814,2.304687,9.572725,1.9287057,9.924231,0.37004274,0.29705113,19.48577739275408,0.14359928284636223,0.052447509908184614,0.1386678,0.047658473,3043.380831699277,3001.1129616910393,6839.091978279799,123.046875,disco,disco.00018.wav,clean
-95.103714,92.61107,109.35317,40.46224,-30.161179,29.302103,16.358656,15.944222,20.03973,17.428415,11.962816,8.250352,3.48553,10.454784,6.1739693,6.8345604,5.2001824,5.7912397,8.620757,6.0691442,0.3425965,5.8079505,0.38362712,6.0528955,0.53627163,6.054369,-1.8029801,5.7611394,0.9774777,5.4111557,-0.063978635,5.6300826,-3.6734533,5.8848195,-2.1387339,5.4834886,-3.6518173,5.854613,-4.407776,5.7344446,0.444944,0.28669012,18.59848895309788,0.10366263847232972,0.05283107384774578,0.14695053,0.05662692,2117.5507614054177,2143.899286453212,4198.949609526171,117.45383522727273,disco,disco.00019.wav,clean
-103.961624,54.643642,105.80915,37.667496,-14.32573,20.955404,36.73847,15.266929,-10.348667,14.118836,16.81085,9.335332,-6.8228097,8.748294,8.140345,8.629216,-4.461959,8.166337,0.9882636,8.880453,-10.006155,8.82407,0.38354293,7.991812,-1.7078525,7.4993625,2.9656317,7.459998,-0.89472985,6.9481287,-3.0466807,6.286925,-4.439489,7.0624394,-6.513695,6.9467335,-8.457305,8.236766,-2.7770846,7.9901567,0.34271052,0.29540694,20.55928107279781,0.10330171850812693,0.04704912919051391,0.124615744,0.028856877,2117.828754709546,2114.987397636512,4351.2236887456465,161.4990234375,disco,disco.00020.wav,clean
-115.132545,50.395992,70.42538,21.962406,31.242792,28.61603,11.176329,15.826472,13.06419,11.219667,3.867458,10.71529,1.8087032,7.1877236,4.9707108,8.815499,-1.0388266,8.843525,3.9260278,7.306562,-1.292635,9.061843,-0.68841565,7.665368,-1.0751352,6.3752413,-0.14145267,5.859469,-2.1613638,7.4404845,-2.3170588,6.846442,-6.3917284,7.728505,-5.3133707,8.497881,-4.9977107,6.39655,-3.8522284,6.790494,0.401155,0.29650483,17.43888659834779,0.1240548054131192,0.044995280001122386,0.11133677,0.04504295,3248.532892801311,3305.018067234049,7422.538450258804,107.666015625,disco,disco.00021.wav,clean
-71.94239,45.71869,46.88916,21.372257,21.026213,15.00179,29.95096,13.600837,9.497893,11.820898,2.4052784,9.682901,8.244612,8.8132515,2.5142548,8.051182,-2.162969,6.359784,0.43971246,7.9030395,-0.23318736,7.2806916,-1.5565152,6.9903126,-3.6136653,5.976852,-3.8174977,6.294308,-5.2896686,5.6203604,-2.9235542,6.1457667,-2.9003375,7.918378,-1.7993289,6.782472,-0.71562344,7.7077413,-0.98826045,7.437305,0.4353606,0.29910955,17.80523320317202,0.17289993711300308,0.09129611456605723,0.13689657,0.0655788,3707.487312505618,3249.3744818532323,7806.927792575706,123.046875,disco,disco.00022.wav,clean
-32.173412,52.414017,60.033607,27.748617,3.3775675,20.138948,18.969069,19.471561,4.3263345,16.942879,0.68113494,13.522647,-2.0263913,12.895145,1.3316941,10.327097,-4.64699,9.4155655,3.7893417,8.46244,-6.734154,7.5522385,-4.892331,6.224655,-2.3437293,7.635768,-1.6774993,6.2746596,-3.493383,6.900447,-2.6775057,6.683752,1.0068876,6.330962,4.012039,7.750933,4.7022734,7.5257835,5.8544073,7.0623784,0.4352631,0.29448685,17.907420327265765,0.15100324412248453,0.08116006648234539,0.1782089,0.044355083,3167.808308145324,2934.994369827443,6730.517634813999,112.34714673913044,disco,disco.00023.wav,clean
-69.599335,48.217472,83.05957,20.990513,-16.599524,17.48306,0.11946942,13.759998,7.4157043,10.225967,0.7696189,10.038503,1.337008,8.664892,4.690686,7.707857,-1.4208714,8.618706,3.328473,8.159072,-2.8755646,7.8378215,-8.202937,8.078999,-5.765528,6.922665,-0.26638108,6.443968,-3.2104323,6.0157995,-1.8850925,7.033575,4.043784,7.3487697,3.6543794,6.621043,1.9138739,7.007265,3.6086924,7.466781,0.37260482,0.28462937,19.45264293665393,0.12025853207236842,0.03886628306928901,0.14297517,0.06291434,2625.095043461179,2709.9901686000894,5606.407765485923,129.19921875,disco,disco.00024.wav,clean
-124.19868,68.41376,90.16968,29.917175,-11.312608,16.51525,10.940362,15.650412,-1.1521436,10.61663,-3.7543976,13.5439205,-0.8530474,11.00957,-3.8402538,10.880989,-3.7089515,10.174665,-0.2670248,9.262861,-5.8232455,8.584737,-3.4306006,8.025864,-4.6257415,9.557286,-4.559666,8.580006,-5.4870396,7.078511,-5.199043,6.0694456,-4.60868,6.2244983,-1.8111321,6.683749,-1.3179176,7.322023,-1.9561292,7.631671,0.35809016,0.3061419,18.925739242861123,0.0996603950996517,0.050123410109899146,0.10787619,0.05843976,2410.0020281305497,2575.8047598645294,5080.294280155525,123.046875,disco,disco.00025.wav,clean
-68.09459,51.733757,66.36573,23.354137,11.869311,17.996586,21.982038,18.501442,9.769293,12.883426,6.6966743,10.988838,1.6115297,11.506767,3.8194947,8.252147,0.95873666,8.517563,4.773914,8.843122,-4.2044983,7.859812,-0.05883129,7.226171,-1.2347755,7.3103223,0.077795826,7.3644314,-1.1298577,7.598805,-2.0621068,7.6902633,2.565989,7.959534,1.3888539,8.162482,2.1794925,9.211383,2.2477427,8.941138,0.4012705,0.29365802,18.540558142752253,0.1315751681017802,0.0744159069546085,0.14301582,0.039181884,3042.993183926036,2969.1343437380074,6611.985018231182,117.45383522727273,disco,disco.00026.wav,clean
-155.63731,81.180115,60.568497,35.086876,23.166864,37.681225,31.186348,17.8764,25.054384,16.21696,16.906992,12.340707,9.43836,10.809049,8.449133,10.990596,5.317451,9.7589855,6.5566573,7.89631,5.7627544,9.337791,3.9231863,7.5178285,7.559716,8.199297,2.156522,6.6689873,4.4279866,7.3619103,4.34529,6.8824143,-0.023135826,6.3101387,0.8937063,6.7568016,-0.49496508,6.2722464,-4.7843685,6.631829,0.48534432,0.2943286,17.544583104168666,0.10124882086880804,0.07425717021928806,0.115593135,0.05900569,2909.983968555962,2990.754025172008,6351.153262111794,112.34714673913044,disco,disco.00027.wav,clean
-20.481245,41.05844,53.708107,20.76969,5.945927,19.067728,10.153069,14.3194275,17.057161,11.221384,9.541378,7.7671404,4.6119027,8.625854,6.398941,7.0190134,-0.33330107,7.298027,1.7238895,8.011362,3.684527,8.983935,-0.7746319,6.3594604,-5.887973,6.897246,2.3219109,6.2952747,0.36891213,5.5955524,2.7516134,5.527379,-0.53185666,5.734269,-1.2027638,5.6240997,0.24694538,5.577783,-1.2757894,5.683908,0.48300156,0.28491732,17.07150746287476,0.1982474784732972,0.11595202962257423,0.17252432,0.05814367,3713.366946149792,3188.443143865485,7726.378279647591,123.046875,disco,disco.00028.wav,clean
-59.006565,42.967266,68.87012,18.386217,-8.457222,15.013961,3.5900607,13.63055,5.0725217,11.424927,3.284628,10.538272,13.525487,9.72427,-1.3692731,9.320862,1.6712121,9.206867,3.712645,8.656052,-3.715991,9.240933,-0.31718886,7.435593,-2.8357635,7.7340827,-8.801013,7.9722786,-4.4926963,7.767451,-6.412872,8.274827,0.45433882,8.78156,-2.2726712,9.708989,2.9792905,10.418358,-0.018868461,10.335689,0.3840737,0.30736548,18.88676835244934,0.13853393176760836,0.049965613022775475,0.1475287,0.05644487,3075.059149844922,3031.881214983589,6848.758586493808,103.359375,disco,disco.00029.wav,clean
-40.729237,44.7485,63.947403,20.898884,4.90489,14.7773905,16.340809,15.734881,12.100067,14.131888,9.339081,9.623412,4.540618,9.52768,5.1896324,7.9903064,-0.5894374,7.654206,-0.06985205,8.284868,2.9546144,7.1636715,-1.4821672,6.3776608,-1.7598724,6.1918783,-2.2666602,5.5953355,-6.12547,6.7319717,-4.724787,5.7836246,-4.742951,5.5851183,-5.763995,5.0357633,-4.029355,5.0142527,-5.362603,4.9831266,0.4503064,0.2825364,17.67587359945606,0.1508622774767802,0.07706370250611315,0.1699541,0.068125546,3168.1112406928287,3047.644241281729,6935.358062838623,135.99917763157896,disco,disco.00030.wav,clean
-66.56881,49.275932,58.31062,18.317972,-8.179027,16.094784,15.493415,15.3262615,5.5751886,11.911059,7.6971626,10.975949,4.071543,9.250745,-3.5835304,9.646317,-1.3218851,8.3941,1.6088259,7.121555,-5.482533,7.138974,-3.7345495,8.08257,-3.2398586,6.5909715,-1.3290434,5.8894134,-3.4326327,8.024456,-1.1864659,6.850773,-4.382923,6.2211156,-3.6565218,7.034477,-2.0906227,7.440373,-0.3098475,7.566841,0.41717562,0.2895608,17.4248182559492,0.17381451964009287,0.05277311399564429,0.11574833,0.050128408,3257.126964639291,2898.084209645412,6681.101266961348,123.046875,disco,disco.00031.wav,clean
-123.20344,76.580956,86.96168,30.938826,-22.495186,22.821018,6.9312387,17.581322,8.458765,13.027555,12.637701,11.946551,-0.85900444,11.497784,-0.8323708,11.121635,-3.262091,9.634634,2.6230345,8.524042,-0.7835582,7.8683825,-0.4259603,7.9495597,-3.8292584,7.895136,-5.653187,7.6123624,-1.8435526,7.34728,0.12274642,8.887164,-1.0618997,8.940482,4.500085,10.626049,-0.97467154,8.664665,-5.260678,10.97039,0.36853778,0.30064082,19.725828016471578,0.12327627648510062,0.052494197749285536,0.111132905,0.0663372,2447.5053952029866,2449.620395814775,4959.620009856328,112.34714673913044,disco,disco.00032.wav,clean
-57.800613,46.616436,86.53878,27.832417,-11.776967,21.23882,38.7768,14.912637,2.375864,10.999882,8.829937,8.952431,-1.2931181,7.628691,9.917737,7.9123244,-1.6644963,7.1546426,9.836173,7.450597,3.0134122,9.272572,7.5246854,9.21506,1.7179295,8.662724,5.66263,8.087088,-0.7007106,7.690585,3.4496064,6.945418,0.13334651,7.389184,-0.95583814,7.4760046,-2.637059,7.432313,1.6531117,8.210995,0.39189994,0.29116473,19.652844851444367,0.12449924717008513,0.04079810968307279,0.15696204,0.032111328,2450.4078120136996,2388.143725140329,5024.452951153735,129.19921875,disco,disco.00033.wav,clean
-65.79326,40.128407,52.831802,13.913106,16.578833,18.014395,12.54698,15.039208,5.604338,11.639439,8.383382,12.3838005,-0.610474,8.576455,-0.6237842,8.23325,-4.082043,8.43969,0.686859,8.969669,-7.787458,7.8662114,-1.8914624,6.973805,-7.2499976,8.445614,-5.273299,6.5541153,-3.0442162,7.2134447,-4.339184,8.101434,-2.5437577,7.833129,0.72082615,8.171014,-0.30960423,8.251631,2.9366217,8.448217,0.35765976,0.2926259,18.771336365079613,0.18083450742550308,0.056617282516308994,0.12288418,0.04483668,3653.396938317012,3234.1734231198407,7835.32762084583,129.19921875,disco,disco.00034.wav,clean
-51.8135,43.25568,55.668415,24.299004,11.39662,17.40977,7.4714847,13.19668,12.000198,11.102441,6.2591653,8.122298,4.35697,9.159212,4.3104258,6.8461704,-5.940892,7.4683366,0.565794,7.2539635,3.599389,9.727822,-2.3887084,6.928508,-5.8230114,7.10752,-4.5261793,5.7150087,-7.0146923,5.7668934,-4.256947,6.586768,-1.7328707,7.113688,-2.1438158,7.148629,-2.4903357,6.842988,-1.540589,7.3057213,0.4026628,0.2865577,18.326703976948348,0.1764282604489164,0.0855581751534182,0.15231217,0.06610048,3623.816329797985,3229.652358619963,7702.895088313903,123.046875,disco,disco.00035.wav,clean
-23.558336,39.814426,57.343533,17.080185,7.011987,15.809083,16.525126,11.910388,5.500359,9.089364,11.859777,10.503324,1.6749339,7.4700723,5.4618583,6.715094,2.7552292,6.923093,7.3391514,6.819112,1.9634923,6.445443,1.2612276,6.862239,-2.3459413,6.727193,-2.3197463,6.76445,0.10894824,6.0760226,-0.1454609,6.6089973,2.2749884,7.6452017,1.580436,7.4338675,-1.8456298,6.4587073,-2.4429183,6.838453,0.43479118,0.27610528,18.17614385343756,0.16205155222039475,0.04994181001944214,0.17306745,0.055034023,3348.2009991791724,3013.270649779574,7057.757322707043,135.99917763157896,disco,disco.00036.wav,clean
-26.568245,42.145344,52.047867,17.50033,4.1779747,13.892709,12.859308,13.311803,16.740139,10.882696,10.133737,8.27005,4.4751606,8.216522,6.326911,6.8413496,1.1580266,5.863294,0.64618844,8.048669,4.612163,9.506784,2.143196,5.688099,-3.3678746,6.9996796,1.62928,5.4777083,-1.8801037,5.6227407,-1.0871792,6.3376966,-0.67252105,5.491525,2.382105,7.119724,4.165998,7.0749583,2.8615506,7.0476174,0.45458192,0.2860473,17.171280908018016,0.19009560032894737,0.0716635016040507,0.16388439,0.060269676,3637.551798162976,3198.8678390173886,7771.0863426373835,129.19921875,disco,disco.00037.wav,clean
-77.395744,42.231285,52.15557,21.73596,-8.997961,22.026054,12.852356,17.297897,8.566091,12.894541,2.8920133,14.92131,8.930743,12.438653,4.013753,9.924653,-7.3446417,9.4971895,-2.260518,9.623671,0.9621685,8.183755,-1.0486538,8.646015,-3.7624757,7.8668337,-3.5320663,7.473374,-2.4292212,8.433807,-4.880999,10.277128,-1.8485126,9.984246,-4.1706743,10.579973,-1.6632475,8.2088585,3.508745,9.036993,0.37071827,0.29452944,18.605982458955896,0.16828847595781735,0.07504607238199056,0.11312769,0.043425605,3354.360372505759,2987.367057986614,7044.907400408765,123.046875,disco,disco.00038.wav,clean
-107.36452,48.768627,91.02147,26.56894,-8.338967,24.050468,34.284462,17.333168,-1.9262822,11.333244,3.7966006,12.286437,10.531457,9.271171,5.5613923,9.76532,6.9440746,9.4840765,4.7774057,8.014212,0.6849833,7.8919683,-3.8546646,7.034073,-2.5791147,6.793675,-0.90398204,7.2930994,7.024838,9.116305,3.7832522,8.21666,3.3438792,8.875409,5.20636,9.771081,2.8768697,9.474917,3.1789966,11.104375,0.34097588,0.2985627,20.155820635913425,0.10118608504256967,0.028192376141641662,0.124338545,0.03609328,2328.7358232995766,2432.2106054853166,4868.278895516883,112.34714673913044,disco,disco.00039.wav,clean
-78.35117,51.157784,80.074615,25.29574,-9.1673765,16.845148,25.477055,16.710794,-3.3905444,13.188245,16.8094,9.2135725,7.2707057,11.656095,1.818662,9.932336,0.4955743,9.903456,6.320318,8.011549,1.4938976,8.1645,2.1636302,7.767425,0.6581049,7.831818,-3.382022,7.9223833,-0.911081,8.34492,2.9360857,8.012185,-0.6341331,8.454015,5.8765235,9.270579,1.8965183,8.392242,-0.61301386,8.651293,0.42088637,0.28832132,18.725966474627157,0.12638850256385448,0.04925769241814541,0.14515093,0.07560162,2605.158778871083,2533.400411803869,5352.617633453464,135.99917763157896,disco,disco.00040.wav,clean
-122.06817,65.96478,116.81796,30.26819,28.333023,20.093992,24.729452,16.734476,10.946231,13.843334,-1.8944621,11.678608,-1.4049608,11.191997,-0.94842124,8.074483,-3.5381525,8.915168,-2.6139371,7.950519,-1.119935,8.17652,-4.180541,7.4796844,-2.5521882,6.5517397,-3.7663925,7.4740996,-0.25579137,5.838748,3.2379718,6.4539037,-5.7643414,7.036282,0.7164778,6.2535734,0.27367613,6.4103994,-2.2794304,6.800696,0.35578653,0.29928076,20.7578864497578,0.053842455979102165,0.036524757658491516,0.1753704,0.058544144,1776.3958801199312,2452.7444237351056,3874.7765697561917,161.4990234375,disco,disco.00041.wav,clean
-62.305237,59.267357,92.054,24.128311,-19.720612,19.777237,17.629362,10.792852,-3.1775432,8.622545,5.4197507,9.521262,-4.0006166,8.161307,8.885712,7.3212924,-2.4901588,7.041303,3.1609385,6.0845027,-0.529875,6.794551,-1.4906911,6.3216896,1.2983328,7.532873,0.9118191,7.508745,-1.5740798,6.239971,-5.345329,6.4306397,-1.3775159,6.9596786,1.9313307,8.455058,0.5238894,7.837033,-3.3288658,7.285812,0.39411393,0.28776535,18.060572061844113,0.12167764669601393,0.040131270575254195,0.13598101,0.043712735,2403.9325975307147,2395.0072403556587,4901.478694762239,103.359375,disco,disco.00042.wav,clean
-62.788113,61.341187,77.8459,36.69416,3.535339,26.944422,26.012877,15.9475155,5.932444,13.83311,11.292923,9.421417,11.104591,9.8611355,-1.9596616,11.020176,1.8299742,8.333947,9.186841,9.188625,4.0683765,7.781751,0.9767574,7.05529,5.6182814,8.204339,0.6827658,7.3104773,-0.135022,7.395259,2.2042742,6.8954706,-1.8583151,6.781341,-6.8201756,8.263296,-3.192486,7.687055,-3.537325,7.639897,0.4203313,0.29265276,19.204105362757744,0.13478414340654024,0.07237925219544916,0.1736528,0.049412414,2875.523793893122,2760.719592455261,6020.16359689435,129.19921875,disco,disco.00043.wav,clean
-71.24205,63.750343,97.72146,31.033133,-18.355276,20.514807,8.578153,16.442295,5.202039,14.620771,-0.9389217,12.224695,0.4680154,10.9373665,1.6290964,8.386611,-4.778091,8.583002,0.06490758,8.650076,-0.548709,7.884997,-4.452,6.8524733,-5.314456,6.686584,-4.7849913,6.315176,-4.604325,6.351562,-5.987757,6.283163,-2.9043708,6.139565,-3.4409497,6.882927,-2.5677822,6.0438414,-3.0350146,6.4966364,0.36704448,0.29194003,18.546537634641524,0.1095964650251548,0.040398612847045066,0.1489569,0.054441072,2330.4341487066677,2437.648116063216,4645.41357648631,123.046875,disco,disco.00044.wav,clean
-81.29733,63.2313,106.4762,38.44055,-9.534991,20.563913,17.970007,15.330825,3.0110774,13.745268,8.301614,12.1206875,3.893875,10.04612,4.2491026,7.13754,-3.7393968,7.4302425,-2.078543,6.1571264,-2.2060983,6.577474,-4.5875278,6.630515,-1.1600444,6.756293,-1.8838692,6.3285303,-0.22667754,5.680283,-1.0367161,5.5572495,-3.2868865,5.5569215,-1.8739798,6.1108346,-0.70982313,7.0959067,-0.55249864,6.5236506,0.40740296,0.2873303,18.069904954628498,0.10974196679082818,0.06587269052827661,0.13541684,0.053014245,2248.158016320912,2368.7379081969507,4609.87212473394,123.046875,disco,disco.00045.wav,clean
-125.69445,55.731136,101.78628,20.116222,-17.488695,21.1176,33.67749,17.791584,-15.244758,12.433478,23.698763,14.861265,-8.65802,12.352015,18.546085,9.986704,-14.059921,8.624667,19.96296,8.751169,-15.148184,8.598052,12.975601,8.365425,-14.307979,9.931828,3.0331678,8.957886,-7.09871,9.884185,1.616406,10.19654,-3.9054322,10.418745,5.3860574,7.895694,0.9615917,10.758179,2.6921427,8.643535,0.3763196,0.30565286,21.82140802488844,0.11426008005998452,0.04781064789061981,0.11299214,0.054818656,2259.667499272963,2272.868955034084,4889.170435855263,123.046875,disco,disco.00046.wav,clean
-280.90808,62.992897,120.8154,24.11161,-37.612255,26.635092,28.736147,16.39261,-10.789445,12.8109,-6.406519,13.214102,-13.8086195,10.870545,-4.0625076,10.163209,-14.859974,10.169891,4.7919674,14.615185,-20.17432,8.629635,-5.0939503,8.247865,-6.7920375,8.437115,-6.4094267,10.827275,-1.7583935,8.04529,-4.1261473,11.395074,3.4049892,11.9975395,4.251874,12.463596,1.014789,11.187699,-1.1414523,11.645966,0.22014824,0.304414,23.710464397806103,0.08702290537925697,0.05300927863510807,0.0469848,0.032791935,1710.8442048759703,1620.146459083234,3238.938747913845,123.046875,disco,disco.00047.wav,clean
-105.02068,49.57181,80.22214,21.694683,-41.111576,22.800642,54.02576,14.859603,-8.379423,12.451707,25.721209,12.360772,-12.471843,10.003527,28.713755,8.96267,-15.008991,8.326979,15.610892,7.532393,-7.6170635,7.5154157,12.414465,8.031367,-7.368524,7.609025,5.769286,7.6122255,-9.625082,7.8726263,3.9907076,7.9297967,-7.35203,7.2270203,3.4371164,7.2193007,-3.514105,8.375165,-2.9073317,9.270811,0.4096742,0.3006314,21.728217705846355,0.15437434996613777,0.05761921237132107,0.112305515,0.04087081,2616.176846102279,2155.83465004247,4983.836530089009,99.38401442307692,disco,disco.00048.wav,clean
-45.132,60.12589,98.671646,30.23852,-24.668425,22.369917,40.512596,13.150059,-18.104605,12.316133,26.115303,10.508079,-12.69484,11.877615,13.988503,8.42318,-15.421142,7.897736,16.179258,7.852211,-14.377716,7.5101857,8.140356,6.83605,-11.939819,7.8460035,5.3776064,6.997898,-7.686566,6.86164,3.684058,6.2489295,-6.807864,5.9943657,1.4850638,5.7627954,-5.80723,5.493473,-2.5007093,5.911603,0.4213732,0.2924363,21.573094447152616,0.13532117719620743,0.07365593131210514,0.20951693,0.085005485,2397.052524918614,2208.5337721945857,4920.695245229053,123.046875,disco,disco.00049.wav,clean
-45.80532,36.454357,101.7401,18.11382,-32.07864,17.155432,34.265602,12.526666,-17.547401,10.7868185,32.327183,8.878401,-15.645262,10.005803,22.041264,6.848984,-16.110876,7.304912,18.677486,8.395048,-13.079386,6.8896422,16.47522,6.3087993,-9.913809,5.7738156,11.567794,5.7657995,-7.7403994,5.70377,6.131409,6.0288615,-7.3614235,5.4765506,3.5779817,5.607128,-6.616034,5.47484,2.8414469,5.3766284,0.45116726,0.26599976,21.465192344861208,0.12878191212751547,0.036077468264831714,0.1589932,0.042340536,2376.151262275847,2258.535035544069,5006.728058333736,107.666015625,disco,disco.00050.wav,clean
-77.198685,40.696,89.36663,17.877962,-34.23228,16.994118,38.68127,12.111468,-22.269873,10.632643,31.254675,8.575847,-16.385426,9.774299,22.344229,6.7694907,-16.015026,7.1794424,19.283667,8.110939,-13.230427,6.831802,16.72414,6.057431,-10.393916,5.6301637,11.381443,5.639879,-8.547002,5.6055417,5.7291126,5.7441216,-8.349093,5.2628665,3.055977,5.551206,-7.5780926,5.3099165,2.2519233,5.298541,0.4605199,0.26461825,20.479556808271777,0.15772391398993807,0.042070515672330396,0.10635126,0.035141136,2651.320247246162,2309.039109488247,5372.017516145027,107.666015625,disco,disco.00051.wav,clean
-70.51618,40.52427,90.476006,18.850536,-48.086514,18.177752,36.67485,14.291256,-17.66604,12.800238,21.603977,11.498856,-30.186953,9.950456,24.03991,9.904123,-20.447668,9.266915,14.48298,8.803775,-18.503065,9.283689,9.126517,7.3436875,-12.047067,7.718199,6.2659683,7.473107,-11.558922,7.075394,4.908774,6.350529,-7.8774056,6.240276,-0.64481187,6.760662,-4.3557434,6.456897,0.19770393,6.7482424,0.41644782,0.27985644,21.212256230721017,0.16987803550696595,0.051592650994243386,0.12529388,0.044816535,2591.5017766838123,2163.1024960936247,5062.136056622485,123.046875,disco,disco.00052.wav,clean
-108.510765,106.6417,69.93312,41.68592,14.870285,37.918316,45.539623,16.871634,-5.3849373,15.348489,41.803658,11.707654,-13.518741,9.442378,32.559277,9.156442,-20.397465,9.05489,23.435904,8.26049,-12.123883,7.2540193,17.999405,6.7317414,-9.038808,7.21339,6.992762,6.344229,-4.731377,7.594632,2.3560433,7.120033,0.19970375,6.9414515,2.3458986,7.0183,-0.7866604,6.864924,-0.5949066,6.2616434,0.4676926,0.2839063,20.93437994967361,0.15430745694659442,0.09950169977062846,0.1725675,0.073028,3079.468912826982,2709.9666043643942,6405.727932106231,135.99917763157896,disco,disco.00053.wav,clean
-226.35432,62.069477,78.271614,27.003489,7.8452187,25.25116,53.856804,15.757668,-1.1519349,13.821889,11.3028345,13.491814,-7.8484793,13.363629,24.36511,10.481309,-14.952828,10.807155,18.494564,9.974674,-19.137503,9.659464,6.1562767,8.205422,-10.068168,8.32496,5.2878304,8.636078,-11.683896,7.979492,3.338004,8.095416,-11.275221,8.425969,1.386834,9.380399,-10.699085,8.780176,-4.3292,7.963013,0.40136927,0.30778074,21.53206205913343,0.11465010037732198,0.07463031234675307,0.052156653,0.025798459,2566.1260441601803,2533.6870788134956,5521.508278861504,112.34714673913044,disco,disco.00054.wav,clean
-103.09195,52.63697,107.497505,21.100863,-33.526493,21.174908,52.796356,11.7378435,-9.143341,9.914521,30.365688,9.280666,-9.337431,9.518198,23.046274,8.086973,-11.900223,9.272591,18.170902,7.122214,-7.554083,8.484178,9.401475,6.375433,-5.444428,7.03639,6.6532264,7.0209684,-5.613328,6.5306683,4.149191,6.224914,-5.471509,6.0772686,0.8388854,6.3624988,-0.054206304,7.7089324,3.7572117,7.5953517,0.4630337,0.27959815,20.789027287117154,0.11041618795955882,0.041766071561369925,0.121490456,0.04312023,2108.1997863703073,2072.634967120442,4398.706734955495,129.19921875,disco,disco.00055.wav,clean
-182.7882,55.909466,124.185104,23.999317,-10.062487,17.332582,41.59245,12.423271,-7.3899937,10.7652445,26.952116,10.740627,-12.362844,9.777902,19.820305,9.24453,-16.069172,8.636998,16.20639,8.385297,-10.253924,7.3763514,3.123712,9.018263,-8.989257,6.859817,2.1562555,8.174518,-6.1063056,8.810542,3.9118853,7.383658,-3.7005365,8.224407,4.9401956,9.344505,-1.2491524,10.079141,2.5313785,8.764193,0.35825196,0.3015171,20.713819608209263,0.07696816648123066,0.03752317729484583,0.0762048,0.029741868,1755.29035825451,2043.0111365643324,3816.2602569296632,89.10290948275862,disco,disco.00056.wav,clean
-143.20898,45.257797,122.59269,15.248004,-23.92042,17.461452,28.14886,13.575071,-23.689157,12.248426,23.08134,9.691816,-17.911198,10.245454,18.753313,7.7888336,-18.636002,8.715149,18.356426,8.126938,-13.91446,6.717009,9.730259,7.021717,-12.243755,6.306014,4.9380503,6.982207,-8.39243,6.0155725,5.480608,6.0369277,-7.8706884,6.1274624,3.937847,5.8655205,-5.71553,5.874071,-0.6342342,7.084754,0.37015924,0.28821614,20.637132132613214,0.09247298580205109,0.023773244375785093,0.07617443,0.023165235,1937.935756160484,2099.948883012934,4164.391485161087,117.45383522727273,disco,disco.00057.wav,clean
-109.5915,55.38247,104.1451,23.455187,-16.217413,21.138554,45.376465,12.816699,-10.195766,11.516266,25.558594,12.690439,-17.158018,9.673153,22.278688,8.554227,-16.850662,8.2641735,16.535793,10.513318,-12.096706,9.029205,8.670637,9.065662,-8.84719,8.102907,5.2464542,8.260761,-9.296139,7.2527,3.4515903,7.589398,-7.895842,6.552744,1.5266706,6.9598775,-4.04567,6.6462216,-0.10831425,8.090563,0.4172434,0.2981064,21.339054684367394,0.1109932819756192,0.06026967802700165,0.12223055,0.04814953,2217.968214173905,2245.2102774128343,4743.712982083252,129.19921875,disco,disco.00058.wav,clean
-109.0528,64.224266,106.848564,31.997845,-18.27907,20.815508,23.423592,13.137333,-17.764582,11.344652,19.019663,12.909894,-13.615213,11.767044,18.686106,9.416892,-18.371767,9.728766,18.402843,8.744378,-9.714787,8.134567,11.857384,8.914178,-5.5605235,8.572948,12.884756,8.504342,-3.8281438,9.5889,8.68438,9.009674,-7.081267,7.860564,5.4192944,7.6854906,-6.198667,9.146559,2.327917,7.2791853,0.40335345,0.3009989,20.822296484915633,0.1102181543875774,0.06897556685864786,0.1169598,0.053529397,2279.818496274841,2269.7688540934105,4828.345803653493,123.046875,disco,disco.00059.wav,clean
-121.09522,59.291477,116.9425,26.057152,-22.78697,21.418146,45.148933,11.900148,-4.2390513,10.957362,30.256325,9.731945,-12.245274,9.216739,21.729876,7.9446926,-16.540764,8.859446,16.23328,6.995612,-10.6551695,8.264937,7.3304195,6.6176586,-9.353951,6.9881124,5.783407,7.319436,-8.41908,6.61794,2.7517533,6.415213,-8.0942545,6.062694,0.36947283,6.5888157,-3.2401588,7.509901,3.5852838,7.836352,0.43484274,0.28175238,21.353451757097677,0.09303307311822756,0.04116394431581023,0.11449887,0.040757403,1975.22745809999,2090.041185049887,4251.4826251995455,129.19921875,disco,disco.00060.wav,clean
-91.88631,73.479744,87.60406,22.83403,-2.0581753,24.73692,34.285538,15.7306795,-18.153368,15.105977,19.344702,15.805408,-14.697328,11.894417,17.116173,12.137595,-15.334747,9.225779,17.040913,11.033554,-13.55869,12.179235,11.848034,11.011008,-9.81162,11.808476,9.113958,10.471748,-11.469915,10.597057,-1.0519092,8.562872,-11.64962,9.1646385,0.2934407,10.211018,-1.2797366,10.771804,0.09898164,9.367442,0.3233638,0.32253563,21.882916580989107,0.11589045568885449,0.0504051418442315,0.18443452,0.09845568,2550.135383866737,2486.0206503089084,5585.291226508079,123.046875,disco,disco.00061.wav,clean
-107.8676,71.58432,81.936584,25.965303,-30.63407,26.199968,41.331936,17.750034,-8.509502,14.269418,31.333733,13.158027,-8.869069,13.474126,26.030903,10.017233,-8.280142,10.684312,17.894875,9.435733,-4.652872,8.893228,7.4255123,6.756163,-4.352716,7.7053404,4.491106,7.070826,-4.0987024,7.514971,3.0722196,6.9503508,-0.28642276,7.7059584,4.993085,8.117201,0.406348,8.72428,3.8392715,9.361181,0.4268951,0.29663518,21.00194139538566,0.12770671076818885,0.06207232489706786,0.15116338,0.09200442,2387.922380957908,2191.0049201766196,4919.661918144108,107.666015625,disco,disco.00062.wav,clean
-51.776085,53.388912,70.33135,18.892529,-3.9117005,20.401636,49.742283,13.62299,1.587971,10.960738,35.703487,9.317257,-4.088695,10.846605,24.787909,8.338264,-9.707024,9.600272,22.039284,7.96853,-6.114996,8.234327,17.18126,6.77239,-2.766424,8.629198,11.962386,7.035387,-1.6310154,7.1789603,6.924509,6.1791725,-2.909797,7.513552,4.9149704,6.8772516,-0.48781282,7.0156064,6.7344446,7.3439503,0.5478755,0.2705626,19.9641151148922,0.09977263931888544,0.05808054176643849,0.29373863,0.11063007,2583.326723139977,2626.356286005615,5855.539592353183,129.19921875,disco,disco.00063.wav,clean
-189.21512,86.290054,93.95932,22.833685,7.905782,29.23643,41.8906,17.240297,-7.0920463,13.590379,31.882492,10.554465,-12.586036,11.0193205,24.2205,8.473299,-6.057699,10.470852,24.537947,9.68403,-6.0252366,12.194706,16.76309,11.470731,-2.0117977,9.859118,6.338117,10.30916,-8.548105,8.967548,3.8101704,6.78718,-2.5845132,7.391257,-0.8613339,8.287658,-3.1122644,9.844641,10.213786,9.119125,0.3882117,0.31760943,21.699488853354065,0.06485183763061146,0.036618643507843676,0.09222451,0.031128166,2144.2930792368275,2404.1594471279436,4947.728415096507,123.046875,disco,disco.00064.wav,clean
-106.243805,71.5849,105.575874,21.953146,-5.5135617,29.373386,50.055813,15.018924,1.2439842,11.435842,37.0026,11.018219,-9.622076,9.352553,24.011703,9.871379,-8.668455,8.016092,14.975656,8.114822,-2.526041,8.362503,9.765439,10.033349,-0.9115711,8.0458355,3.856074,8.500915,-1.5508848,7.6542654,3.5663254,6.252526,1.5332674,6.6825376,2.0969243,6.106593,-4.0135326,6.930956,-2.6234522,6.787542,0.47108963,0.2926183,20.532280605461033,0.07365715097716719,0.044903810725006474,0.18535407,0.07458196,1887.648892045496,2191.1875941182675,4364.948605752951,129.19921875,disco,disco.00065.wav,clean
-57.606716,61.301605,96.69189,25.428144,-24.422018,22.275993,40.01419,14.545785,-17.260252,12.697896,27.834213,9.82266,-13.297422,11.789301,23.196402,9.044506,-16.528564,8.105538,19.427147,8.473105,-15.485601,8.485389,11.82569,8.497415,-10.574847,8.729912,8.359429,8.087689,-9.370791,8.943697,6.5462084,7.6981287,-3.695063,7.760329,0.34709242,8.145489,-4.4089584,7.881217,1.5547028,8.802751,0.45084128,0.28408447,21.44939948069411,0.13862576794698142,0.06312919059501766,0.16957618,0.06250937,2492.85210583472,2277.9018385516206,5114.627405881143,135.99917763157896,disco,disco.00066.wav,clean
-103.76036,43.082424,92.46227,19.963627,-27.230408,16.887331,39.22129,13.710556,-23.052734,9.320565,20.634798,9.309665,-17.766901,7.8644576,18.950552,6.571954,-15.204782,7.5993347,16.394331,6.8487206,-14.662064,6.6603546,12.249461,7.078824,-14.973013,7.235383,8.244381,7.027156,-11.897316,6.3126063,1.0192477,6.4377737,-8.905782,6.98016,5.179015,7.782054,-6.445104,7.52694,1.7000207,8.125496,0.3650036,0.28525645,21.24486229280612,0.14330827931501547,0.052966584289856684,0.09135411,0.030665537,2541.995563795192,2289.3365138825743,5183.035325561145,99.38401442307692,disco,disco.00067.wav,clean
-93.31913,43.865646,77.83445,21.242928,-8.7843275,19.621479,42.071243,12.94469,-11.249412,8.71536,24.245377,10.821547,-17.912214,8.247718,22.240355,7.48315,-16.039137,7.352543,16.687471,7.095042,-15.665248,6.4816313,15.410947,6.892882,-18.128246,6.585519,10.212018,6.138573,-14.608057,6.1500783,1.8476799,6.9460974,-11.091009,6.2964597,1.1463727,6.494959,-10.552759,7.18689,5.189855,6.86861,0.4161969,0.28394172,21.92378354020514,0.16269251584268576,0.07437022387883789,0.106793314,0.04098909,2956.600201774485,2599.740187278478,6132.0212538397345,107.666015625,disco,disco.00068.wav,clean
-118.3657,38.642963,114.23729,17.579565,-6.782299,16.421946,37.40087,11.411824,-17.431938,9.515599,28.36287,9.875736,-23.726538,8.53523,9.28381,7.5281205,-10.439461,7.1444297,12.624765,6.6582313,-5.148676,6.3234043,12.253149,5.682183,-3.8705227,5.1878753,4.3780017,5.747683,-9.250749,5.754828,3.4737234,5.435358,-7.952151,5.313545,3.6644185,5.836803,-6.1568813,5.95315,2.7070289,5.7744613,0.38921893,0.28756362,20.322945114197488,0.08364121758900929,0.035755040348975434,0.11158227,0.041622937,1931.1496588575935,2208.9637535058278,4515.622694647349,107.666015625,disco,disco.00069.wav,clean
-81.727165,40.596905,97.61068,17.994453,-27.583755,17.097614,36.644188,12.305833,-17.252998,10.742681,30.76932,8.672227,-15.948635,9.925036,20.968245,6.8622313,-16.22693,7.317312,17.418455,8.174546,-13.363811,6.804758,15.080846,6.0911584,-10.38692,5.6200566,10.253875,5.625037,-8.392583,5.6083527,4.7922664,5.8590403,-7.943187,5.4116883,2.3002288,5.545067,-7.105159,5.2518997,1.768119,5.3177767,0.45550197,0.26642403,20.295271174362508,0.1346148322610294,0.03890137354544263,0.11101833,0.03728014,2449.296921443876,2311.913698234346,5185.360311502273,107.666015625,disco,disco.00070.wav,clean
-105.51604,39.87792,79.25659,17.793875,-15.207652,19.106276,40.825546,11.662503,-12.267791,11.421579,23.559671,10.915882,-19.938488,9.220695,27.319258,8.822649,-16.512426,9.637373,21.538397,8.53691,-11.68012,6.679866,13.991893,6.697101,-10.775013,6.5202565,9.377955,6.066041,-12.224892,6.373312,2.0753548,6.195479,-12.2306795,5.6349964,2.8724236,6.8050966,-4.684766,6.6315303,8.17402,7.773019,0.43550667,0.2867083,21.176478399007213,0.15595068208204335,0.06834677606064296,0.09814837,0.039542776,2809.021561476355,2530.893093437794,6001.3803771405765,112.34714673913044,disco,disco.00071.wav,clean
-128.46767,64.684616,67.26374,24.414263,-36.918983,23.281693,40.90837,21.002876,-21.745594,16.791037,23.162697,14.972407,-13.252984,12.120764,13.093862,14.225571,-14.004484,10.70289,17.799566,9.627081,-15.179246,9.026267,16.37246,9.697073,-10.465581,8.212164,12.8358555,8.063183,-9.216798,7.464163,4.3896093,7.1326785,-5.4432764,6.423063,7.246392,7.083638,-2.667623,8.800667,6.573777,9.815337,0.43430063,0.2872647,21.467375327498914,0.184138720249613,0.07711310353300642,0.08449773,0.039807845,2902.9834800553963,2302.247545056725,5470.541920381434,135.99917763157896,disco,disco.00072.wav,clean
-95.25163,55.23062,82.25366,20.986227,-26.221525,15.36847,37.522614,13.482392,-16.3551,11.496404,25.29429,8.239942,-21.796482,8.911953,21.811947,7.76115,-20.064442,6.7034163,16.297644,7.087294,-16.119652,6.506819,14.439221,5.840104,-11.907043,5.828201,7.1689878,5.0454354,-11.668229,5.418292,5.0781107,4.813911,-10.222131,5.352949,4.7934794,5.1258526,-6.018383,5.643778,-0.2414337,5.501645,0.44640386,0.27585423,20.818953969182004,0.17636703632933437,0.06721990785472465,0.09553592,0.041574873,2846.8226092079603,2460.2125329956,5925.3808366994,112.34714673913044,disco,disco.00073.wav,clean
-40.762928,42.28572,86.78239,17.9417,-26.962378,19.17065,34.941532,11.575478,-20.04815,11.508303,21.65764,10.852922,-23.95371,9.267886,19.265038,8.705307,-17.531559,9.616895,18.037153,8.691255,-16.020786,6.7579136,12.446079,6.82905,-13.877287,6.4011936,6.013273,5.9993963,-14.214262,5.939274,-0.81543213,6.086491,-14.490395,5.6119237,-1.229841,6.719644,-7.699562,6.2617736,4.327605,7.099614,0.4028028,0.28383565,21.280890421995558,0.15116461880804954,0.05429887531450014,0.17761214,0.069489755,2649.2178590263243,2383.9281662533035,5545.783132074787,112.34714673913044,disco,disco.00074.wav,clean
-91.75992,38.42159,86.314995,16.242098,-17.351944,16.238316,43.106068,10.682995,-18.40748,10.3639,34.058987,7.976445,-18.420603,9.018863,26.836887,7.5575433,-13.565129,8.169198,20.214409,8.247236,-14.637163,7.6549664,12.668141,7.289706,-12.608889,7.1909575,6.200999,6.559676,-10.449866,6.2524796,7.365131,6.076483,-8.05786,6.684419,7.1151733,7.2639203,-2.459065,7.2197795,-0.11617037,6.845583,0.4290362,0.28822136,21.18439559723347,0.12995726405282507,0.04323529130529884,0.110856615,0.035716746,2690.9327592788445,2480.506001082096,5776.39007095951,135.99917763157896,disco,disco.00075.wav,clean
-95.872894,54.790276,103.33598,19.268589,-36.4608,20.713387,27.1251,15.45095,-22.873163,14.015823,9.985935,14.7541275,-24.656694,10.762058,15.670155,9.467271,-20.151213,8.586263,18.746262,8.299608,-18.563173,7.678459,9.864557,8.469877,-15.108639,8.670722,3.8944132,7.523736,-11.188668,6.9371166,0.5124213,7.155138,-5.470925,6.6622286,3.1176534,7.587778,-7.906384,7.7544303,2.972252,9.3105135,0.3531612,0.29545605,21.943258513571376,0.12191385086106811,0.040071683042191907,0.12425735,0.0513244,2252.1224779780023,2165.40985838101,4558.63910119969,129.19921875,disco,disco.00076.wav,clean
-56.901474,52.589924,97.02408,23.375597,-17.874454,18.835178,44.933502,12.369006,-6.9323897,9.637383,23.81333,10.675713,-23.314041,9.05468,25.996197,6.8378263,-10.480186,9.778341,10.453681,8.047997,-15.226058,8.214262,10.030943,7.8266945,-9.161243,8.530446,3.7398655,7.5546174,-9.396589,7.32693,3.483016,6.703576,-8.049632,6.761341,1.657038,6.9387565,-6.0185494,7.239034,4.4114547,7.7231083,0.41569668,0.28992,22.125357485472303,0.11760246347716719,0.053534911215442064,0.20663263,0.07055028,2308.7942063741325,2277.8689541923422,4944.128436865083,117.45383522727273,disco,disco.00077.wav,clean
-182.05023,67.73014,103.41656,20.108793,-18.22728,19.00996,31.200912,18.902756,-12.540437,11.8283615,18.842093,13.747531,-12.869497,10.939939,19.378906,10.227242,-17.704334,8.341365,18.50028,9.737759,-14.324433,7.992472,11.545081,8.506554,-11.634119,7.709097,5.5954614,7.4353356,-8.039428,7.5703697,0.2704892,8.485949,-8.0900135,6.9789157,2.727342,7.686672,-3.2884352,8.124239,3.507127,7.569792,0.3319702,0.30344418,21.310568631775222,0.09617402162345201,0.046439038774616,0.068242274,0.037738483,2219.3232376250994,2306.993918968888,4882.52047606666,129.19921875,disco,disco.00078.wav,clean
-154.6233,64.6612,97.9326,23.950628,-10.35732,16.678543,39.12367,11.402753,-11.213964,10.783191,24.11131,11.315436,-11.846502,8.612497,24.19123,9.199992,-13.460304,8.217457,20.553188,8.296798,-8.327632,7.870152,5.867451,7.971082,-9.686904,8.412937,3.944323,6.6665874,-8.819821,6.795496,3.312212,6.568851,-0.299343,7.928495,7.594323,8.097561,0.6562108,8.038605,0.8080189,8.390778,0.45301628,0.29459018,21.000848504021118,0.09981534503192724,0.0538490863271812,0.084769994,0.04214742,2292.577700466476,2348.189624461127,5038.611198874081,123.046875,disco,disco.00079.wav,clean
-219.45566,57.613033,94.70133,24.533634,12.129364,21.661867,48.870068,16.422907,-7.2120833,11.801904,16.628513,17.302036,-15.087896,10.998444,21.71444,8.27242,-20.00235,10.312285,13.238806,9.849202,-15.698357,8.914496,5.0570116,8.494017,-15.283744,8.5628195,0.07390084,7.898872,-9.203971,7.8850284,0.23449889,7.1524124,-9.558946,8.500452,-0.7515614,7.5853252,-4.5294027,7.8478575,-3.6864765,6.835228,0.38869795,0.30327556,21.814619224366574,0.08475043234810371,0.04932205774309747,0.059198096,0.032279827,2143.645601948083,2414.24151082027,4956.820026787442,99.38401442307692,disco,disco.00080.wav,clean
-193.22008,113.88024,89.19422,35.43796,-20.013872,20.636734,38.74353,16.545868,-2.7159598,13.630224,17.057264,15.452224,-7.9501605,13.338812,16.08651,10.441799,-16.764881,11.973788,7.716307,10.118974,-15.71264,10.913304,9.034708,11.281745,-11.31675,9.881114,3.8953853,11.188242,-8.224794,10.95954,3.0170588,10.026344,-6.879084,10.190722,-0.70772284,10.551892,-6.407636,9.08368,-0.54687506,9.33105,0.35838354,0.30740917,22.33347718262296,0.11643089081849846,0.06784558275257073,0.07870453,0.048032887,2292.41885340361,2208.3410022972375,4740.313002642463,86.1328125,disco,disco.00081.wav,clean
-63.650337,65.72754,94.46596,33.392227,-13.425887,19.394749,32.77123,14.438787,-13.71462,18.473139,26.78027,13.067032,-19.395613,14.919654,24.65254,10.08553,-11.667618,11.151327,13.727572,10.355035,-9.442895,9.3111925,8.833796,8.261517,-4.980146,8.37763,9.2148905,7.8658066,-3.470476,6.911931,1.4862689,7.1194253,-8.885652,7.1769986,0.25321525,6.1611295,-5.4527493,6.7590423,-1.1330739,7.3932633,0.42267156,0.29346332,20.894267400635602,0.13824595164957432,0.07751722803035366,0.1809062,0.08565347,2577.013955506876,2387.3710450599965,5419.383896393672,123.046875,disco,disco.00082.wav,clean
-167.37817,58.44984,112.48347,27.633137,-4.5824194,26.353039,37.09087,23.013655,-8.613287,15.575342,27.826746,13.798317,-14.716945,10.762979,18.52263,10.251909,-16.490128,10.3274975,13.760587,9.328761,-13.3312845,8.520008,10.215414,7.7576847,-11.575291,8.815581,6.7448573,7.893215,-9.2008505,7.8618317,4.9011545,8.210692,-9.726243,8.522803,1.520227,8.104178,-5.5773807,8.057555,-2.0606303,7.771852,0.4141328,0.3001226,20.3386680613278,0.09003346918537151,0.05412156038592039,0.087620184,0.032949243,1959.5165152861578,2210.9024031622457,4352.990344729586,117.45383522727273,disco,disco.00083.wav,clean
-197.17924,95.07004,83.36067,33.072506,-38.55783,27.624184,43.7167,17.957018,-7.2955384,12.736225,25.659225,10.766926,-8.642003,9.155557,13.397131,10.784185,-12.153697,8.668726,12.154943,8.748846,-12.050202,8.357218,10.627793,6.9252315,-2.4053423,9.301925,12.013289,9.200211,1.374827,12.281172,6.7643423,8.465106,-3.376777,7.6676006,-1.6519369,6.3998585,0.06695285,6.8308854,1.4112642,6.040615,0.5035033,0.29722005,19.480418153376178,0.1514639367260062,0.08198918731095182,0.06203172,0.048151568,2455.1239938572585,2100.1276135309945,4726.279754166264,112.34714673913044,disco,disco.00084.wav,clean
-166.76927,73.49578,67.73106,31.746347,11.18009,25.947447,37.429222,20.447933,-10.94142,14.805624,27.39617,13.588633,-18.94085,12.149266,27.29737,8.618331,-15.843282,10.156945,20.550398,8.911378,-8.622006,9.9488,14.187619,9.115403,-6.048987,8.4485235,12.008676,8.824745,-6.0718484,9.729511,7.280311,7.825419,-4.2334733,8.249381,5.1343756,7.8327675,-4.5242863,7.509869,3.4615293,6.669933,0.5680808,0.27990517,19.393642240667205,0.15866457345684984,0.09798764252916045,0.08925272,0.055083197,3002.526732630542,2745.823560012702,6575.051908227312,123.046875,disco,disco.00085.wav,clean
-95.80325,59.687973,122.056595,29.159616,-29.31912,28.571102,50.3165,14.444301,-11.940644,14.532162,28.410152,12.968089,-7.0477815,11.344628,11.851946,10.687645,-8.612015,9.417223,11.568435,8.123917,-18.395964,7.7079062,6.8620915,9.7363825,-11.662833,7.396172,2.6845434,8.969832,-5.792651,8.751244,0.6457214,7.255591,-7.2554846,9.147409,1.7374233,8.286097,-6.154603,7.999392,-3.7481863,9.182204,0.3950361,0.28886035,22.354179502741196,0.09448204394833591,0.04594367995953293,0.16525841,0.053891078,1867.9206448682264,1875.2458291916632,3804.7769930340555,123.046875,disco,disco.00086.wav,clean
-100.293015,38.49396,110.01217,22.846565,-26.644552,15.785412,36.82376,13.414932,-10.413422,10.57708,28.777048,11.964576,-14.843354,9.930246,21.28987,7.869549,-19.675669,7.5681796,18.522434,7.6527553,-16.387474,7.487041,9.157716,7.657772,-13.791584,6.2746816,3.9903715,6.7375546,-10.459232,7.5104327,2.8376312,7.909515,-4.316738,7.4694085,3.1700075,8.13691,-3.746579,8.556738,3.5572653,8.33355,0.38454,0.2991919,21.99966280904985,0.10026696739551083,0.049968834840495475,0.119228035,0.02925557,2139.4226685316103,2190.2745079974266,4526.789293791118,107.666015625,disco,disco.00087.wav,clean
-97.88562,37.7908,101.0036,19.497759,-40.54761,12.000167,51.050194,11.151251,-11.70962,8.126047,25.064745,9.402412,-14.048207,6.9073033,17.197395,7.3253984,-9.623668,6.5890794,16.97353,7.0421157,-7.173523,7.178485,11.723432,6.4498997,-5.7162294,7.142876,6.2494135,5.9091516,-6.060791,6.449165,4.6876745,6.0511813,-6.252405,5.998661,-0.98431545,5.4509683,-2.744111,7.4425416,0.6273676,7.2998695,0.39795372,0.2855731,22.05175055101627,0.13146859278250775,0.037883359985738115,0.1190426,0.054267414,2238.799259178444,2023.5212361031788,4384.973484665247,123.046875,disco,disco.00088.wav,clean
-114.932045,54.55774,113.46387,24.862429,-29.80431,21.096144,42.612103,11.579897,-10.32601,10.517977,26.973412,9.164789,-14.493735,8.87751,21.240532,7.7455482,-17.650537,8.565388,17.097872,6.829606,-13.478901,8.098745,8.591484,6.2907352,-11.4274235,6.8479013,6.205875,6.860251,-10.899924,6.577151,3.6583583,6.0900483,-10.31746,6.2039237,0.56217355,6.491904,-4.165685,7.916511,3.4745607,7.8332486,0.42988375,0.27935767,21.366605505614746,0.1118704497629644,0.04070195939827017,0.10027614,0.03169638,2129.345891710664,2109.2513464164163,4424.306580156734,129.19921875,disco,disco.00089.wav,clean
-125.715775,43.148228,88.52809,24.155563,-16.738844,18.7881,42.798134,14.374674,-9.901168,10.969776,29.185856,10.093543,-19.342821,9.6176815,20.458702,8.298104,-16.50553,8.055086,15.012511,7.473812,-8.765586,7.3230696,12.78412,6.7360506,-7.7588887,6.4105206,7.052417,6.544304,-8.516408,5.750736,3.2717617,5.7101307,-6.498946,6.539882,5.7955213,5.658152,-3.5007174,5.9384475,-0.049129143,5.934452,0.48551396,0.27689317,20.415353054597198,0.14616918416215172,0.06482923514345923,0.09060021,0.05367054,2574.745841043983,2396.7692949678685,5459.508653764754,129.19921875,disco,disco.00090.wav,clean
-116.98034,91.93653,98.51445,30.719925,-19.014011,28.67583,44.84704,13.5194845,3.8032014,12.899583,28.483183,11.46039,-1.1026872,11.41515,14.693483,10.79174,-7.7538214,10.155201,9.756313,11.045193,-10.111344,9.8856125,6.3672557,9.60896,-3.9202325,8.708837,7.902921,9.756463,-3.2126446,9.484837,0.13058013,8.424802,-7.841634,8.927873,-1.7346324,9.312389,-2.4309785,9.14377,-0.72165364,10.887686,0.41647136,0.30881616,21.781286689429745,0.09159921935468267,0.05523465504563372,0.17351265,0.101285264,2036.7728048043857,2079.237240380343,4203.124584280669,99.38401442307692,disco,disco.00091.wav,clean
-123.78829,51.453743,89.824844,25.245052,-1.8406463,24.407476,51.169796,14.302288,-16.261305,11.357687,28.283545,11.06776,-12.495138,9.08723,19.032148,8.526096,-13.280038,8.25234,18.50002,8.285219,-13.776396,7.453209,12.866395,6.6446815,-8.7555,8.347937,8.260726,8.142345,-8.236545,8.136553,5.5192523,6.420631,-8.406669,7.586848,4.479527,8.35453,0.30875924,9.033332,1.8299166,8.348252,0.3707291,0.2916933,21.319086478782907,0.11753292497097523,0.04933509961605914,0.1067002,0.037122898,2457.998545443571,2400.7893666639106,5268.943139421682,117.45383522727273,disco,disco.00092.wav,clean
-86.0438,58.69719,87.53873,26.847004,-20.172316,17.168337,54.019077,13.825421,-1.0642165,13.7445,19.562546,10.334858,-4.0897794,12.584568,21.03777,8.497527,-19.567509,11.213659,12.389661,11.338726,-22.010809,9.717785,9.599067,10.274913,-15.931526,11.463783,3.9723325,9.207187,-13.932702,7.48718,2.3837173,8.701084,-7.737426,7.708899,3.4512784,6.985226,-4.1580405,9.334471,5.9184194,8.049137,0.4083024,0.28685927,21.46176728216149,0.13708722849748453,0.06135603302080036,0.15334107,0.060240146,2461.186456192989,2302.6189119910505,5019.294649011948,107.666015625,disco,disco.00093.wav,clean
-130.00577,45.206974,102.49775,23.612421,-4.4431324,11.0480995,50.061092,10.685483,-15.532888,7.3932953,32.128155,7.978372,-18.18232,8.362416,24.28785,7.0603065,-11.902589,6.8135843,13.763349,7.17811,-12.898068,5.965174,7.2710958,6.1891704,-9.37947,9.149973,4.6041646,6.496729,-9.579843,5.67146,4.24868,6.3746653,-4.6832943,5.29229,-0.4549015,6.5220838,-6.882829,5.3233542,4.7626505,6.744311,0.41693324,0.28005877,21.302330330560626,0.09361054506095201,0.03475261045401621,0.099305406,0.030424766,2208.1328125649534,2353.792380762621,5075.635974990325,135.99917763157896,disco,disco.00094.wav,clean
-159.86688,72.54375,81.975266,28.84482,-16.765373,25.685368,52.506096,16.041506,-4.448031,15.5785265,22.865053,15.589585,-8.22628,11.378652,23.367426,10.719978,-5.528469,10.248681,17.693354,10.978151,-15.369107,10.342544,10.806196,7.99941,-13.526739,8.372498,1.7440386,9.281892,-6.560189,9.391613,5.105752,8.794693,0.3296955,10.740194,6.998458,10.9133,-5.4562087,9.838862,0.80631334,8.96677,0.46825805,0.2968708,22.063299291225675,0.11808431997387771,0.06673320000596478,0.09841011,0.05286628,2487.5432668509993,2277.16219463796,5009.186376801954,123.046875,disco,disco.00095.wav,clean
-133.8668,52.799984,93.47174,24.313116,-24.215984,19.780514,61.442543,12.839126,-22.856274,11.106016,30.976551,12.854606,-14.959397,8.723946,20.244457,8.982103,-9.292844,8.9862795,15.786768,7.913145,-8.740783,9.851107,11.96879,7.7248983,-5.3208146,8.464198,4.992871,8.519556,-0.6728598,8.2176485,3.7227201,8.086324,2.09798,7.7180743,5.4435363,7.136907,3.0959997,8.267683,2.4591088,7.564472,0.41654113,0.28645173,21.987404917387895,0.13440697259578174,0.05812151085688778,0.09199635,0.040929575,2481.8873524061787,2178.616422901751,4956.828360070385,103.359375,disco,disco.00096.wav,clean
-116.92593,52.756435,75.75966,17.1763,-4.20548,11.792342,37.28704,12.21818,-5.3384075,9.402749,31.376095,8.799665,-12.168359,7.8113174,22.909481,8.81369,-11.43796,7.1184583,14.624772,7.5021615,-13.049892,7.4263234,13.411264,7.954533,-13.22882,8.034678,8.251243,7.905858,-15.236953,8.686663,9.83192,6.024437,-6.212928,6.4459877,8.001915,7.921603,-8.030049,6.2998796,4.399166,6.5989327,0.41508642,0.28991148,22.18792537837405,0.12049624794407894,0.04778232938281726,0.10807372,0.047261983,2826.063206316061,2680.6698684184457,6233.628972765093,129.19921875,disco,disco.00097.wav,clean
-91.597725,42.9471,99.463974,20.604172,-8.991621,16.365696,40.185043,14.315862,-18.037636,12.018471,22.567217,11.04553,-21.956272,10.807798,15.782541,9.714177,-25.66539,7.9792285,17.664223,7.6128635,-13.675539,7.3042703,15.635084,8.488796,-15.469164,6.999931,4.5212984,6.651848,-10.157356,7.460143,0.4606566,7.007879,-10.151421,6.330005,4.796902,6.7156887,-6.8835435,6.883838,-0.9924836,6.4136324,0.44086856,0.28723466,21.16521684877316,0.11262743687113003,0.05184927464232827,0.12268789,0.03947119,2417.4575778644535,2431.704296381701,5384.717439350329,123.046875,disco,disco.00098.wav,clean
-91.597725,42.9471,99.463974,20.604172,-8.991621,16.365696,40.185043,14.315862,-18.037636,12.018471,22.567217,11.04553,-21.956272,10.807798,15.782541,9.714177,-25.66539,7.9792285,17.664223,7.6128635,-13.675539,7.3042703,15.635084,8.488796,-15.469164,6.999931,4.5212984,6.651848,-10.157356,7.460143,0.4606566,7.007879,-10.151421,6.330005,4.796902,6.7156887,-6.8835435,6.883838,-0.9924836,6.4136324,0.44086856,0.28723466,21.16521684877316,0.11262743687113003,0.05184927464232827,0.12268789,0.03947119,2417.4575778644535,2431.704296381701,5384.717439350329,123.046875,disco,disco.00099.wav,clean
-80.92658,69.87044,84.79292,27.40454,-31.540653,23.43516,33.89926,20.188267,-19.848768,12.597745,23.558195,11.651625,-22.125015,9.669612,20.021149,9.840577,-16.759602,9.671109,19.211897,7.4700904,-13.106137,8.664602,11.505603,7.2447286,-10.7269,8.610028,10.569202,8.485186,-8.427004,8.056442,7.3234506,7.445439,-5.3749456,8.336992,7.6905966,7.8904366,-5.544044,7.962143,1.5257049,6.3981285,0.46066427,0.29187152,19.516265522007565,0.14734075682082043,0.053777235991616865,0.12524042,0.049682405,2667.664494927173,2351.0688564768757,5474.700228570046,117.45383522727273,hiphop,hiphop.00000.wav,clean
-81.1395,60.409782,49.60653,30.257692,-14.548335,31.478527,57.986927,17.993225,6.8434687,19.665901,27.148214,15.959652,-6.8552327,13.558889,31.304077,12.133425,-10.086364,11.789598,20.312963,9.429633,-2.5413642,10.625315,12.746546,8.855798,3.9735262,10.158536,13.23515,8.649917,-2.3756185,8.685689,12.26852,8.1595125,-7.035885,8.226051,4.7562723,7.631836,1.8735869,7.561015,0.022320112,8.221502,0.45726284,0.3001363,22.363102341238882,0.09764869146671827,0.07165696918197695,0.28558367,0.08268809,2808.1424053109176,2441.3214420972495,5527.508242580544,92.28515625,hiphop,hiphop.00001.wav,clean
-202.88756,68.273636,132.38377,32.20268,12.001245,28.38403,43.77104,17.799833,-10.231296,18.553879,17.12234,14.453913,-13.5626,13.36869,15.044013,11.314262,-16.261728,11.705184,9.421976,10.631558,-11.64568,11.492225,7.0476594,8.885139,-4.317207,9.965971,0.83221453,9.542077,-5.6038814,8.341424,1.2634315,7.4136,-6.975631,7.852958,0.39049453,6.41959,-2.4323802,6.4529305,-2.9321568,6.231378,0.40406597,0.30364698,20.501384628172758,0.05873774005901703,0.04982144062839028,0.09350616,0.03353568,1490.5209977308089,1909.9326034575945,3094.047957381966,99.38401442307692,hiphop,hiphop.00002.wav,clean
-40.255154,70.38472,80.830086,27.393543,-25.643091,35.477737,38.42609,17.080359,-11.072867,16.699411,24.912197,17.6088,-7.3689013,16.45565,26.772398,13.695964,-5.286711,13.183721,16.798525,10.383576,-3.4986296,9.460616,8.451586,8.673192,-5.5967097,8.475031,12.057394,8.258793,-1.8924502,8.577398,10.485354,10.091599,0.65101427,7.7856045,0.2716337,7.8711286,-5.0933547,7.5687675,-4.0094256,7.55466,0.46726292,0.30306822,19.66836292208539,0.10351449122000773,0.04780037424971358,0.26646084,0.11605782,2493.1638737463427,2330.67697810765,5126.677333016883,92.28515625,hiphop,hiphop.00003.wav,clean
-140.2109,111.383865,71.62181,32.670013,-3.77539,38.822727,39.005466,21.417372,4.194394,20.418415,31.507359,17.501375,-3.9653087,16.679836,19.763544,12.455267,-3.7660913,13.652693,16.000135,13.7866955,-3.1709101,10.587955,11.85097,9.479748,-1.2552047,10.50745,5.775349,10.587415,1.2760401,8.916118,1.659386,8.472157,-0.8388632,7.790792,1.6146661,8.079329,-4.0749097,7.6897573,1.1415373,9.027342,0.4494017,0.30581298,21.29174088242329,0.09989130829140867,0.07827294488414882,0.20048167,0.124075845,2372.727829534901,2359.456080852026,5060.511066448577,95.703125,hiphop,hiphop.00004.wav,clean
-11.675508,36.73027,81.99325,19.631514,-8.505697,15.45111,52.767834,15.243321,-14.70422,12.401916,31.964735,10.293728,-19.689999,10.735983,22.869427,9.391666,-14.710648,7.850194,14.518811,9.007071,-10.083078,8.758867,14.005072,8.157494,-8.073014,7.2150636,7.4342127,6.5884395,-5.497815,6.2748346,12.842176,6.583741,-3.697336,6.4722524,6.2179585,6.7153535,-2.5902514,6.1818004,0.10540794,6.4207354,0.49066734,0.28534606,19.47698713704296,0.1246141368759675,0.05112069674000779,0.26167372,0.073403575,2708.9613684451087,2510.902405416154,5795.106624449739,71.77734375,hiphop,hiphop.00005.wav,clean
-59.61099,82.93649,63.90056,31.964375,3.4885833,27.479338,45.235706,20.812075,-1.1763211,19.78426,28.239433,15.008444,-13.166776,14.556535,23.60513,12.450662,-6.623221,12.174366,16.478992,10.900052,-7.2890754,10.129892,14.477249,10.412416,-5.7934427,9.888996,8.17678,8.245643,-6.8806267,8.352823,6.7361226,7.0226827,-4.475576,8.046049,0.9611844,7.3168626,-7.133027,8.301908,-1.2612313,6.745381,0.46422085,0.2985942,19.52059948142174,0.12823807565789475,0.09666151537551325,0.27048802,0.12675545,2859.0217012683083,2640.209195501633,6049.530085985874,99.38401442307692,hiphop,hiphop.00006.wav,clean
-58.451878,60.69103,103.05016,25.197521,-7.2154045,26.982412,44.881866,20.457521,-8.616437,16.92696,12.345843,13.44077,-13.746115,14.394539,19.97422,11.273645,-13.128944,12.396975,17.136246,9.796746,-3.9520185,10.296579,15.581611,9.269513,-0.4627677,8.414104,6.9280353,6.9424133,-6.032932,7.2362113,5.6366434,7.107193,-3.1798737,8.212106,1.8159584,6.2035704,-2.5663438,5.5881147,0.10787366,6.50079,0.43234596,0.29749367,20.7478585443231,0.07867374951625387,0.05050207819426177,0.26401678,0.09710807,2047.1206937169854,2269.2156258040995,4552.4308054070725,123.046875,hiphop,hiphop.00007.wav,clean
-111.16549,83.6765,55.1944,36.59152,-18.44469,35.190914,47.21848,25.571308,-24.78782,23.60658,22.52642,18.25605,-21.138931,18.356768,12.542854,13.2772255,-15.849728,12.588712,16.296558,10.634448,-12.565083,10.59287,9.60918,9.433883,-12.127599,9.156959,4.850224,9.889909,-2.2139869,9.222474,6.88599,10.2677555,0.49253651,12.422418,13.001817,11.64897,5.9532986,11.891458,5.440599,12.117989,0.4534411,0.29672152,21.345405670946857,0.17691578584558823,0.1007162714833205,0.14187486,0.08862002,3069.395746222052,2349.338204102401,5752.87354649405,172.265625,hiphop,hiphop.00008.wav,clean
-95.086945,70.88591,94.193474,40.294453,-2.517668,25.688072,49.53372,17.114603,-6.6139855,15.1395235,33.199677,13.009583,-7.5960364,13.760258,20.96308,9.749041,-8.853171,10.722429,16.79249,9.936624,-5.245886,10.073759,10.775888,8.42896,-3.4604824,7.6332493,7.3106127,7.607381,-3.4420853,7.7828355,3.8423052,7.65412,-3.2273757,6.357191,1.7994256,7.412056,0.09320531,8.445275,4.0050592,10.002815,0.56064737,0.27481055,18.636878331507596,0.09832480226876934,0.08606076695826416,0.21563886,0.09999058,2199.9161931162494,2285.598583577631,4791.046029200126,103.359375,hiphop,hiphop.00009.wav,clean
-67.45474,36.17624,94.84137,21.406464,-38.85323,16.88473,37.641743,13.9517145,-12.254448,12.463338,36.9015,9.891929,-12.652126,10.342837,18.297037,8.696941,-8.852412,8.726589,17.983484,8.030739,-7.2768803,7.7941346,9.716908,7.3792377,-8.74362,7.0092273,4.5059533,7.135011,-7.58996,5.752635,0.22546396,6.391919,-4.8740935,7.969937,4.8480425,9.519488,-2.0033998,9.3788595,-0.752528,8.81524,0.42736962,0.2950603,20.240092040666998,0.12547203040344426,0.04901151639581305,0.1716394,0.076671325,2284.5537023938355,2116.5977185500747,4663.513467038748,95.703125,hiphop,hiphop.00010.wav,clean
-74.19891,51.347145,104.60867,25.945648,-8.3967705,23.337437,49.658215,16.759947,-9.376968,12.831478,21.438307,11.736816,-16.337013,12.019593,18.78141,10.213794,-13.079522,8.990009,18.464,8.191526,-14.953655,8.000516,6.8762646,7.816048,-15.326539,7.1144667,4.772736,7.9269753,-11.097989,7.268424,4.7435393,8.775104,-2.8028693,10.08608,6.797867,10.395422,-5.809224,10.195934,-3.786318,9.601085,0.44405892,0.29195306,20.481486490940107,0.0941872611503483,0.05850673531987969,0.20375179,0.081293724,2095.299910647882,2240.690855056454,4581.122298580205,135.99917763157896,hiphop,hiphop.00011.wav,clean
-67.10566,44.24817,112.41543,17.865297,-23.642479,17.237343,44.281242,12.902705,-18.861816,11.466167,23.874338,9.904331,-13.404416,12.51054,20.146225,9.136892,-10.650068,8.41331,20.623596,8.150958,-7.508759,9.454442,14.423368,8.620718,-9.39121,9.206721,11.295234,7.7859683,-8.8619585,9.396683,7.0855293,10.881186,0.45575354,10.801345,9.392796,10.630806,-0.88695335,10.551621,-0.57510746,10.286374,0.35876346,0.30098668,20.92359267303318,0.08725570820433437,0.0335220239161531,0.19889054,0.06462422,1976.5494346772984,2109.950611023081,4276.707472668344,99.38401442307692,hiphop,hiphop.00012.wav,clean
-129.40356,69.58494,141.74864,52.439358,-42.528156,32.481064,34.001812,24.796034,-6.9713745,20.891464,8.68778,22.605988,-11.36306,13.2248125,15.94384,14.750796,-9.015018,9.519454,6.639111,9.17025,-8.326205,11.805858,7.5594826,10.011534,-5.469925,10.661337,5.8708653,9.31032,-3.1525168,9.022082,-1.6954043,6.1451035,-8.807614,7.4646697,-4.858021,8.059357,-9.291838,6.182723,2.12316,7.536532,0.34012973,0.30987048,20.37474260063966,0.0966369817869582,0.037553838137230594,0.13660018,0.03243331,1798.234427846615,1687.3198366500383,3625.136412629402,103.359375,hiphop,hiphop.00013.wav,clean
-51.27445,57.008854,91.09927,26.339478,-33.769688,23.37596,69.9306,15.87818,-12.950171,14.108666,23.187635,11.287178,-13.769311,12.5959015,23.784006,8.470382,-14.735113,8.423311,10.69933,8.646876,-13.481394,7.2598853,6.0735264,7.2032766,-14.7200985,6.6489744,1.686247,7.0779085,-7.245058,6.751551,3.9597955,6.9709063,-2.6534843,8.122196,7.552637,9.352005,-0.12975621,7.9876733,-0.7301471,6.6093197,0.48965022,0.27074665,20.916555009099024,0.13386653746613777,0.04515318364729884,0.18516475,0.061277144,2437.144490615668,2117.4846851938337,4775.921120658379,135.99917763157896,hiphop,hiphop.00014.wav,clean
-81.91787,45.918163,94.77232,20.605175,-16.236649,16.241947,40.530563,13.118628,-12.247199,11.022476,28.186155,11.466371,-20.102428,8.644841,18.101372,7.752399,-14.641278,6.7725773,14.184542,8.958308,-7.25433,9.253153,13.6582365,6.8976707,-8.488,7.1962905,7.8997188,7.64652,-4.8325133,7.310524,5.101997,6.652526,-5.8849735,7.133382,2.0725234,7.1283092,-5.665477,7.4022684,-1.3740294,7.0698757,0.4236211,0.2872017,20.37208255787562,0.11596868650832043,0.05024394828355757,0.14017272,0.063792855,2395.49619173608,2345.8719745589387,5281.90139439822,198.76802884615384,hiphop,hiphop.00015.wav,clean
-88.064995,66.35222,77.3721,25.984007,-19.0961,24.018879,51.575947,18.1979,-11.776865,14.735362,22.21098,14.458289,-4.727707,14.619315,20.109219,11.495779,-8.32937,11.0034,14.603727,9.824748,-3.8112483,9.983132,8.5798645,9.532536,-11.464595,9.482183,2.160578,8.381921,-12.678757,9.746313,0.3953053,9.847475,0.9852859,11.158848,10.532833,11.775074,7.6297636,11.336459,4.3883557,11.488971,0.46732023,0.30165616,20.765572669703616,0.11047967963912539,0.07456631253571229,0.20763418,0.10585967,2433.764468111271,2247.5852524839515,4920.920243868518,99.38401442307692,hiphop,hiphop.00016.wav,clean
-76.82371,49.223385,98.38955,18.722858,-5.026062,21.350197,49.33168,12.880726,-10.2882185,12.19254,33.286823,10.999801,-9.96177,9.82445,17.61652,7.2181444,-12.23127,7.192161,18.665478,7.9078193,-10.97679,7.495815,11.510851,7.082974,-10.490248,7.074861,6.261919,7.4648085,-6.977472,6.592478,2.4990718,6.7252145,-4.895574,6.5794873,5.468563,7.09454,-1.8260895,8.012683,0.636413,7.3178787,0.4811548,0.29122317,19.885230078736605,0.08034305159152477,0.042375158747532976,0.19142626,0.07137046,2144.794528258055,2358.912870448304,4956.12003102022,99.38401442307692,hiphop,hiphop.00017.wav,clean
-113.496315,69.83255,68.45945,40.439167,-15.764092,27.005816,56.38857,24.14948,-8.150662,19.391945,27.04156,17.054571,-12.364465,14.927306,20.665415,11.515971,-12.666251,11.705791,15.433281,10.590009,-10.998275,10.600342,14.049129,9.943719,-12.502553,10.139706,7.401503,8.921069,-13.318547,8.950921,-0.24479035,8.385174,-12.045159,9.037479,3.8187954,9.284145,-2.6738074,9.767096,5.6455956,11.751197,0.46188974,0.3110833,20.58510388767033,0.1457859665247678,0.10309311668039683,0.16556409,0.08453144,2677.639716066268,2337.276817199031,5366.575882383176,143.5546875,hiphop,hiphop.00018.wav,clean
-64.652565,76.24262,88.217316,27.405857,-10.360637,31.49158,41.79439,21.553122,-2.56113,16.324392,22.901436,13.9996605,-6.498876,14.995195,16.630945,10.8258,-5.8019123,12.210014,13.093463,9.483186,-6.9120083,9.441436,3.027008,8.082056,-9.772857,8.099657,2.3434885,7.595176,-7.0578547,8.413135,3.2029796,8.67469,1.7207859,9.627018,6.090178,9.377569,0.37340647,9.414795,-3.036377,8.9065895,0.4322349,0.3034302,18.901790711789836,0.10016379341621517,0.05667135463926171,0.22598088,0.10856282,2470.7222619019626,2410.2596334667655,5256.126550255176,99.38401442307692,hiphop,hiphop.00019.wav,clean
-122.2709,68.783485,50.584606,32.296146,-27.789642,28.16377,66.590706,22.020567,-6.6044073,17.187407,32.067585,12.752777,-8.222272,15.627797,22.451204,11.356201,-6.9416566,12.402931,21.064743,10.949535,-6.183085,11.094636,13.653635,9.741328,-3.0919614,11.7387495,8.706373,9.720741,-2.9218123,9.960425,3.6755152,10.441229,0.27340934,13.251405,12.869027,13.462998,14.640284,14.231511,15.362202,15.029055,0.49019533,0.2870975,23.342200695479264,0.10805943728231424,0.07586115513924226,0.1759158,0.07527184,2677.5983922065384,2262.418722593127,5266.376488275203,117.45383522727273,hiphop,hiphop.00020.wav,clean
-27.619719,38.013866,94.39549,25.50835,-20.580795,21.940786,49.872,17.153038,-14.710575,15.837078,23.870302,12.250899,-17.608202,11.031384,24.036556,8.253143,-15.884776,8.253902,16.42729,7.9953275,-10.625281,7.9417443,13.89017,6.938962,-10.467003,7.37963,8.20633,7.5765867,-10.300276,7.433654,5.019436,8.034008,-5.749617,8.795838,10.313242,8.748105,3.6337445,9.745631,9.231848,10.11577,0.43024087,0.2904064,20.717779538598737,0.11973245815595976,0.06390647200675532,0.24188346,0.073273085,2405.583528376153,2268.5435114732063,4987.044844022107,99.38401442307692,hiphop,hiphop.00021.wav,clean
-100.66328,73.55098,110.21073,29.239843,1.0357687,20.766556,38.765923,16.48045,-14.493545,12.701583,20.652628,12.390546,-18.038023,13.830566,12.568847,10.657744,-14.126208,10.355723,15.102986,11.037074,-9.241577,9.068445,11.399988,7.5601335,-9.509011,7.788121,8.644918,7.877643,-7.103832,7.432783,2.9938874,7.301047,-4.5059266,7.7738447,4.691581,7.230493,-4.123483,7.9369226,-2.78631,7.83747,0.43965498,0.2943306,20.601996696450843,0.0753997708252709,0.05047038128793575,0.1735269,0.07911714,2025.7166368995133,2272.7738002977926,4603.805494751355,99.38401442307692,hiphop,hiphop.00022.wav,clean
-44.67913,35.461704,101.19932,18.271503,-26.271496,14.0766325,52.930775,9.901903,-11.720016,11.90643,26.934399,8.425281,-13.286411,9.349391,20.705006,7.8134313,-17.48764,7.112679,11.86239,6.69879,-10.67016,6.87396,8.376947,6.3935094,-15.428061,6.089743,4.8771544,6.44442,-10.053337,6.38308,4.56282,7.0004716,-1.9874165,6.235385,7.9827633,6.2575927,1.214753,6.3846564,1.3717064,6.756424,0.38105837,0.28732747,21.21138271895881,0.10668265044504643,0.036043559450827836,0.19052872,0.055666666,2240.303180287592,2193.802836592977,4728.03807686726,92.28515625,hiphop,hiphop.00023.wav,clean
-62.994812,62.715298,86.3237,24.887148,-37.9473,28.428604,39.573452,19.54511,-16.5329,18.072832,21.116253,13.444742,-12.255193,14.617663,13.094143,9.794256,-12.382425,10.428324,16.648333,9.59098,-3.980502,9.5104065,8.853623,8.391785,-6.325512,8.539815,5.704401,7.4924097,-6.3108354,8.940017,2.3043609,9.685539,-0.8654882,10.016632,6.517326,8.778104,4.682213,9.831813,4.39681,9.328657,0.43086895,0.2920368,19.574004409666085,0.13887293198529413,0.05589528601575795,0.17865911,0.08735754,2517.747734885853,2163.4043932433733,4926.71187551398,103.359375,hiphop,hiphop.00024.wav,clean
-44.374714,48.097042,93.37466,24.580204,-22.270527,27.353632,48.861946,16.152227,-13.884773,14.4933195,34.419384,11.45851,-6.2979827,11.824429,25.889359,9.6984,-12.322336,8.612302,20.435734,7.8353024,-5.749465,8.353331,11.854348,7.44167,-11.549436,8.222567,10.156776,7.216319,-3.9590342,8.491696,10.58692,8.817491,0.8432876,9.306398,9.215949,9.377478,1.7228959,9.577054,-0.23039746,10.140916,0.50735897,0.28090653,20.7545350415581,0.10742111914667182,0.0677256291383987,0.25156936,0.08563646,2305.159094553303,2227.25945920748,4815.479214789329,107.666015625,hiphop,hiphop.00025.wav,clean
-103.22315,68.98274,30.57212,33.798584,20.809034,29.541006,45.81602,18.742838,9.800678,16.754988,8.6273155,15.724353,1.6164563,17.783197,12.33468,13.559561,0.51866466,12.605889,4.9922223,10.126892,-2.8359497,9.347483,8.032367,9.752363,-1.397461,9.182893,3.3177283,8.524738,1.2085941,7.9466133,3.301628,8.923558,-2.6962643,10.624792,5.636079,9.571471,-0.7149581,11.088241,2.758796,9.42909,0.4755149,0.30049464,17.470393484832474,0.17347174015576625,0.10847894405451698,0.1641434,0.07931353,3459.980501661103,2916.898258706314,7022.724201214202,103.359375,hiphop,hiphop.00026.wav,clean
-109.07124,65.39089,76.91491,36.669388,2.592334,25.831913,19.059635,17.558628,0.5502823,17.489302,8.174562,12.077027,-8.068408,14.407409,5.9523516,10.886565,-4.3305674,9.662342,3.6560757,10.072029,-1.5556679,10.813064,2.6334877,9.855007,2.2520404,10.006581,2.8522258,8.319989,-5.210044,8.925316,5.3580384,9.038988,-6.1856155,8.056661,2.2385306,8.042639,-2.470872,7.36254,-5.9738307,8.356303,0.42773268,0.31045032,17.502303728187037,0.1028002098248839,0.08614413146612777,0.13497086,0.042410493,2637.4232219262044,2630.9986673861804,5629.507625804228,92.28515625,hiphop,hiphop.00027.wav,clean
-83.20265,49.98412,67.71298,33.095707,1.2305168,27.901907,29.658491,19.455872,12.577921,20.239508,5.613066,16.794523,6.211838,11.559139,8.097905,9.600042,-4.784866,13.576299,7.664915,10.164415,-1.1791575,9.630683,4.242718,7.446639,1.9306675,7.5979176,1.0202534,7.24506,2.3805697,7.3163176,3.1090045,7.8688116,-8.059311,8.283145,1.6720583,7.9442325,-1.6563998,6.6204205,-3.2753482,6.9414625,0.37462813,0.30435544,17.949720601756912,0.11459341137770898,0.06609017868168536,0.15452561,0.035400257,2774.871060337549,2700.5093969910645,5746.540251457285,92.28515625,hiphop,hiphop.00028.wav,clean
-72.5143,51.718605,57.03795,32.713875,5.94839,23.729914,25.904427,15.600058,6.6623893,11.082731,11.494862,11.545168,5.109201,10.646949,10.105276,10.751652,0.9503965,8.704623,8.6856165,8.881431,-1.6870507,7.0756297,5.997685,7.3652143,0.1430421,7.4828258,4.966505,6.5234437,-2.012679,6.4639206,6.097602,7.0507565,0.09555153,7.187183,4.1566687,7.287014,0.2513653,6.8831983,5.891547,7.1361375,0.44052202,0.3051787,17.05859031012084,0.11568637529024768,0.07801600889525717,0.16638106,0.055529628,3131.3432607004365,2854.60084444079,6395.536327066805,123.046875,hiphop,hiphop.00029.wav,clean
-23.794031,37.7448,43.716946,17.078474,30.55069,16.220324,26.501972,11.596155,4.336693,11.013557,21.913748,8.774527,2.576287,8.259903,6.990405,6.045492,-1.4965211,7.240525,4.582283,5.959511,0.4170425,5.6807756,2.464586,4.894308,-4.074756,5.21918,-2.0174925,5.511228,-3.5647283,4.942341,-0.12832613,4.461874,-2.4766896,4.516287,-1.0378424,4.069526,-4.7686734,3.9237518,-2.6154184,4.075613,0.5392278,0.25765488,14.981846859252862,0.1727574587606424,0.047966378113796934,0.19396807,0.029408649,3724.7745542619245,3204.9677357968894,7641.487126306115,89.10290948275862,hiphop,hiphop.00030.wav,clean
-25.108788,37.16967,60.825592,23.06752,-4.1871734,19.167852,14.84839,19.551699,6.795023,11.157302,6.0983343,11.586028,15.451296,11.313521,3.784735,12.164929,5.6598086,9.625911,10.247507,8.617062,0.8633308,8.506382,4.1838894,8.24632,0.9262049,7.9707294,3.2527385,8.26737,0.21559039,7.4616604,2.6983185,7.3667974,0.70473075,7.9436145,0.89628994,7.237203,0.36175916,6.8706417,-0.0064073685,7.551021,0.4798458,0.28648877,17.242478886807387,0.13644361938854488,0.0803616944853105,0.21307458,0.059878297,3084.823804546642,2970.61795564429,6779.025674825852,99.38401442307692,hiphop,hiphop.00031.wav,clean
-148.12135,68.425766,90.56765,36.9411,-0.27532333,24.763544,28.855238,19.425905,19.306164,15.973498,15.245029,13.213865,4.281466,9.879152,15.519956,8.779977,1.2726042,9.298401,11.129076,8.812637,8.849079,9.362671,6.316172,8.5815115,1.6312523,6.393073,1.4264013,6.4456325,-3.4119391,5.7986217,1.1954081,5.8417187,-0.72351325,6.2153215,0.7817317,6.57964,-0.45094875,6.5563693,1.7203562,8.156796,0.47533038,0.2970088,16.426227462644576,0.07872191436531008,0.06621472635301993,0.13448663,0.07220633,2145.890945678912,2441.669949507938,4529.893202670785,99.38401442307692,hiphop,hiphop.00032.wav,clean
-31.93763,48.842552,59.89348,34.05498,-2.7075212,24.534782,33.514893,22.87427,13.086964,16.439636,9.461902,12.553874,-1.6719099,13.79627,14.184528,9.110175,3.138348,9.751841,6.803654,8.646197,1.1695601,8.799849,3.8993716,7.784495,1.6967896,6.9302053,1.254311,6.3833814,-1.4599715,7.4788494,-0.16600102,6.759282,-1.5947375,6.4444113,1.8287374,6.162927,1.5520316,6.164783,-2.302336,5.6250205,0.5003266,0.2801465,17.28600048486067,0.15224662284732973,0.08798248443422266,0.21436137,0.055545572,2982.0828218625525,2730.392872962765,6160.654414032266,198.76802884615384,hiphop,hiphop.00033.wav,clean
5.841989,31.482647,53.237312,17.3067,-8.979136,15.363962,26.946,12.1081295,0.44115078,12.774593,15.555138,8.64664,1.657118,10.201859,7.6658325,7.9253855,4.9847784,8.290642,8.606436,8.147735,3.414468,6.4360194,8.525943,6.8803368,1.1329907,6.1439133,4.909482,5.898453,0.8620598,6.117358,3.4024034,6.245288,-2.8807528,6.437114,2.7900434,6.5945826,-1.7171189,7.100242,-0.2781786,7.474049,0.469898,0.285723,15.906115652627792,0.16916602167182662,0.05688144857263324,0.22781995,0.052785654,3191.1765117370255,2735.9610117251223,6354.219910234859,198.76802884615384,hiphop,hiphop.00034.wav,clean
-100.91944,55.59692,64.29094,32.155758,12.551603,27.244965,26.481697,15.415122,12.40743,18.12053,12.135959,11.335141,2.469894,11.981148,18.496998,9.84659,1.5057791,9.3875,12.0577135,9.948853,-1.4862086,8.66597,6.7316265,8.191795,3.8606362,8.077935,3.0960424,7.6747813,1.7575846,7.3757424,4.5550957,6.540301,-2.3657753,6.5534625,5.4360013,7.103508,2.7719076,6.6468167,3.7227259,6.540004,0.5288315,0.29218397,16.917865961263036,0.10329945094814241,0.09464071940812725,0.19127107,0.09198521,2825.5302060644444,2830.7288636632816,6190.9792306622485,143.5546875,hiphop,hiphop.00035.wav,clean
-220.95444,161.82425,41.13651,42.50718,-13.99925,29.57166,33.61879,21.479437,12.183349,15.6594305,13.665729,11.431932,5.954324,10.346771,7.631933,9.845221,5.290375,8.900037,10.4727125,9.969019,4.765573,9.266538,6.5006533,9.17057,6.4908986,9.571381,5.4590783,9.056477,2.5724354,7.894312,-1.635883,7.418587,-1.5488938,7.2618966,3.0862727,7.632878,4.928209,8.562232,3.715603,10.635023,0.51878667,0.28203076,17.559855258079033,0.12089987362132353,0.10113699469978117,0.08916087,0.06418156,2960.013105340155,2558.1335074460126,5801.173254432324,117.45383522727273,hiphop,hiphop.00036.wav,clean
-96.6639,82.456406,30.600752,43.820393,2.5303547,36.617325,12.692531,22.321945,-10.973727,21.059551,-2.1038084,20.724758,-3.6324108,16.204546,-7.5899434,12.634672,-5.3217125,12.221342,-0.68403125,10.056899,-4.1489954,9.759945,-3.1092334,9.146882,-4.859254,9.255911,-3.0990715,8.772153,-4.161172,9.506991,-2.5633745,9.123918,-3.4825435,9.827826,-0.34579778,9.270712,-2.8692477,12.898343,2.3299167,12.321578,0.40901175,0.31304276,17.534050268428707,0.21284149453366874,0.1213583212169293,0.15945259,0.1313063,3770.076510662468,2830.8355158698,7050.38236730239,143.5546875,hiphop,hiphop.00037.wav,clean
-62.8069,142.3813,72.1019,32.564705,-16.114136,27.33065,27.418505,24.232086,5.5609536,16.415352,1.821428,16.67856,3.9023924,11.594933,8.463778,12.580564,-2.007449,11.717568,5.825009,9.6819,0.15586376,10.209535,-0.30150026,9.220074,-0.6675375,8.627396,-1.4832999,8.404018,-0.06580478,7.346252,3.2086806,7.202261,0.6697353,7.1242967,1.1243902,6.832883,-0.9367661,6.8932695,-3.0775096,7.7647095,0.39842054,0.3082369,17.39939696342182,0.09668724603328173,0.05123288030193029,0.2692118,0.13875258,2202.2948946843676,2213.2035124053305,4411.289992199594,184.5703125,hiphop,hiphop.00038.wav,clean
-121.61006,94.127655,76.91941,38.56451,29.013481,34.490295,9.935919,22.391462,3.1737647,17.696764,5.175322,18.897152,4.9683127,16.555487,-1.0265123,15.068524,1.1707611,13.896665,2.1393535,12.845072,3.1176481,10.924739,1.1366776,11.051312,-0.78206104,8.37002,-4.9822216,8.642479,-0.12525718,8.453901,-4.505376,8.103963,-2.1900976,8.428648,-1.3730917,8.629193,-3.1559749,10.1479,-7.364276,9.914599,0.39005402,0.31935284,18.55834504177605,0.1125715037248452,0.10571356898252686,0.18296981,0.094229,2706.6714628489012,2941.23259807602,5996.322074394108,184.5703125,hiphop,hiphop.00039.wav,clean
-185.25148,99.84675,96.742805,46.108784,44.600403,27.204323,13.892823,17.566126,6.01466,15.725666,-2.9065557,15.444997,3.261851,14.329401,-9.664786,11.929173,-3.6485925,11.871568,5.251207,11.988898,-0.9549688,11.212323,7.687712,11.409919,6.0880246,10.157899,-0.112322025,10.5873375,0.57322156,8.852037,0.50927186,9.486387,-5.869581,9.547836,-5.4587727,9.476264,-3.0603397,9.331112,-4.7819695,11.187751,0.3475849,0.3070406,20.130813693062443,0.10152508526025542,0.11565550089439311,0.13060717,0.104413696,2431.6745536158296,2783.1825288783557,5276.543093465799,80.74951171875,hiphop,hiphop.00040.wav,clean
-76.582634,66.9845,68.337524,33.588375,-0.9878047,21.26101,30.346247,21.591845,3.6340492,20.357887,5.2012167,13.145745,3.2781925,12.375167,2.9408545,12.832702,5.5551667,11.322875,4.673672,8.873826,4.3292913,8.615429,3.4459429,8.953441,2.8557055,8.662198,1.4406077,7.829439,-2.3228574,8.714492,-2.6037676,7.9166327,-5.0569625,7.687717,-3.9807496,8.461551,-5.5648823,9.617619,-0.00071201386,8.963013,0.42498422,0.30255535,17.82894229857185,0.12015460223974458,0.06731346206888379,0.18603957,0.10656504,2708.8083141428915,2664.597965097762,5556.016403528928,92.28515625,hiphop,hiphop.00041.wav,clean
-74.35974,65.942795,48.817753,33.81038,4.047643,27.423513,35.84637,18.166897,12.4972315,16.191095,13.47496,12.732347,9.024468,12.856594,12.56751,11.586715,2.486558,10.960347,12.132177,10.080534,9.134346,9.767495,3.9287133,9.001749,4.571033,11.080639,1.3762095,9.668824,3.193234,9.818513,4.3325377,10.135738,-4.2572207,8.116825,2.8328745,9.854315,2.6930997,11.27174,2.746927,10.612316,0.44883358,0.30049887,18.984836077000512,0.10257420967976007,0.07562321148987147,0.24808368,0.091053896,2908.796471318714,2763.7327112504013,6030.596867139126,92.28515625,hiphop,hiphop.00042.wav,clean
-155.63774,70.705635,113.65832,40.328003,-4.024229,23.976603,18.278227,18.103622,13.483908,12.783439,8.251857,12.088475,8.810651,11.3214855,11.110943,10.5992155,8.910264,10.968831,10.224346,8.611611,6.1002116,8.039099,9.738549,8.74047,9.320227,6.418398,2.259448,6.8393626,2.8474395,6.860639,7.5475535,7.559879,-2.662322,7.4722686,0.9173482,6.719811,0.44310457,6.263605,0.7698159,6.6446934,0.44521868,0.29898143,18.328601888503854,0.06156538735971362,0.039680252917284414,0.13564475,0.0889286,1834.8226201664872,2225.1515450948054,3847.810066152283,89.10290948275862,hiphop,hiphop.00043.wav,clean
-267.52255,88.57857,77.792114,44.952805,-18.189768,40.02318,18.88814,18.980719,1.9943968,15.922312,-7.588774,18.597517,4.7138777,14.517775,-7.698333,12.047398,-10.356959,11.214599,10.975267,13.258368,-2.8659422,10.719503,-5.757438,12.096488,2.347153,10.129297,-7.099608,8.9200535,0.40505198,9.211523,-1.804337,9.626239,-8.364888,9.720432,-3.0725448,9.622715,-4.399869,8.763575,-1.651445,10.601268,0.35554135,0.29924724,19.34525249343042,0.14338613220781735,0.09255537616275325,0.038039632,0.03186978,2548.7636099360616,2344.8395970517513,4537.730894295424,117.45383522727273,hiphop,hiphop.00044.wav,clean
-121.61006,94.127655,76.91941,38.56451,29.013481,34.490295,9.935919,22.391462,3.1737647,17.696764,5.175322,18.897152,4.9683127,16.555487,-1.0265123,15.068524,1.1707611,13.896665,2.1393535,12.845072,3.1176481,10.924739,1.1366776,11.051312,-0.78206104,8.37002,-4.9822216,8.642479,-0.12525718,8.453901,-4.505376,8.103963,-2.1900976,8.428648,-1.3730917,8.629193,-3.1559749,10.1479,-7.364276,9.914599,0.39005402,0.31935284,18.55834504177605,0.1125715037248452,0.10571356898252686,0.18296981,0.094229,2706.6714628489012,2941.23259807602,5996.322074394108,184.5703125,hiphop,hiphop.00045.wav,clean
-75.66786,68.09415,91.0224,32.857822,9.86494,26.29071,25.09408,16.031164,11.801716,14.846216,10.166983,10.477047,0.12458095,10.596505,8.227129,10.059565,1.6348943,9.832693,0.4970397,9.561609,1.8070879,7.902063,5.4929857,8.635907,1.2929039,7.7839127,1.1345568,6.5375085,-1.1895081,8.281542,0.37554067,6.328939,-1.2076176,7.8334317,-2.0606055,5.6970124,-1.2071042,5.347122,-2.6347067,6.244741,0.49217638,0.28814346,17.367888030976296,0.09149226610874613,0.06355147160209093,0.2280169,0.13402128,2306.7863336384894,2601.543623409246,5000.353096882256,95.703125,hiphop,hiphop.00046.wav,clean
-76.64228,60.19556,52.776497,27.307049,34.640076,22.929039,26.187645,17.25598,16.660328,15.96769,11.346408,13.545154,5.853892,11.416583,6.9042377,11.974951,3.664476,10.630728,-0.960427,10.127743,3.875897,9.545592,4.4879446,8.758479,0.63659954,8.572313,5.4337535,8.155784,4.194069,7.395885,0.8124227,7.171564,1.6306313,6.812612,0.6943535,6.143456,-2.806063,5.6969976,-3.4109476,6.4861217,0.4494063,0.30813244,17.665606583835846,0.10935685952012383,0.09608074842083754,0.24710079,0.1208832,3236.2092131808367,3272.1557177055006,7338.638957587558,95.703125,hiphop,hiphop.00047.wav,clean
-87.680786,94.37095,79.37558,31.304096,25.071245,19.393,45.16531,16.686323,11.199144,11.886374,18.170174,8.820121,3.5208578,8.264765,6.9955754,6.5303,1.2674153,7.627761,2.3607879,7.5107837,-1.7764663,6.4804163,-0.012601811,5.1833425,-2.7059743,5.486118,-0.4882839,4.9394984,-5.2594147,5.2519207,-3.8652692,4.796624,-2.5075831,5.181367,-4.6821017,4.3778734,-4.984883,4.274146,-4.423426,4.8281326,0.41634825,0.2982911,16.69593452401794,0.07745040090460527,0.048858479858739,0.23021632,0.111451894,2344.385703637443,2682.0326323793884,5394.20071533959,95.703125,hiphop,hiphop.00048.wav,clean
-44.555233,51.49867,41.6235,23.79746,29.91263,23.860807,51.863693,17.2848,12.87563,17.225433,13.724889,10.67578,7.962605,13.80796,9.290233,9.303302,8.388368,10.852764,1.8994228,8.303099,1.1413116,8.933683,4.564992,8.107921,5.5246224,7.3048534,1.3144537,6.1039004,2.34945,5.7904835,-0.7992,5.8527565,-4.252003,6.3878207,-3.5728974,5.7652106,-3.835539,6.6621885,-4.442142,6.854457,0.48406333,0.29180118,18.2140510284612,0.10872005309113777,0.05845284458069472,0.28883296,0.07705596,3084.4973664314452,3055.5704751391245,6682.326259553986,129.19921875,hiphop,hiphop.00049.wav,clean
-114.06302,66.248764,110.11895,34.96847,17.930183,28.098366,37.930096,17.632345,27.968828,17.87906,1.4038033,14.11875,15.55362,12.914232,1.4255456,10.660193,7.3542895,9.562906,-3.3255098,10.249956,8.241861,9.155342,-0.18475705,8.048259,0.68286717,8.844851,3.3338144,7.5031924,-2.4720285,6.8931417,0.7509779,6.396309,-4.8478117,6.218545,-2.3932738,6.6397715,-3.29144,6.764444,-4.6098485,6.7461495,0.42703888,0.30974233,18.411775778232034,0.04244418779024768,0.031010006967336638,0.27364036,0.1028743,1683.7287656142807,2428.093966088148,3619.3447809839395,99.38401442307692,hiphop,hiphop.00050.wav,clean
-78.71352,70.4662,73.09978,39.064484,21.83404,31.269009,49.21601,18.609392,3.1142888,16.180328,18.307453,10.321462,1.8565904,10.375552,8.398898,8.414217,1.4257842,8.3640995,4.219165,8.959476,-1.3232716,7.1286097,1.2506557,7.502865,-3.0139785,7.210121,1.7983278,6.3779664,-1.8407835,6.2991548,-0.99266994,6.544032,-1.9069359,7.4945364,-2.634608,7.315487,-4.791962,6.357427,-4.8620996,6.6093073,0.39360043,0.30580002,18.541710474035636,0.09951791674729102,0.08669220888120782,0.24401791,0.08709159,2500.521404911738,2578.083186286891,5294.309652700513,103.359375,hiphop,hiphop.00051.wav,clean
-146.51694,69.752174,81.558525,34.431755,31.962297,22.142778,22.430374,14.582527,5.098355,13.307816,13.628087,10.717813,6.495129,10.252351,8.408916,9.907332,4.438316,9.103992,5.0106626,8.220083,1.8354231,7.205781,2.8645813,6.194383,4.5268016,6.845435,3.8527682,7.209372,1.3351526,6.83778,1.2303361,6.986649,0.5773533,6.728555,-0.17094095,5.436564,-0.659073,5.661859,-0.08891942,6.4944186,0.46139818,0.29934826,17.71316140725703,0.08231280536474458,0.06507038333973547,0.10996669,0.040237013,2595.782821610755,2881.612646336387,5858.622907042134,103.359375,hiphop,hiphop.00052.wav,clean
-144.97781,81.033455,66.67153,33.435318,44.280052,25.33791,22.528505,21.362127,6.5213594,15.051017,8.85033,11.236085,11.895541,11.664547,5.837181,9.461426,3.0436742,8.862309,6.451863,9.821228,3.56229,8.828681,2.5228522,7.9310784,3.8309376,7.534891,3.7200966,7.0413585,6.821516,7.7477508,5.0689015,9.020553,0.47715914,7.264429,1.0826528,6.0974283,1.9560732,7.4050865,-0.07564606,6.1485906,0.50688887,0.28990376,17.75528465457741,0.10707796173568111,0.07020433641296625,0.10891584,0.037407216,3079.1103340087907,3220.8563159505225,7003.240985693208,107.666015625,hiphop,hiphop.00053.wav,clean
-104.715996,55.469826,64.0346,25.641308,28.791668,24.781963,10.54608,15.820549,15.168903,14.228209,13.066784,9.50842,8.023293,10.825871,5.2342043,10.641252,6.73682,9.402884,5.12485,8.065819,4.4460244,8.17053,4.464318,7.4278355,3.354734,8.288964,2.422061,6.5305305,0.18586995,6.6906676,-1.5202584,6.1578145,-2.5679927,5.9962096,-1.1960529,5.2800784,-2.1893506,5.31854,-1.8801897,5.7728624,0.4469767,0.3028911,17.496875397460236,0.12631934198432662,0.07736549532802195,0.124151625,0.04310353,3258.7937668169607,3321.233022757826,7619.562258882788,112.34714673913044,hiphop,hiphop.00054.wav,clean
-161.47679,53.41587,104.041115,27.449621,-10.936409,19.859287,43.69308,14.9085655,13.973775,13.810039,14.462216,11.107328,7.5062613,12.492292,9.481564,7.5721135,6.4391665,7.4167585,6.9952273,7.930906,1.3608631,7.444611,4.4386225,8.498783,-2.926756,6.018054,-3.2144325,6.3445835,0.044584908,5.9195666,4.159957,7.1520114,-6.4395256,7.79482,-4.9638324,6.4083557,-4.2142115,6.640077,-2.2782378,5.7749734,0.39065883,0.31200078,19.837670256774107,0.07250031745839783,0.05482965274746658,0.1337594,0.07005619,1735.5854903743884,2055.9870271957616,3552.961849059114,107.666015625,hiphop,hiphop.00055.wav,clean
-101.081245,53.63343,72.40871,21.017984,-2.3747907,22.240034,46.05117,14.864915,5.5450935,12.355089,24.215153,9.200353,3.540355,9.165765,14.531002,8.280829,5.654686,9.175775,13.53511,9.760336,4.972193,7.3363614,9.905891,7.3510385,2.9368954,7.1227355,-2.9988053,8.284627,-1.2425075,6.6534286,2.3058746,5.8814287,-2.819226,5.3658056,1.7559552,6.5834985,0.85589564,5.9499116,-4.3526983,6.9998326,0.49168044,0.2946621,17.950812026189677,0.07013033934791021,0.03323799871690147,0.16661067,0.041790657,2355.621296823601,2496.919774597185,5176.777030070869,99.38401442307692,hiphop,hiphop.00056.wav,clean
-113.628265,62.04765,87.07087,22.690346,-0.6380835,22.490751,52.25518,13.245677,19.377625,11.710489,19.676193,9.653486,15.387045,9.199823,13.71075,8.307735,6.951093,6.206437,9.07707,7.2430305,7.965796,6.495556,4.412705,7.596911,-0.15473127,8.029611,-0.4329041,7.6352897,0.22154196,5.192837,-0.8372173,6.1265163,-2.17967,7.494594,-1.9916912,6.6777716,-4.4428053,5.9983497,-4.301019,7.289295,0.40067205,0.31122997,17.393306480533234,0.05145433738873839,0.03853808811820523,0.22475857,0.06414906,1811.0907893923022,2279.385519549546,3889.9348114297118,89.10290948275862,hiphop,hiphop.00057.wav,clean
-109.83064,68.57036,63.104633,29.455761,-13.840905,24.88385,43.019493,18.011917,6.142044,14.847526,23.18746,11.900577,8.019649,12.967463,10.65603,11.127409,0.98032266,9.541053,5.321308,9.588413,-1.832165,8.870634,-1.4251207,8.2996855,-1.8639747,7.314714,-3.1835,6.827528,-4.740081,6.397384,-3.8052502,6.4476104,-5.5368443,5.335233,-3.185932,5.099758,-3.2629235,5.349653,-3.928107,5.8768487,0.50613976,0.2848069,16.736959631319287,0.13613863257062694,0.09681372924227465,0.13039982,0.06643223,2676.5339159173477,2413.9218973506577,5209.5184987543535,172.265625,hiphop,hiphop.00058.wav,clean
-133.22668,57.827538,93.950745,29.777546,-2.2413454,25.978767,50.195454,16.91518,12.518455,14.374125,15.036698,10.840813,11.511907,12.258594,10.248601,8.8852415,7.9517236,7.94367,10.803761,10.379896,1.9746124,7.181796,5.198634,6.264848,1.0662619,6.307883,2.1747072,6.0656824,-1.5162954,6.5441794,-0.4487203,6.0639043,-2.4607766,6.039652,-3.8682592,6.1836376,-1.7064383,5.887603,-2.774622,6.046158,0.49956936,0.2796312,17.55673805393358,0.06300302038989938,0.04414998668624636,0.15126342,0.051931437,1949.3068336318568,2286.5903217127266,4219.474485415054,92.28515625,hiphop,hiphop.00059.wav,clean
-153.50096,71.58772,92.7777,22.263191,-15.882089,26.255539,57.952423,18.804733,8.575668,16.318047,18.462399,11.101631,13.276261,11.207008,11.162719,9.384257,7.613732,8.3754,12.974225,9.995228,5.661205,8.132006,7.017445,7.4449058,2.8843374,7.6941657,1.6163465,7.5848904,0.012030917,7.156916,3.0243316,6.504934,-0.23418827,6.3408995,-1.3870298,6.263325,-2.3182173,6.0242352,-1.3271761,6.5231514,0.4396849,0.32147518,18.08437304970175,0.05390783729198916,0.0467870986579001,0.18021107,0.06272854,1717.834483382323,2052.410769263657,3686.911039086687,184.5703125,hiphop,hiphop.00060.wav,clean
-127.29857,56.24597,95.78883,22.457823,-12.756139,23.457773,37.96444,18.497633,20.579319,18.942318,23.185549,12.515906,8.276987,11.266676,9.615845,9.041219,8.68504,9.865306,5.52123,9.54641,6.6797314,8.971294,4.0264277,8.151521,1.7274877,7.414636,0.7245981,7.2326813,-0.42298815,7.4033456,2.2443924,6.927751,-1.6068017,6.5729265,-1.215462,7.8369107,-2.2126098,8.635371,-0.7387682,7.029364,0.47363526,0.280794,19.014329629895876,0.06727699303405572,0.0384630085615179,0.15561001,0.056644015,1811.4872110056333,2201.2950311516684,3806.3103170955883,184.5703125,hiphop,hiphop.00061.wav,clean
-144.1154,91.673935,73.38274,48.072502,4.689501,43.0916,24.034184,24.83911,12.896577,21.390713,14.024166,16.985264,8.642744,13.393664,6.9087343,13.2062435,-1.2130749,12.520826,-0.84052324,11.576085,1.1626186,10.609592,2.5793061,10.133545,-1.1129531,11.307823,3.1418169,9.853767,-4.232443,8.684242,-0.45609248,8.390453,1.6542614,8.056926,1.2135501,7.6638713,-0.47557473,6.9194827,-2.0354865,7.847354,0.4719179,0.30778614,17.960086482912974,0.10955073589880031,0.0989761484429806,0.19092278,0.14563152,2449.072471257414,2508.117491409197,4930.6618516290155,92.28515625,hiphop,hiphop.00062.wav,clean
-98.840996,71.029236,71.10852,37.38652,-10.045743,31.27154,31.723389,23.02005,5.1446595,16.920786,1.8752184,16.300842,-8.893279,14.847449,-4.26445,13.336262,-5.962237,13.275771,-4.2694745,12.500038,-0.65870404,12.124824,-1.8606147,11.251269,-0.5169802,9.511696,2.5744355,9.429171,-1.0586431,9.008015,2.2042825,8.282598,-3.9438968,8.713578,1.2048683,8.194043,0.28331426,7.1031213,0.06957233,7.5300255,0.44546938,0.30313045,18.28533468470071,0.12218709183920279,0.08564761922394243,0.18616363,0.13190763,2671.0740466843918,2494.7368600221876,5320.276162351248,92.28515625,hiphop,hiphop.00063.wav,clean
-82.424774,62.51457,69.95746,26.324163,10.693318,24.507212,48.804077,18.653788,4.6395693,17.628069,13.286027,14.869349,-1.7903582,12.597612,5.122208,12.018944,-1.0849243,11.5713415,-2.7959132,10.017522,-2.5498505,8.814234,0.21808504,9.518976,-3.1269517,8.677658,2.3010356,7.7761025,-2.7060976,7.370894,-0.7829091,8.001191,1.7319453,6.9616723,-5.139214,7.374843,-5.694949,6.4886937,-3.7939513,5.7743754,0.40800595,0.32008567,18.404396481276883,0.07981168670181889,0.06010688796406778,0.23596337,0.11903664,2429.9366980056257,2575.1768021201756,5273.709777265141,86.1328125,hiphop,hiphop.00064.wav,clean
-140.14876,93.16781,77.06105,46.248695,42.029648,26.128819,31.239227,19.80274,12.191809,17.328474,10.215243,14.574581,3.7374847,11.586735,8.286639,10.239041,-1.5532026,10.468053,-1.7558186,11.079919,3.6267605,8.858566,4.5898585,8.163487,-2.5492668,9.817539,1.8537718,7.194915,-2.7621264,6.612582,-3.623143,7.612686,-2.6331491,6.886417,-1.5240896,6.225187,-2.6590376,6.067039,-5.086118,5.8279266,0.4177849,0.31799322,17.54598595239055,0.0886033946884675,0.09532570834495797,0.20674568,0.13688642,2447.981517210075,2779.9431286937574,5316.867849627515,95.703125,hiphop,hiphop.00065.wav,clean
-111.84788,86.14812,89.10123,32.953342,13.179902,24.608883,36.344612,20.06639,-3.2759242,16.161413,3.877823,13.188107,0.5638425,9.972234,6.3377275,10.382311,-2.1796095,11.460656,2.979102,10.041058,-1.636557,9.710211,-0.36629114,8.298806,-3.4718986,9.369449,0.7764608,8.598899,-0.23096856,7.209656,-3.1901186,7.215695,-3.7024403,6.8840885,-4.001075,6.04408,-3.0203526,6.635092,-2.4579573,6.5005226,0.40975982,0.30711904,17.987754980577545,0.0793853854247291,0.05929538458514303,0.18986075,0.12274705,2245.1543617872862,2484.137881682173,4816.095877727119,92.28515625,hiphop,hiphop.00066.wav,clean
-74.77094,58.97711,58.740543,28.178179,9.939784,25.924925,21.570108,17.131687,15.071628,16.48519,4.9377294,13.237716,2.282748,13.8989,5.4688973,12.65385,3.120033,11.852776,0.6039442,10.33307,2.4664063,10.233441,4.21144,10.575472,3.4745803,9.491336,3.5953388,9.256437,2.7740335,8.559386,1.8845736,7.3489623,-1.7012312,7.849559,-1.1449336,6.273213,-1.3548874,6.5342045,-4.0136967,7.4657936,0.4983869,0.29238346,17.433417729463994,0.1268197168875774,0.0986723826081829,0.21792412,0.13911241,3053.2752032919216,3025.0571235297652,6667.5096824811335,95.703125,hiphop,hiphop.00067.wav,clean
-66.06443,74.190285,74.91577,28.477474,20.634378,21.168945,39.27426,19.0557,8.157337,14.238082,15.135332,9.9192505,-0.38283712,10.010382,5.572952,9.150186,1.4617355,8.905497,-0.63366073,9.143782,-1.5710733,7.190794,1.4559903,6.522527,-2.414519,6.167862,-2.19372,6.6611023,-4.3210588,5.8761444,-4.420351,5.4830213,-5.131101,6.08191,-4.2903647,5.301827,-6.3375945,6.1530275,-5.0165033,5.610595,0.4221081,0.29773232,16.96740385821555,0.09572391096652477,0.05484551611564479,0.22879635,0.10945791,2545.058137328884,2748.0036712223564,5683.715631349168,95.703125,hiphop,hiphop.00068.wav,clean
-59.209255,62.187237,36.208042,30.510567,39.83428,24.061802,49.976196,19.819822,10.15085,16.637878,16.890434,11.313634,9.769879,12.490449,4.446044,11.166883,2.4115603,10.530716,1.7071006,9.744577,2.3673708,10.203915,3.9095619,8.4535,3.2013638,7.66327,2.6227622,6.4382343,3.2187157,7.1198173,1.4757419,6.1335154,-0.6944125,6.0225034,-3.1585226,5.634474,-2.104499,5.399371,-2.3737836,6.0144176,0.48957697,0.29841468,18.176801559066597,0.1209660107875387,0.08406286091375782,0.27176604,0.08286679,3299.440188118393,3139.542709498119,7082.1738417303595,129.19921875,hiphop,hiphop.00069.wav,clean
-81.68595,70.41348,82.33596,32.433495,53.54203,27.377565,25.494244,16.597015,15.711485,14.603504,19.21201,9.400111,8.4409275,8.8212385,6.372037,7.944572,0.20460086,8.885417,0.15445587,7.697662,1.1984615,6.763733,1.5259029,6.1061497,-0.725247,6.186425,1.3517001,5.9779196,-0.3828335,6.1588793,-3.129231,4.9486227,-0.49216715,4.9134583,-0.73947495,4.802352,-3.7766733,5.171222,-2.505176,4.8295255,0.43090683,0.29858693,18.07737837192355,0.06926450936048761,0.05538221686108912,0.2787715,0.07466477,2501.25903379901,3049.6607535011344,6028.555212818063,95.703125,hiphop,hiphop.00070.wav,clean
-78.69876,56.527405,51.460278,32.1777,42.217045,17.24027,30.076286,15.529725,20.110865,15.004673,6.993341,10.428092,8.018718,10.763316,6.883307,11.002093,-4.6201587,10.588813,3.6496065,9.905926,3.6401923,9.512928,4.324948,8.396316,2.607875,8.5415745,0.76624197,8.306062,-9.1659775,8.288138,-2.1590145,7.116959,-2.6716974,7.37707,-5.5222917,5.8052154,-1.3241625,5.6617126,-2.4780135,5.867316,0.4038802,0.3155231,18.659820169710922,0.10757606907894737,0.09980100434615782,0.2470289,0.09063139,3186.910019337875,3286.573770075949,7476.671456257256,95.703125,hiphop,hiphop.00071.wav,clean
-118.020584,66.70081,102.3068,34.922726,20.77259,23.543596,37.010674,16.774908,24.395523,15.905177,7.8027534,14.570667,15.927474,10.379999,-1.5940949,11.872779,6.763179,9.758238,-0.78020066,9.169295,8.579758,8.457245,1.473606,8.237645,-4.2227297,8.684007,3.0189223,7.359423,1.010989,7.892457,-0.9802994,7.045287,-5.466814,7.19846,-1.3039749,6.5081286,-4.241458,6.31807,-5.0074196,7.6337924,0.43807065,0.3078051,18.195350145800134,0.05136250120936533,0.0429036224468246,0.25294384,0.11673583,1818.8189646845494,2521.696700963498,3999.725814205205,99.38401442307692,hiphop,hiphop.00072.wav,clean
-78.25045,78.31841,70.188736,34.83954,45.908947,25.897127,42.075985,17.90114,15.097313,14.616725,10.689846,11.133667,-0.6920255,13.861881,-0.6105204,10.110739,0.37156433,10.796855,-0.3509227,10.126794,1.102735,8.844345,-0.67174697,7.076264,-0.8145329,6.7346315,-0.8111803,7.114622,-4.241297,6.692335,-6.08405,5.903481,-2.961729,5.6909623,-3.7095819,5.8911552,-4.6067276,5.825709,-4.981908,5.562781,0.42251512,0.3024321,17.466878465455626,0.08562004160216719,0.09636948454785406,0.30033332,0.1181736,2566.5587161240874,2942.3925463630508,5931.505799662587,92.28515625,hiphop,hiphop.00073.wav,clean
-68.78752,57.3651,62.373886,26.576069,24.279097,26.268711,53.785713,19.726019,-1.9191564,15.506087,12.823493,10.340503,-4.35876,10.678341,12.354515,8.567975,-0.22019345,9.999632,9.053527,8.437112,-0.97755194,8.038999,3.94197,8.006043,1.9162539,8.555869,2.2540576,6.959349,-2.5221894,7.580054,-3.5294874,6.536173,-2.9246852,6.6689,-3.6497655,5.728713,-3.4206948,5.6065044,-3.7197106,5.5407014,0.47394478,0.28984594,17.55825588526995,0.11079033535700464,0.0685627744887422,0.2083498,0.1016799,2775.2916756205336,2712.623765856432,5969.305571092541,99.38401442307692,hiphop,hiphop.00074.wav,clean
-94.57142,66.224915,51.723648,43.112194,17.519943,28.937916,28.904242,24.354559,2.063757,18.964603,3.7271113,16.709812,-1.85162,15.342034,4.36836,12.979555,8.781322,13.903642,2.1316025,13.923014,-1.3799784,10.613435,4.6916013,10.24382,4.077907,9.933455,0.0145729,9.091389,0.21375863,7.9361744,-0.43703666,7.430287,-4.119476,7.330827,-1.1030105,6.8853374,-0.12764865,6.798381,-2.763157,6.718961,0.45118245,0.31108588,17.93504076921435,0.146737207938274,0.12990981339934424,0.19167505,0.122510776,3139.605595979825,2849.9772069915975,6335.611689422891,92.28515625,hiphop,hiphop.00075.wav,clean
-111.22915,83.850876,89.94116,38.037388,4.4531455,32.65532,14.530579,19.927769,9.934057,17.654823,-9.441967,17.699108,2.9049582,12.416235,-0.13894072,13.241563,-3.0650673,12.782623,3.2723684,10.947417,-1.4969656,10.621975,1.5704437,9.443118,2.3964047,10.742345,-1.1631626,8.127064,0.87109846,8.595346,0.6744047,8.7936945,-5.169126,9.181849,2.7299318,8.300631,2.3492882,7.722654,-0.2558081,7.4237695,0.42499024,0.31288728,17.551806492849508,0.09669745005321208,0.09072237596777008,0.23721823,0.1664575,2328.3253525938053,2627.229475693976,4934.945159061775,95.703125,hiphop,hiphop.00076.wav,clean
-25.853546,57.511536,70.94636,33.755394,9.54849,24.999962,17.47975,19.976189,-1.6311874,18.354015,-0.5474362,16.180016,0.2606902,13.044826,-4.6436267,10.878167,-0.5859257,10.795127,-3.086073,10.2035055,-2.4065418,12.04671,0.38653907,9.073529,-2.158143,8.844164,-0.3449555,8.699334,-2.3784094,8.641981,1.9354966,8.402933,1.3124205,8.257191,-1.2795856,8.126525,-2.0184257,9.171834,-0.19688798,7.789922,0.46092817,0.2955074,17.09681458965169,0.13766243288022445,0.07940125650442796,0.23842552,0.08487874,2986.424482322364,2899.9735732795793,6403.169614242695,117.45383522727273,hiphop,hiphop.00077.wav,clean
-111.22915,83.850876,89.94116,38.037388,4.4531455,32.65532,14.530579,19.927769,9.934057,17.654823,-9.441967,17.699108,2.9049582,12.416235,-0.13894072,13.241563,-3.0650673,12.782623,3.2723684,10.947417,-1.4969656,10.621975,1.5704437,9.443118,2.3964047,10.742345,-1.1631626,8.127064,0.87109846,8.595346,0.6744047,8.7936945,-5.169126,9.181849,2.7299318,8.300631,2.3492882,7.722654,-0.2558081,7.4237695,0.42499024,0.31288728,17.551806492849508,0.09669745005321208,0.09072237596777008,0.23721823,0.1664575,2328.3253525938053,2627.229475693976,4934.945159061775,95.703125,hiphop,hiphop.00078.wav,clean
-79.74996,92.23022,62.27512,38.604103,-5.108446,30.624521,18.229969,23.507395,12.862356,17.315186,-14.114573,19.884792,4.9116673,15.12267,1.6750953,14.721407,-5.7800555,12.056768,0.8144436,11.736747,-3.8078806,9.990953,2.0120642,9.163191,3.4144382,9.110566,-2.8724234,8.899111,1.2645156,8.106775,1.752267,8.147717,-2.2722964,8.010113,-1.0350908,8.860775,-4.6091976,7.8367476,-2.8224657,7.441815,0.42727414,0.30251697,17.294466311768048,0.17240182976973684,0.0990537943228101,0.15468617,0.068735406,3213.1475995725405,2834.0488919453637,6312.970159666457,103.359375,hiphop,hiphop.00079.wav,clean
-64.00121,42.47057,50.804565,25.731796,6.6021595,22.130014,27.830774,15.9736,6.6337037,13.7839,0.29855344,11.438692,2.8219564,10.894973,3.2134213,9.866435,0.16524187,10.699673,0.6103197,8.685261,0.09556539,8.4214525,-5.067103,8.205916,2.66281,8.77296,-1.637957,7.948686,3.1019537,7.8803906,5.152146,7.7828465,-0.835596,8.625813,4.8471527,7.287589,0.24540167,6.3717213,-4.849838,7.134487,0.40356886,0.3123247,17.109184343613787,0.15500095237519348,0.08521252116440894,0.14134684,0.025478497,3377.342805929625,2996.5226327289342,6892.483322096314,95.703125,hiphop,hiphop.00080.wav,clean
-216.06976,70.84854,122.55899,23.079098,0.93731654,27.715181,39.356617,17.613552,9.2882185,15.914776,26.045794,12.638853,-4.0278053,13.137777,18.256382,10.476891,-6.51141,9.891802,13.911774,9.514298,-3.072288,9.095381,8.876831,7.1552687,-4.358553,7.630332,4.691729,6.7746525,-0.10699996,7.5783815,0.9101864,5.7464123,-1.9222299,6.069736,-1.7801151,6.3782063,1.1610223,7.1118636,-4.025159,6.397151,0.52058536,0.29350922,19.462683251821804,0.05177973224651703,0.0340655774958351,0.08638297,0.05822854,1469.3760072038708,1954.524331719364,3277.0468508126937,103.359375,hiphop,hiphop.00081.wav,clean
-122.780525,30.961432,95.06129,22.570795,-29.36325,16.996162,46.78005,10.978465,-15.998563,11.412783,27.117586,9.443745,-13.113779,11.114729,20.258003,9.740008,-5.389465,9.049091,15.459252,7.5914326,-6.909567,8.254223,15.645838,7.614941,-6.707096,7.556241,8.281757,7.2618876,-0.7531099,6.9816737,9.420004,6.153193,1.2628134,8.002019,1.6747185,7.4494743,0.48605144,6.505118,1.6133196,6.7601304,0.5036192,0.28838232,19.58145460797314,0.11322947404702012,0.06968862347025029,0.10228207,0.046146013,2290.107317796501,2181.5890272480765,4819.512523733794,107.666015625,hiphop,hiphop.00082.wav,clean
-122.01623,43.066223,89.59382,19.957981,-25.749514,18.56244,40.978493,15.457911,-4.280537,13.535423,27.57391,11.872677,-15.565974,12.732246,22.4104,10.521813,-10.840677,8.794215,19.818462,9.686815,-8.638996,8.833035,19.10022,8.705739,-8.472635,7.870273,9.432505,8.178551,-3.4016783,7.9032288,0.9833334,8.100957,-5.649017,8.379728,2.0140295,7.9493637,-4.319846,8.180081,1.8859327,8.143013,0.44792578,0.29214948,20.698745825381167,0.11085004776993033,0.05949677964130322,0.11063568,0.0520417,2368.028894955329,2303.3456645230367,5017.786324799245,103.359375,hiphop,hiphop.00083.wav,clean
-214.31303,64.964264,100.31755,40.494778,-33.45657,25.165005,47.25948,23.737991,-8.953328,19.424643,12.991591,18.584188,-17.322506,15.187782,11.068475,13.307436,-11.724059,13.013621,8.812742,11.1115465,-7.8322988,10.019125,6.2648187,9.320723,-0.10495942,9.946441,4.896774,8.220012,1.1980615,7.916248,3.7862828,7.0147004,1.4717628,7.5265822,3.4848027,6.9039135,0.65265834,6.679732,4.15107,6.5326447,0.5133563,0.28872597,19.19338136386057,0.10514864611551858,0.07075722774378784,0.065886386,0.044810835,2044.4018831699113,1933.7322920186132,4075.008692313274,112.34714673913044,hiphop,hiphop.00084.wav,clean
-114.30269,39.849854,80.86408,19.153135,-18.181608,19.838167,50.662548,14.01778,-14.933624,14.048144,29.2647,9.319245,-20.050333,9.929338,18.588348,9.001486,-17.686914,8.189671,16.67295,7.6800237,-11.416136,7.5425243,16.297127,7.669122,-4.473333,7.9429426,10.56288,7.2476406,-4.071208,6.785691,9.144475,6.208147,-2.847377,7.360652,0.63792795,8.070591,-1.9969021,7.319952,0.5702691,8.598386,0.4767985,0.29706326,20.525497383239152,0.1272399713380418,0.06848580563477694,0.1062111,0.044128634,2607.90147773215,2392.19494963041,5535.341528547068,112.34714673913044,hiphop,hiphop.00085.wav,clean
-198.97505,56.609875,92.61563,27.200611,-19.53599,19.555325,39.540478,19.696857,-0.64480925,17.194221,33.591434,12.952146,-6.4655647,11.336396,27.51714,10.397577,-2.412998,9.59584,14.994365,10.917262,-2.9805148,10.417505,14.907302,9.80042,-3.3871675,9.315124,9.281903,8.059222,0.8351726,8.538064,8.28487,7.5068297,-0.5857252,7.8635,-1.613675,7.9844766,1.2587285,6.784014,3.052636,7.5862956,0.47983924,0.3004826,20.130238509500717,0.0798679977747678,0.054212003302452946,0.07905022,0.042461634,2083.393807295725,2197.9591095089268,4478.756250907024,99.38401442307692,hiphop,hiphop.00086.wav,clean
-168.3471,53.234596,70.93957,16.545002,-3.0408056,19.9694,54.825478,11.123246,-12.10462,12.738067,30.515268,11.45788,-1.521291,12.996946,28.844463,9.619659,-8.925714,10.517389,18.759966,7.15678,-6.6007915,8.995492,14.6028805,6.341418,-3.5750635,6.964828,14.192752,5.3437357,-3.9637115,7.003396,6.930111,5.3459673,-4.1718354,6.129782,5.868638,5.0849204,-1.5135263,7.355807,1.2838982,5.740204,0.5837967,0.26740682,19.17688779038751,0.08769334728134674,0.07454955775346428,0.10804736,0.052359212,2472.488643988058,2499.681708769723,5509.025021012722,135.99917763157896,hiphop,hiphop.00087.wav,clean
-89.86678,44.824085,79.76334,19.016487,-25.737305,20.618301,47.726387,15.078652,-10.019151,13.820609,31.556944,13.265565,-22.19752,10.520954,26.661226,10.374539,-10.976785,9.491953,18.823183,9.333162,-15.565013,7.424924,14.414716,8.5659895,-10.038895,7.8395495,8.900902,7.858786,-8.932948,7.121065,7.2392864,7.851221,-5.013773,7.254807,3.1289532,8.061132,-4.7381425,6.7450285,-1.5847808,7.6060987,0.4600093,0.29249313,20.695285685319543,0.14991216984326625,0.05604475089565262,0.118590504,0.041931268,2694.9757203214963,2389.235016436477,5600.091137015044,117.45383522727273,hiphop,hiphop.00088.wav,clean
-103.13827,41.345066,74.090225,19.923952,-22.43464,17.707705,51.60479,11.6352005,-7.0798135,11.927184,32.670975,8.473227,-14.993524,8.221327,19.642502,7.957322,-7.0712337,7.7745757,22.27215,6.716802,-7.3240576,7.7276697,17.611782,6.7311664,-0.04568536,8.058331,14.720984,6.4491234,-4.2429547,6.5475945,10.659666,6.3631144,-6.3376107,7.27005,1.0340246,6.858442,-1.8354768,7.1844134,5.5502844,8.173281,0.49831197,0.29515237,20.77165315189519,0.11762400529702012,0.058755908846497555,0.12070812,0.044218782,2670.154564498446,2396.6483338279327,5527.058245301616,123.046875,hiphop,hiphop.00089.wav,clean
-109.50918,30.75067,97.389565,15.7194605,-20.619621,14.971019,37.36667,11.362642,-3.1259978,11.096058,28.611204,8.866919,-14.169424,11.387833,23.86211,8.557437,-8.736171,8.883478,19.892464,7.7517614,-11.298631,7.6717396,17.939692,7.135583,-3.482387,7.060574,8.219098,6.799115,-8.952911,6.72511,9.264581,6.2880383,-4.989858,7.2337627,1.8386621,7.890762,-2.2514331,7.512415,0.675371,7.548683,0.48243105,0.29367033,20.255313701831792,0.10450163566660217,0.04792195262566319,0.109101996,0.042227626,2272.8344394005203,2327.2378038657807,4965.044977052293,151.99908088235293,hiphop,hiphop.00090.wav,clean
-105.56951,45.571636,76.67491,18.518349,-24.774305,20.0115,55.19899,14.18411,-8.257658,14.802141,28.899265,11.298411,-15.7475815,11.991384,26.304573,10.340539,-8.491439,9.736747,20.454643,9.035248,-8.151382,9.349999,13.922347,8.919997,-6.5663133,8.355463,9.869241,7.299575,-4.8636723,8.738638,5.876529,7.6267304,-1.9471784,8.394885,3.965411,7.093503,-3.6028059,7.8785725,-2.2880113,8.217223,0.53378236,0.2713935,19.982924328501763,0.1385550956607972,0.06432433103985193,0.11357303,0.043359824,2628.9767336632103,2350.956242233718,5411.725609368953,103.359375,hiphop,hiphop.00091.wav,clean
-144.99234,43.78442,84.061775,16.755924,10.848203,21.109896,43.601334,13.643213,6.2818995,18.862417,36.12911,10.895156,-14.662279,11.467673,26.805468,10.577126,-10.33603,8.852646,24.696184,8.757903,-8.72415,8.127778,18.79265,7.4643655,-4.3968787,9.77498,9.877954,8.164451,-8.135771,7.2315083,8.817563,7.14546,-7.885718,7.0216827,2.8736496,8.204241,-4.3461523,7.193353,-1.117504,7.1724434,0.4777827,0.28632304,20.88818959333961,0.07263901654411764,0.03913107712171369,0.12256441,0.03985091,2330.8396284977375,2664.205681426961,5837.598034176664,112.34714673913044,hiphop,hiphop.00092.wav,clean
-191.63844,57.490124,41.317802,20.09431,4.992499,21.159533,65.465614,14.867857,-4.3202295,14.511747,42.641537,11.645108,-12.253161,10.807993,23.817207,9.105279,-4.2732596,9.860632,16.03992,9.371859,-5.0856843,9.894496,16.431042,8.63956,-9.372978,7.7180715,6.6640673,7.0725784,-2.7305558,7.4878616,-0.44324705,7.6475596,-7.421273,7.67841,4.5704145,8.780613,-6.97458,9.083846,2.4684422,11.119693,0.4765214,0.28237015,21.115757390194137,0.15219749238099844,0.07451131650185373,0.06723458,0.044226043,3185.142164501915,2603.538870863959,6277.937038173616,117.45383522727273,hiphop,hiphop.00093.wav,clean
-169.93532,53.41835,98.05762,26.386795,-11.311489,20.15293,38.265522,16.194994,5.069619,17.504477,25.395584,14.910469,-11.830673,13.363026,25.108503,10.19547,-5.558388,12.106993,19.205223,9.55475,-2.9109883,9.76623,18.213062,9.115161,6.10538,9.412605,13.954815,7.709784,-0.30130035,8.411141,12.484424,7.808006,0.4084341,7.63378,1.6486975,7.148063,1.5285935,6.8178205,2.8091319,7.229153,0.45894212,0.2988251,21.001216665650357,0.054190904363390094,0.031067624946908803,0.110711865,0.03650249,1929.5861395660718,2249.244728720608,4411.223325936049,151.99908088235293,hiphop,hiphop.00094.wav,clean
-92.59166,37.59501,77.41268,19.05187,-32.75637,17.202415,54.59612,11.7049465,-13.199196,9.31059,33.65628,9.095371,-12.085772,8.920383,28.015388,8.256364,-11.966782,7.742747,18.82935,7.144256,-6.6704774,6.8333473,13.036639,5.4597178,-7.0213475,5.7338057,7.0742083,5.6171346,-4.5371237,5.5480514,6.4979115,6.1746054,-2.9733756,6.6016803,3.7062724,5.999764,-5.411391,5.855489,-4.21347,5.8329883,0.56235874,0.26078126,19.42011196762002,0.15760335538409442,0.053788006120084185,0.10348285,0.04232817,2735.7958021204067,2295.456105176155,5419.742227560227,112.34714673913044,hiphop,hiphop.00095.wav,clean
-128.15352,47.08494,124.5842,21.481506,-37.200493,20.380919,43.892124,16.376892,-12.789882,18.150007,18.988998,13.088835,-9.285406,11.795627,19.78161,9.452631,-6.8781185,9.392748,13.477492,8.305255,-5.979898,7.9556603,12.329025,7.4653897,-4.6527686,7.420415,5.8328543,7.25152,-2.872883,7.3742766,3.6824682,6.6210876,-1.8806285,6.6748333,-0.13902049,6.0723433,-2.0508018,6.2444997,-3.2196095,6.344616,0.424748,0.29585093,19.688190537747534,0.08312648147252322,0.03025657754202929,0.11082602,0.03707976,1752.0147471390123,1811.3360784876797,3488.9455694901317,107.666015625,hiphop,hiphop.00096.wav,clean
-111.189964,34.673237,80.63883,20.337034,-0.87596005,15.760801,50.6178,13.72548,-13.474105,14.697983,35.3258,9.26701,-14.840684,9.719268,21.193808,9.4809675,-13.577967,7.37109,19.628597,7.9864264,-11.768655,8.071839,16.968807,8.647624,-9.362856,7.541147,8.700684,7.5614915,-9.8925495,6.711425,5.8139815,7.2734246,-9.137596,6.7029934,0.87771124,8.060784,-5.991048,8.469614,-0.30923563,8.160406,0.47380474,0.29113877,20.944499584462577,0.11598796076818886,0.06468443705546123,0.11850105,0.04175105,2581.727525217468,2526.217464934699,5731.648674837945,151.99908088235293,hiphop,hiphop.00097.wav,clean
-129.95169,43.884785,72.02137,20.23504,-23.253374,19.993103,63.230637,16.715961,-6.873469,13.362683,34.400772,11.790065,-12.189914,11.198961,30.506071,8.66393,-7.582158,9.530694,20.604498,7.5005426,-6.197449,8.046961,14.683234,7.843545,-2.9395947,8.317755,9.047846,7.0132957,-4.740089,6.716602,5.3837643,6.973447,-2.414432,7.600023,1.6269447,6.738779,-5.98083,7.78755,-0.8234169,8.018247,0.5335046,0.27557135,20.385923855750356,0.10066983721942724,0.060083712715288694,0.118977465,0.046459913,2538.2434921295203,2341.4445993119357,5353.284296088913,107.666015625,hiphop,hiphop.00098.wav,clean
-138.74834,60.825478,100.20922,39.588196,-31.457195,32.40887,32.444756,23.6007,-2.7770367,17.84099,13.111024,17.908339,-14.509458,15.133062,13.948756,14.013211,-15.169027,14.445017,8.204797,12.359145,-4.920586,11.716836,3.5231583,11.120859,-7.9803023,10.486011,0.79932106,9.57671,-2.9753177,9.76193,-0.7297646,7.9363985,-7.7199607,7.2271824,-1.2179403,8.554073,-6.522993,8.5660715,-5.395183,7.762793,0.4309518,0.30830982,20.661164435478003,0.1015708143866099,0.0660666895657862,0.15373959,0.12210288,1963.1932861624277,1917.2885221655058,3798.86869542739,107.666015625,hiphop,hiphop.00099.wav,clean
-251.99103,110.23337,137.88876,38.292732,-11.156676,27.044182,8.355846,10.955053,0.71759826,10.834596,1.5888838,7.297317,-3.736992,7.502445,-4.138826,6.1868644,-5.510426,6.5994725,-2.6428099,6.124775,-3.535575,6.563595,-3.1450665,7.690278,-1.8456105,6.619096,-0.99968755,6.419441,-2.5880938,6.9932694,-1.9635668,7.0923667,-1.5052294,6.4121647,0.2160593,7.4608965,-1.9949425,7.073491,-3.3498683,7.063345,0.34449327,0.2915291,17.937136075934404,0.07846437814434984,0.0494446034440216,0.046762493,0.039286356,1504.4850155324564,1754.5156757138323,2800.499732427922,123.046875,jazz,jazz.00000.wav,clean
-345.7682,100.602615,146.9814,35.910698,-0.49109605,22.84457,22.638971,11.60735,5.8185916,9.836403,10.342899,7.394785,-0.1702682,7.331483,-1.7211475,7.5539246,-6.119701,6.853716,-0.5134584,6.948243,1.0318328,7.2162385,1.2220972,6.8019886,-1.9446281,8.026571,-5.553698,7.8969145,-4.4034724,7.322528,-2.5995615,6.6355968,-5.1962686,6.5741334,-5.426081,6.7603784,-3.1292613,7.247136,-0.79394495,9.915125,0.32815516,0.294199,18.69603911424755,0.0592777972619969,0.03278287404369276,0.022791114,0.015462553,1266.346201396591,1691.3184537804075,2410.285425333785,135.99917763157896,jazz,jazz.00001.wav,clean
-257.01797,79.84788,175.31583,34.876022,-44.815468,32.908543,25.663235,20.111507,-4.2567406,15.329545,-0.22128825,10.609451,-11.323123,9.7083845,-9.186279,8.588815,-4.099932,9.279309,-8.300055,10.313357,-22.553421,9.955557,-7.608669,8.433738,-7.6533217,7.5902195,-11.745615,8.966366,-8.175761,8.378684,-7.5016975,6.3194933,-12.297941,7.399006,-6.7714224,6.7617536,-3.4978836,6.4382067,-8.646908,8.569479,0.26762772,0.2897499,25.91860549466531,0.0578726659249226,0.030455296666549118,0.080827355,0.031509887,1064.8215157992533,1050.3378104695155,1896.0802013290925,151.99908088235293,jazz,jazz.00002.wav,clean
-297.2327,99.31298,193.09448,29.56968,10.135854,33.580288,-1.6042594,15.968615,3.4037557,12.075495,9.997605,10.171669,-7.269057,12.015541,4.690434,8.853389,-5.398844,9.3997135,-2.866193,9.48395,-10.235335,7.145853,0.3849236,10.044788,-4.966055,8.527118,3.2423825,7.1874175,-4.478282,6.418023,-1.8856789,6.8843484,-2.2746387,7.3928533,3.8804512,6.2345085,0.34528282,7.0768957,-2.2132213,7.5043283,0.3193644,0.28465876,22.16960743672633,0.04467433303502322,0.014439982353072539,0.05947569,0.03603388,813.4386379736895,1059.1794282123176,1417.2080970031927,92.28515625,jazz,jazz.00003.wav,clean
-270.312,54.02761,137.55493,23.357014,5.622032,18.57276,42.5081,14.840417,-7.959412,13.267717,9.935899,10.18586,-6.8239927,9.040264,8.244322,7.4461265,-6.188955,7.1403356,5.469562,7.269263,-5.445732,7.537187,-5.178623,9.076938,-6.994632,8.80491,-3.2311838,8.876835,-2.0175724,9.941976,4.4062123,12.763244,1.99304,13.459567,4.9886174,12.743957,6.586949,19.841282,-2.418629,21.760258,0.1717699,0.28741732,26.10804545206113,0.04776879656056501,0.022850390729666232,0.1087248,0.046665467,1039.7104745190284,1422.1939175608406,1838.4972161921924,64.599609375,jazz,jazz.00004.wav,clean
-246.32089,95.82477,120.2031,27.766134,-0.9341652,29.840849,30.689386,14.219483,0.19115417,17.24239,23.146517,10.23933,0.42938477,12.996918,9.172055,9.020245,-0.57383287,12.380837,5.7225223,13.630477,-3.756935,11.486307,4.231671,13.592265,-0.27937397,14.411124,7.4462867,14.897384,0.71138495,16.162603,7.070837,15.140009,0.8656312,20.145927,0.9513321,18.228487,1.7338499,13.897352,-1.3477298,14.593091,0.24827772,0.3105073,24.374923312717776,0.057861328125,0.03011651735651277,0.1074972,0.04726898,1267.989918534133,1546.1054636800202,2486.184966379644,107.666015625,jazz,jazz.00005.wav,clean
-234.3426,80.10955,142.72238,37.268494,-14.277185,24.647953,51.923065,19.292475,-8.200179,14.051303,12.773935,11.24192,-4.295218,14.066291,12.082512,10.917263,-13.723852,10.269955,-1.5506785,8.175534,-3.9817665,10.177697,4.937514,8.112023,-3.9372153,7.4277105,2.1901507,7.51029,-6.6842165,7.5633736,-9.763288,7.5172167,-4.473258,7.69699,-5.533499,10.251209,-1.1700695,12.233224,-1.1021105,11.532445,0.27487186,0.3035272,24.172133372014514,0.04806244557856037,0.026358784312991452,0.098557666,0.03685718,1220.029520943009,1459.498805103533,2416.877052141786,135.99917763157896,jazz,jazz.00006.wav,clean
-291.9665,50.42121,137.64107,30.139174,2.670107,24.24984,35.637436,12.143352,-12.310618,10.982638,15.607241,9.223023,-6.7985826,9.683832,-2.8389623,8.012535,-3.790433,7.9294744,-3.4771762,11.39364,-1.7255414,13.282232,10.397663,15.959765,8.31119,14.054586,5.228631,16.702843,0.33438346,20.652405,0.3818246,19.829884,-1.4846002,13.708737,-0.7641721,14.687081,-6.311322,15.197098,-5.534649,14.476733,0.19719192,0.3028854,25.657314743169582,0.06483445300406347,0.02659780258129316,0.093731664,0.047307834,1170.1567961600012,1355.8759398892685,1958.7548223442338,61.5234375,jazz,jazz.00007.wav,clean
-189.91695,55.41837,134.41617,22.864202,-25.677439,27.603987,45.7453,11.062771,8.189717,12.523463,21.450272,9.983136,-4.58438,11.181545,14.390941,11.544103,-12.660092,9.334875,10.2806425,8.743412,-7.9415693,8.3389015,-1.1395625,7.56132,-5.047989,7.0567846,2.4128122,7.025699,-5.010759,6.2670183,-2.1543717,6.7220407,-4.2402406,7.9175515,1.8404955,8.255486,-0.44336593,8.678358,-4.7699075,8.042349,0.35739475,0.30440852,23.20490900239331,0.04627485245743034,0.025773536084823228,0.11859105,0.037474282,1304.6853072764802,1636.5500740530892,2724.4335257232005,107.666015625,jazz,jazz.00008.wav,clean
-296.6781,36.09981,172.37866,20.057222,16.867044,15.551106,18.952925,10.18989,1.3671669,9.8950615,14.381316,9.271551,0.9986542,9.513978,9.520248,7.931604,-7.4175553,8.54474,3.521702,6.9998674,-7.659343,7.522944,-0.10418465,7.6572423,-7.962856,9.971729,-3.1971016,10.173057,-8.079399,8.870454,-4.0539804,9.5444145,-0.84452397,9.436878,-3.868959,8.102103,-2.8218153,9.366734,-6.9224005,7.942255,0.26689672,0.29961032,23.52858476518194,0.03169028456366099,0.01169198518874115,0.085357636,0.027148549,749.3568923103409,1211.0045035687322,1133.701477995598,107.666015625,jazz,jazz.00009.wav,clean
-318.80017,107.95219,162.65161,23.604889,-16.452929,54.08086,39.116074,16.399448,31.457945,14.124902,15.257577,11.507185,-0.6891271,9.255611,5.7950263,8.89605,-8.640236,13.226605,-4.003876,9.940406,1.3734984,7.020484,0.09258093,6.392924,-3.086943,6.85998,-1.5318716,6.2557945,-1.5808212,6.4897294,-4.881458,5.965503,-4.259913,5.4369674,-1.2951262,5.8047166,-0.7533664,5.9384847,-4.4288716,5.1581235,0.32977176,0.30237782,23.618324864827915,0.033065559694272446,0.021363335641882263,0.064137496,0.040642947,829.2976290034491,1037.7963033485587,1553.5656058013255,112.34714673913044,jazz,jazz.00010.wav,clean
-192.5174,41.597614,113.18369,17.548838,-6.3730583,19.113462,39.593094,8.937842,-9.189579,6.8792415,17.204056,7.0612817,-19.1146,7.3710976,12.203582,6.41307,-15.475888,6.277639,9.702117,5.86906,-10.9617405,5.8855147,12.922776,6.8690424,-7.292178,6.201135,8.494464,5.6515837,-4.1659617,6.0949407,0.975543,7.7667856,-7.1334224,7.6873827,1.1970458,7.363772,-1.1769778,8.0768,-1.2938058,8.227707,0.3002093,0.2971185,22.34318394624899,0.07692054772155572,0.026831269059045988,0.07116985,0.03199497,1825.9751750083576,2107.9239766328146,4011.4924097208786,99.38401442307692,jazz,jazz.00011.wav,clean
-253.22859,48.4627,122.683266,19.014784,-5.6540437,22.82536,40.59252,9.813608,-5.8463955,8.111904,18.42774,7.994233,-16.653337,7.0394454,14.598945,7.447969,-15.162859,6.3753185,8.216918,6.510787,-13.890628,6.2939053,8.282561,7.1815805,-7.312089,5.8944817,5.423102,6.4917355,-6.3090177,6.6512794,2.789326,6.432976,-4.23507,5.6071963,0.53748345,6.230867,-1.4851407,6.1624618,-2.5387597,5.625009,0.36379892,0.28747922,21.28973607985704,0.06369991715847523,0.02166720355284784,0.0375109,0.01654663,1651.0000253804194,2040.7692527060574,3659.5112047697367,112.34714673913044,jazz,jazz.00012.wav,clean
-217.64452,29.84791,112.63787,11.77124,12.686544,11.044388,39.541504,7.81612,-9.824912,7.174607,17.383015,7.1719756,-12.365174,7.2841444,20.71796,8.97169,-18.302826,8.43867,16.35581,7.1781616,-10.025548,7.6869955,9.036939,9.330911,-6.8994865,8.6997595,7.310711,8.063186,-4.7856507,9.276699,8.571133,9.202673,-2.774218,8.992585,1.2789533,7.731467,-0.36045957,7.7916574,0.34737903,8.534617,0.31439632,0.29820117,21.003852076948693,0.061073326843072755,0.017872258389557135,0.055481903,0.0176271,1790.0061495977252,2312.9005895875734,4398.04840560299,99.38401442307692,jazz,jazz.00013.wav,clean
-358.30573,71.987915,137.95894,31.658592,-11.000713,23.68904,20.85169,18.579926,1.947358,11.774607,-3.4139953,11.451896,-11.520309,10.643872,-3.2774692,7.9953103,-11.020816,8.515541,-8.386407,7.0656805,-7.478809,9.018418,-1.0018492,8.457785,-6.738014,9.890514,2.3913643,12.493466,-2.6258183,11.885683,-0.2781389,13.256265,-1.4365344,11.773943,-1.6825632,12.175373,0.9089205,11.993686,4.435913,13.351114,0.19868675,0.29087692,23.88010104312566,0.06494254002999227,0.03403276585787961,0.039293658,0.03197367,1171.777849469535,1277.7354152116584,2018.9377917593847,129.19921875,jazz,jazz.00014.wav,clean
-200.01402,42.74209,117.22407,18.093678,-12.376733,21.946844,39.106846,9.748119,-6.360409,7.630697,16.528856,7.606001,-17.306795,7.964917,13.629066,7.123589,-17.661602,6.0343037,14.0300255,7.1683745,-10.206365,6.183822,12.1770115,6.8482494,-6.719636,5.9612913,7.73678,6.703691,-8.080098,6.504793,2.6364028,7.6391973,-6.6478405,9.19318,4.868258,9.850797,0.7024584,8.530411,0.46183488,8.974266,0.33295566,0.30148876,21.636619393061427,0.07357060577109133,0.025324927976429722,0.062368374,0.024967894,1782.477244864162,2061.9944761135116,3812.5852791517514,117.45383522727273,jazz,jazz.00015.wav,clean
-259.8296,52.810177,123.20836,25.86627,-6.4112997,19.132645,37.575974,13.564616,-2.9846904,9.069416,13.062033,10.428502,-14.09377,9.281755,5.3069134,8.536202,-11.979528,8.698792,3.5143046,7.2496095,-9.639545,7.292676,5.3404865,8.226058,-7.8407803,7.766356,3.2650988,7.9810066,-0.5539106,11.168539,2.8862455,10.481847,-0.02954092,10.662016,2.1029868,12.654927,1.1109307,11.701655,2.933883,9.794855,0.24948634,0.2959645,23.93813790792586,0.06986427897639319,0.0350008076259884,0.060589816,0.03571416,1465.5161216965353,1738.2788798895724,2820.98294190209,73.828125,jazz,jazz.00016.wav,clean
-233.09598,57.719727,105.91778,22.852732,-2.676614,19.853483,37.433624,8.871369,-8.178378,7.7875566,15.727415,7.083286,-15.066482,8.545632,8.377423,7.273685,-16.38041,8.718863,8.630883,7.305487,-9.384078,6.8699293,7.0930862,8.075259,-5.9991117,8.20528,1.9920868,6.481861,-5.7264166,7.374313,-0.9412961,7.885655,-6.9125566,7.9311814,-3.7720141,7.504711,-1.6410494,7.248531,-2.4500198,7.8520856,0.34533137,0.3035315,20.437207118529972,0.08418656576528638,0.04044397175385996,0.049848225,0.030662378,1934.5171207773403,2187.091434344432,4327.598831601926,215.33203125,jazz,jazz.00017.wav,clean
-192.12538,23.701752,105.58749,11.73241,-26.031012,14.541391,40.159424,7.8817377,-6.654979,6.1544633,26.496704,4.8628592,-10.388105,5.6466928,18.469723,5.945069,-13.995583,5.245723,14.937352,5.138612,-12.686882,5.001978,9.585426,5.391591,-5.1951475,6.1772356,7.8301735,6.589291,-3.8694518,6.8624144,12.349874,7.5507665,-1.117487,6.910112,-0.77768546,7.550809,-2.981298,7.4671035,0.35809556,8.005964,0.35340852,0.2962701,22.081850220528487,0.0877088422745743,0.02592100700553312,0.05222462,0.017741768,1992.9408896772286,2126.9618689886765,4247.190984483843,103.359375,jazz,jazz.00018.wav,clean
-267.28662,38.467632,129.05225,21.408413,-14.73706,19.158554,41.26877,11.465162,-1.0149711,8.337296,22.953379,7.073585,-8.132359,5.7461658,11.179749,6.4786267,-9.073574,6.3452497,11.318423,6.2117987,-5.499914,7.3159537,13.579102,9.0362425,-1.1755173,7.393698,1.8777983,8.702748,-2.711161,9.100616,3.2768624,9.360267,-1.5962929,7.708978,0.26421043,9.115103,-0.6178977,9.431134,4.506901,11.709297,0.248026,0.295503,23.29526992682135,0.05548416940789474,0.01969036391144513,0.050200842,0.016495796,1352.9901253634764,1714.8797848748588,2713.2835931453174,184.5703125,jazz,jazz.00019.wav,clean
-376.69403,57.5638,119.16358,19.806242,-2.9616616,20.972692,48.508884,9.627694,13.156193,10.315733,21.244488,9.148233,0.012301135,9.38436,8.008127,7.284782,-0.41269517,9.784705,2.3665779,7.048622,-0.03935634,8.031978,0.89695203,6.087493,1.6664361,7.51346,-0.13889249,8.655843,1.3513168,7.7381635,-0.17528975,9.000646,1.9937044,10.426312,2.7235878,9.653417,1.7619061,8.257356,0.4488515,9.208835,0.28933346,0.32227817,20.745089555941856,0.03297183388157895,0.022543183579161824,0.027123563,0.016731685,1171.3008454419294,1677.797951082974,2580.0593987337943,107.666015625,jazz,jazz.00020.wav,clean
-174.70403,37.07228,75.89945,26.102463,-12.7928505,16.542059,52.606617,8.339428,-29.416115,7.666306,22.748615,6.85484,-22.366758,7.494396,18.633335,5.5776067,-24.704725,6.7602496,21.168024,6.461888,-13.802683,5.224247,13.009406,5.6601133,-7.8598876,5.1130123,8.022094,6.3098054,-5.9713917,7.040359,9.527811,7.2428155,-6.0026174,6.6433764,2.3379807,7.558278,-3.3587654,8.27349,2.5073993,7.656701,0.43288732,0.2950254,20.701308641808318,0.1813991298616486,0.0860108218836192,0.047963757,0.020291056,2915.1352677290415,2420.4740701281185,5865.106201171875,123.046875,jazz,jazz.00021.wav,clean
-298.80795,39.404346,112.07821,19.763512,6.48577,17.920204,28.386517,10.287582,-6.7646794,10.054159,16.651894,7.8670626,-11.809684,9.060475,12.746783,6.992649,-8.347038,6.8838563,13.898632,8.018267,-4.235765,10.581264,2.319571,11.246448,-4.326794,10.99758,1.4079038,10.615365,0.714065,11.847412,13.479482,13.798046,9.419415,14.120811,6.914652,14.964541,7.877784,13.613033,-1.7827401,12.399585,0.20151573,0.2950798,24.225544110427414,0.05122229041698916,0.02508611207624593,0.050492767,0.027137207,1451.4983709587054,1919.9176506031831,3046.0899140443594,129.19921875,jazz,jazz.00022.wav,clean
-188.10991,40.359074,98.63331,23.243357,-11.278644,13.229332,47.21775,9.405881,-20.33315,8.030155,18.785868,5.8672237,-15.794505,7.1094947,13.689795,7.0599546,-15.45581,7.742724,17.430904,7.903152,1.0143803,9.798505,18.283552,9.909905,4.647218,10.817212,9.836633,13.225599,-5.497139,11.34035,2.1267319,8.824677,-6.255142,8.075582,-3.4161563,6.4493685,-2.9926603,9.147122,2.2102191,10.916754,0.2207792,0.3033722,23.039343913840213,0.08007358988003097,0.030433425990363205,0.08783356,0.029748106,1987.9269514759114,2100.0225453498792,4315.765569822707,86.1328125,jazz,jazz.00023.wav,clean
-202.60838,54.82161,105.84573,26.037933,-20.537838,22.942148,43.89796,13.088404,-14.2723465,9.3306675,25.29954,7.018612,-15.592006,8.288448,15.311661,7.8625116,-13.294727,7.6753526,12.276097,7.8755603,-8.764146,8.02211,10.158417,7.724696,-1.868105,8.063815,6.1886616,8.452274,0.21987689,9.339985,8.036412,10.5505085,-3.1621916,7.9492626,-0.4541885,9.222829,-3.5693424,8.32689,0.72203916,8.159373,0.3492004,0.30778757,21.383179864790375,0.0932473575367647,0.051010784801549636,0.058850657,0.028914437,2034.5791580612013,2084.706314728844,4342.948738783137,103.359375,jazz,jazz.00024.wav,clean
-237.66241,59.188488,108.30336,19.600945,2.0399823,20.306902,41.773727,11.932835,-10.451949,10.282127,16.930843,7.5858793,-8.600079,7.054344,12.78567,6.941318,-9.114532,7.535332,15.938528,9.757931,-6.518535,9.708759,7.1738243,9.970408,-8.2532625,10.259628,-0.20715974,10.006832,-8.692222,9.843689,-2.2442806,8.362131,-4.727633,7.036799,-3.5138726,10.324903,1.4635623,12.659147,2.414113,13.14212,0.26780388,0.31532586,22.523823376459365,0.0636243318256579,0.027135422933206903,0.06936076,0.038081534,1698.0690975377352,2065.8915080817146,3806.2603173979296,103.359375,jazz,jazz.00025.wav,clean
-414.14978,65.87726,104.844124,33.49358,-7.8215127,30.228014,37.8754,13.1977005,0.21377875,14.953433,23.427855,11.536473,-7.2741003,9.729338,5.7665963,9.746099,-1.0599749,9.317732,8.498607,7.193995,-5.490029,7.047462,0.8940591,7.056588,-1.4638128,9.448454,7.720704,10.153634,1.2548677,15.687052,6.03524,19.469622,5.2437243,16.938307,2.4281995,14.772215,7.604022,17.31924,9.802248,22.489542,0.20186247,0.30881694,25.334079917784287,0.05863569985971362,0.05430676235996627,0.03192383,0.017736925,1367.4115371823048,1638.8353781037429,2631.8257523764028,151.99908088235293,jazz,jazz.00026.wav,clean
-262.1244,44.280792,108.98235,15.101414,-6.3325515,20.109629,55.18973,7.5151534,-10.662287,7.411599,18.535446,7.5051847,-4.2509165,6.425588,18.561224,5.4434667,-19.706917,8.230823,17.57483,5.7417464,-10.982368,5.909888,11.932401,5.801536,-3.4279113,6.223699,7.197285,6.2990675,-8.854766,6.2954297,4.9730906,6.1612415,-4.0530725,8.151179,-0.11804506,10.440535,-0.8198281,10.26191,-0.6021668,8.979533,0.32528928,0.3085502,21.39716037056383,0.0626534382256192,0.02596363851920037,0.04059718,0.01584568,1769.401598572535,2113.48363433267,3966.7260137504836,143.5546875,jazz,jazz.00027.wav,clean
-233.75851,45.526382,108.46989,16.0801,-10.714609,21.395266,38.69959,12.186406,-10.764275,7.5242715,14.162392,8.842316,-16.258524,6.19885,10.3716345,5.8754945,-20.816319,5.87498,10.0704975,6.238563,-12.024098,7.4144773,7.7657723,7.5286517,-12.021537,7.86273,3.3820167,7.9293613,-6.3585634,10.280291,3.9780886,10.69769,-1.2818811,9.801355,-3.8250744,10.822838,-6.228565,10.62781,-4.948927,9.809189,0.27644315,0.2958782,22.988033417659537,0.07490468689531733,0.02379235314116334,0.048769686,0.02467407,1853.5659404817288,2095.7222669217967,4029.633966688032,99.38401442307692,jazz,jazz.00028.wav,clean
-232.99846,36.02605,93.82679,18.294367,-16.198395,16.522762,49.573948,10.071748,-13.947246,9.276947,13.494128,8.346061,-11.8284,6.7382336,13.29052,5.8467674,-25.828712,6.75569,17.37681,5.7200785,-13.317585,4.950067,9.2779255,6.047403,-5.4937844,6.745214,1.9250959,7.1343784,-14.404328,6.9297237,2.5919952,6.268725,-11.481819,6.9967484,-1.2296811,9.167815,-5.2042394,8.466744,-3.8765178,8.670164,0.3043397,0.30210525,22.159359158566726,0.09940416082140092,0.03194457158239107,0.036303554,0.013136529,2235.3440263233524,2259.025353378826,4683.438346555728,112.34714673913044,jazz,jazz.00029.wav,clean
-318.9286,50.20522,115.70397,29.080196,-23.042324,23.322016,52.599457,12.789551,-12.819439,12.009357,14.633502,8.279034,-8.213702,8.351743,0.30774957,7.713759,-23.876354,9.111145,10.8421955,8.289387,-9.591384,7.785746,7.4833236,9.355527,-4.242237,9.289524,2.9921114,8.687642,-4.3991046,10.345298,-1.0453873,9.684696,-5.395035,11.757675,-5.510678,10.118459,-6.9705253,7.729911,-1.7180661,10.261254,0.23504396,0.29929128,24.3126967814731,0.0846627533620356,0.05328118393171564,0.029602116,0.013239757,1687.2984527938816,1762.5515004488338,3353.5463882304566,215.33203125,jazz,jazz.00030.wav,clean
-237.4993,39.65367,115.943375,16.989613,-15.457233,21.454308,47.112404,9.198482,-13.510733,6.6740017,18.199331,6.439201,-13.97124,6.248014,15.334493,5.171956,-17.535894,5.4392157,13.420798,5.3537273,-6.230585,6.418867,8.634658,7.67896,-7.2484007,6.3559933,4.7821355,6.8772187,-4.3985643,7.637791,4.5109816,10.693995,-4.2662787,9.092593,2.329211,9.392023,-9.923247,10.524707,-4.3256035,9.054474,0.3110394,0.30604368,21.46261013000659,0.07241415017898607,0.030012671049944956,0.043587964,0.012984338,1752.8065045704134,1990.0376216269883,3733.4190911921924,112.34714673913044,jazz,jazz.00031.wav,clean
-305.4945,60.41672,121.9265,27.165424,2.5947757,13.688161,36.92105,9.229357,-8.559168,8.765295,17.905397,8.379091,-9.27087,8.526312,10.555924,7.450971,-9.937912,7.835197,2.309935,7.389216,-12.68508,8.356783,0.30534187,6.5469275,-8.61895,9.664403,2.5933344,8.417952,-6.9699116,10.824992,-2.9224603,10.000451,-4.6507382,10.256504,-3.2466338,11.212955,-4.4511476,11.720654,-3.968114,9.752328,0.2807769,0.31531164,20.725849448906178,0.06140930364744582,0.03409256535295288,0.04050316,0.023867823,1522.348449286543,1909.63459103801,3252.338666886368,129.19921875,jazz,jazz.00032.wav,clean
-261.7981,70.05786,139.52617,20.82912,-17.128895,19.342598,49.894917,10.79071,-5.868644,15.537204,19.853361,6.094448,1.8584793,11.247619,5.718643,6.9881887,-7.8311825,9.723939,-0.4173504,5.895534,-1.2528472,6.7913938,-2.1903841,5.3024535,4.465002,4.937767,-0.3117924,5.3013587,0.11012419,5.206913,-0.27918008,5.129749,1.9837531,5.8188534,-2.6391046,5.7069516,-1.1543754,6.185294,-5.369062,8.333206,0.27402082,0.31229976,21.079592301825443,0.042349706124226005,0.0204392451891489,0.06975041,0.04318438,1169.6513052388445,1498.7076899393878,2444.618551059404,95.703125,jazz,jazz.00033.wav,clean
-146.41248,53.371204,118.20678,25.18725,-34.67274,19.873169,58.787296,11.4304695,-14.969062,8.340607,34.30445,7.331095,-6.6033545,7.7553997,13.900938,6.7303753,-14.645583,8.720208,9.200514,8.436995,-11.337798,8.648438,1.097487,9.091038,-5.5033083,8.884285,-0.14809227,9.766375,-2.189994,9.179173,-2.7196238,9.552164,1.1250763,9.99095,-5.595059,9.266031,-2.7608356,10.000893,-7.1366487,11.606226,0.3116933,0.29972348,22.687031372731443,0.07934494727167182,0.04745797021033354,0.12998866,0.03993758,1759.5124735322345,1779.6060525998578,3574.070054754015,95.703125,jazz,jazz.00034.wav,clean
-261.8773,51.059456,182.53572,21.430923,-16.907091,25.531193,49.871548,15.117731,-1.2144475,9.543668,6.345548,8.223929,6.0023866,8.435398,-8.87311,7.44306,-10.31628,7.5467677,-3.2050645,7.8219485,-5.3718143,7.259785,-3.5495334,5.764897,-2.8916366,6.2487793,-7.471893,6.210665,-0.5367146,5.386072,1.1297972,6.5724,-1.982169,5.9799447,-5.232583,8.058752,-1.8658417,6.54313,-3.50232,7.3454556,0.26454055,0.29998168,22.1829777721448,0.03772993058243034,0.011496381304279784,0.09149953,0.035104938,844.1391584726174,1104.3000795068635,1608.9152711094719,71.77734375,jazz,jazz.00035.wav,clean
-196.84306,53.537746,152.79964,28.362162,-36.910046,25.266405,41.80352,16.657778,-8.70902,10.698334,4.415908,8.307172,-11.570121,8.424427,1.4324356,7.1828775,-14.735855,7.301551,0.4683204,7.381354,-10.17039,9.554538,-6.9220095,7.102959,-6.2524304,7.4598165,-3.7121272,7.585341,-4.5659947,7.1476665,-6.4165106,7.482904,-2.9002304,8.190786,-4.85339,7.792092,-5.8741407,10.200594,-9.119883,10.07634,0.32236803,0.29385948,20.870344323239635,0.09955948868034056,0.05652341898030394,0.08055791,0.034158155,1482.2909039482731,1412.343277319362,2658.97558820506,123.046875,jazz,jazz.00036.wav,clean
-198.46254,46.172176,140.68542,20.951948,-18.416391,21.174643,30.510448,15.0164385,-6.7052684,8.828272,15.720158,8.942255,-0.7331224,7.8741727,7.2968297,8.068979,-6.5850825,7.84859,6.07465,7.902573,-5.1329575,6.9556665,3.4482963,7.24738,-2.8441164,8.230117,7.178579,7.8494134,-0.3125017,8.412194,-2.0180283,9.508828,3.128348,9.437892,0.86733526,9.377065,1.5159483,10.7727165,-0.23433036,12.704763,0.28494796,0.30369657,22.42277452611961,0.05151291602167183,0.02037662576597452,0.106601134,0.04553051,1276.696257838458,1570.5673940298848,2468.626739218508,95.703125,jazz,jazz.00037.wav,clean
-179.59479,52.682804,124.327644,17.351837,-29.741776,23.065645,45.383682,15.751749,-10.188967,9.21546,17.7808,8.655018,-8.817682,6.9564843,12.764228,7.8195534,-10.756725,6.977773,8.615612,6.653032,-12.390897,6.4586415,3.3914454,6.893647,-12.018151,6.512081,6.511954,8.679878,-9.865381,7.3002386,-2.809282,6.266399,-5.114865,7.264251,-1.1965954,7.3492103,-1.8772842,6.772056,-5.6373334,7.102702,0.2856102,0.29716745,23.132718215645784,0.0664005811000387,0.02376858270754691,0.097780414,0.033796128,1554.3796467342138,1774.9284673984305,3216.538883362761,151.99908088235293,jazz,jazz.00038.wav,clean
-237.23965,71.56001,146.82582,15.517968,-24.444063,23.457058,64.27367,14.067769,-10.833981,18.178185,3.2591314,12.154092,-1.3375038,14.5504465,2.7255344,13.2924,5.168943,8.904454,0.39774078,10.643781,9.61138,11.694235,2.5067873,12.470268,3.1193674,9.701283,7.759572,8.633349,-1.5198306,10.627548,1.7340521,9.759333,0.7672745,9.629748,-2.4550922,9.764499,4.0099955,8.768951,-2.0024922,9.547819,0.24768117,0.30032614,20.76655539359318,0.0765237247242647,0.03379613765057276,0.082262956,0.03996414,1311.60693224442,1446.3946566783532,2724.9668558315598,99.38401442307692,jazz,jazz.00039.wav,clean
-179.7903,35.435658,147.7629,24.801456,-20.479698,22.523771,58.623974,19.698404,-23.80918,13.242435,2.4678254,13.457444,-3.195293,11.395036,-9.301368,9.363839,-5.7592354,8.623417,-0.4264562,8.90653,-8.36673,8.10633,3.102465,8.790288,-6.851183,8.431803,-4.3833656,7.832479,-1.1809789,7.4151564,-4.269698,7.30295,-0.5557314,7.85484,-3.5810242,10.448492,1.5018764,12.482418,-0.6082082,12.913531,0.23667088,0.30886647,21.907819634944364,0.0548605904121517,0.0245357977301386,0.13803996,0.036043637,1317.1069234804233,1475.3339718897473,2779.024862283524,99.38401442307692,jazz,jazz.00040.wav,clean
-216.31119,87.47062,134.98277,19.593714,-35.480675,29.459429,61.595497,12.388308,-14.545805,14.768514,11.046171,9.743469,1.2093089,8.594145,10.962497,10.048634,-8.294633,10.328481,-1.4437149,10.670538,0.1224874,10.550075,8.281558,12.299403,-4.578641,10.575058,0.567787,11.986155,-6.10236,10.002339,0.20412971,9.027407,-0.59292084,8.792468,-5.035705,9.37672,-1.2523044,11.013049,-7.2209473,12.183346,0.3082287,0.29916003,21.66435700474907,0.10063091077302631,0.046353907167635246,0.07821867,0.040809825,1617.8954526280595,1568.7957850534956,3104.056230196643,95.703125,jazz,jazz.00041.wav,clean
-206.78493,68.33607,141.83739,23.07164,-13.811611,23.038124,49.346706,12.662139,-24.811642,14.290349,11.820209,10.820748,-12.791096,9.917405,-16.55724,9.727777,-8.389539,8.027929,-1.2063178,6.6372094,-7.6506824,7.019234,-1.3711842,5.5370445,-9.346775,7.1471076,-7.500101,7.128457,-2.865562,6.826244,-6.141148,7.6554317,-0.94135696,8.2834835,-1.3060672,8.012794,-2.2506697,9.85458,-3.284735,10.045288,0.2852741,0.30121735,22.038270836542274,0.06121202592879257,0.02931408600564928,0.09952182,0.062769234,1344.4488685825504,1548.3944966389186,2772.541568153783,73.828125,jazz,jazz.00042.wav,clean
-173.28468,54.73893,111.695885,21.571672,-35.922306,22.926657,45.855305,14.427616,-11.438427,9.082756,19.691587,10.342453,-8.049166,9.459275,17.94719,9.510773,-8.94971,14.805271,14.695819,9.82225,-10.342502,9.016915,4.6709757,10.20047,-11.798713,9.402298,3.2452495,9.381081,-7.9869556,8.687375,0.087449856,6.83123,-3.5760612,8.202497,-0.43947515,11.77089,-2.1039734,11.746922,-4.8935866,11.452217,0.2537832,0.29813862,23.56943589668109,0.08566917206849846,0.02883563749806154,0.11171224,0.03793245,1760.2398025931382,1792.5429665134232,3460.5457412200076,151.99908088235293,jazz,jazz.00043.wav,clean
-246.97653,60.032475,167.98892,28.174637,-19.801535,24.980095,22.009905,14.278322,-0.7347985,11.718983,15.093262,10.08993,-1.2836858,9.544307,4.7284274,9.732487,-2.0619886,8.857751,6.532096,8.01933,-1.3844993,8.086942,5.6376348,9.202085,-0.28600574,10.541176,5.6525245,9.19747,3.1969109,8.906036,1.862163,11.587712,7.0115137,12.181217,5.044913,12.210256,2.4658363,11.339694,-0.8981092,12.796675,0.2766236,0.29971758,22.874734141476626,0.04966409878095975,0.02345245833390414,0.08642742,0.036635004,1004.9502771230315,1247.0395590509895,1811.8057109254064,103.359375,jazz,jazz.00044.wav,clean
-231.32324,53.56685,174.37616,19.11613,-19.74984,23.194712,47.375023,11.995713,-1.9767666,8.47882,6.666589,7.1441708,-1.1248577,8.022754,-5.4998245,6.2498827,-13.732546,7.6682234,-3.6929958,6.7720904,-6.3150663,7.0462565,-1.5051619,5.6945086,-2.6337109,5.769155,-7.269516,5.942234,-2.3065698,5.97897,1.0365751,7.9061923,-1.1124696,6.535349,-8.569706,7.570356,-4.047513,6.550003,-3.9144948,7.082249,0.27865592,0.3053763,22.195244554526877,0.04262597051567337,0.014531025576167603,0.100316875,0.035321653,937.3979933729282,1186.645772613314,1763.3143374794408,73.828125,jazz,jazz.00045.wav,clean
-204.23213,63.54218,147.5966,15.933861,-25.218628,22.724564,49.35425,10.783199,-15.650294,12.272352,2.7000427,12.947061,-7.8495536,9.462454,-10.64235,7.7575064,-4.7988915,8.932581,-3.6669722,8.635413,-3.5059485,7.5819297,1.5687526,7.3971567,1.472206,10.257693,-2.725492,9.6355915,-0.27923688,10.603165,-2.2208846,10.785648,1.5168805,7.9519725,-1.0502745,8.218156,-1.7688463,8.579176,-2.4751627,8.526839,0.250222,0.30070013,21.009131411002798,0.058650061072948914,0.020447560839816234,0.11051244,0.059103955,1295.2562362132712,1446.1021014116336,2695.375368100571,107.666015625,jazz,jazz.00046.wav,clean
-201.8075,46.381466,109.284294,22.756289,-15.505195,13.716816,44.283955,8.654711,-11.047105,7.67108,18.851799,7.1192923,-11.312692,7.368883,18.409912,6.2562065,-18.911566,6.1098313,11.226409,6.5216637,-11.899514,5.8124547,6.9697385,5.260401,-11.650191,5.5238104,7.0859737,5.7168527,-9.120557,5.980136,9.888988,6.8297434,-5.6546845,6.7078366,-3.324048,6.691238,-5.4509797,8.436221,-0.30501258,8.176273,0.35857597,0.3024224,21.657673927485476,0.09357350824787151,0.04409688147515413,0.05388066,0.023595426,1982.1284065663644,2144.992278612522,4262.482558684453,69.83741554054055,jazz,jazz.00047.wav,clean
-204.8289,40.602955,117.45068,18.124168,-20.939705,11.794762,42.00593,9.007468,-10.364102,9.460075,19.208967,8.817796,-11.633759,8.110865,7.984112,6.501601,-20.264105,6.9459467,8.785672,7.2576575,-11.69737,8.430016,5.1714864,8.995209,-11.238976,8.061338,6.061274,10.0151205,-5.141876,10.473661,7.8284683,9.637281,-1.191826,8.7033,-1.0728695,9.059239,-3.1602397,8.761619,-1.5336096,8.519134,0.28263187,0.29522076,22.574323515480476,0.0792973285119969,0.025587165006959588,0.05864249,0.01998443,1748.0333593267524,1947.6675290439239,3684.56105329673,129.19921875,jazz,jazz.00048.wav,clean
-165.46796,57.539486,87.24911,30.441158,24.815533,23.95092,28.417309,16.861963,-2.7805507,12.069844,-1.3317888,13.953784,-14.06644,12.232794,-4.747462,11.108633,-19.206074,9.844868,-0.59286386,15.477581,-11.947256,9.6107235,-8.335517,9.151771,-8.235879,7.917154,-0.42448318,9.856771,-6.424987,10.889331,-1.5306295,12.790228,2.0240119,13.805197,-0.4465538,11.484669,-0.9040556,11.773665,1.5472667,14.608139,0.20990236,0.30771822,20.56425822298836,0.06479514863099846,0.04402998115700122,0.18441704,0.090602525,2050.136011182281,2467.178066274356,4564.072401678599,184.5703125,jazz,jazz.00049.wav,clean
-55.19004,31.715857,77.47864,18.556017,8.272335,14.684584,31.560974,10.832548,11.512486,9.39847,11.753404,6.953135,7.877706,6.8003616,13.5176115,6.0339293,-2.2645762,6.1899805,5.6161685,6.7982826,1.4572818,6.8157907,7.372973,5.846748,-0.92715424,5.3777037,1.6434429,5.3163466,-6.0775332,5.325953,1.2362773,4.9879146,3.2791789,6.0025167,2.9196072,7.484191,2.4114404,7.7568345,1.940294,6.472365,0.41037485,0.2892525,17.446845832098695,0.08078258030185759,0.028326074518788227,0.19042452,0.028103214,2482.069759803357,2759.667879024035,5794.8316261126165,151.99908088235293,jazz,jazz.00050.wav,clean
-260.89798,70.611595,138.52455,21.156857,-16.351122,18.56076,49.150703,10.55286,-5.258575,14.810738,19.354553,5.919561,2.2062228,10.856157,5.555695,7.0457754,-7.8772125,9.537167,-0.19809215,5.8686085,-1.6170182,6.882626,-1.7220757,5.269655,3.943696,4.911159,0.2398596,5.262176,-0.4268878,5.328855,0.23164408,4.911966,1.5121374,5.9269333,-2.2414095,5.5658913,-1.4566265,6.1273847,-5.157089,8.35653,0.27403566,0.31227317,19.568604494510634,0.0424521242501935,0.020346408450458972,0.06975202,0.043183833,1193.8785302218291,1559.7834084541564,2480.734999334849,95.703125,jazz,jazz.00051.wav,clean
-91.2162,46.764404,82.6024,24.311476,12.171334,16.43852,36.692253,10.55724,-0.83736455,11.584266,13.41514,8.072135,5.6200523,7.4432855,9.662233,5.46561,-3.7782636,6.382005,1.8234931,6.6303434,1.545975,6.339906,1.2873137,7.4594307,0.82279134,6.120814,4.3992186,8.205196,0.5553938,7.7893553,3.8112535,7.7068267,-0.35386616,7.3018856,0.23312406,8.474734,1.8074713,8.809161,1.7372178,7.1437426,0.3661007,0.3029638,19.466203313210357,0.0774182771381579,0.0445108259656936,0.18859367,0.06745076,2291.4059616944,2593.4073695762804,5247.384936447852,107.666015625,jazz,jazz.00052.wav,clean
-141.08891,55.91953,110.76341,29.77425,-27.475183,18.83795,51.973927,10.081753,-8.664053,7.0374846,28.615349,8.092078,-1.6129185,7.1480284,9.6620865,6.8587804,-11.183889,7.673096,6.517714,6.6543818,-9.409994,8.292708,-0.121636644,8.0545225,-4.9299374,8.580237,-0.15413314,9.61848,-2.6613839,9.194492,-1.862525,9.315925,-0.023488237,9.911319,-4.2459736,8.986423,-4.2238703,10.03909,-5.637206,11.560941,0.31170988,0.29971287,20.35057031429959,0.07951917146381579,0.04778169133845097,0.1300118,0.03995832,1804.7156340756278,1861.8373889224913,3646.536283227312,95.703125,jazz,jazz.00053.wav,clean
-260.35196,51.375267,180.60806,22.190632,-15.362777,24.743876,48.56042,14.313479,-0.07432748,9.088181,5.4342794,8.236591,6.5999103,8.402059,-9.153326,7.161018,-10.28985,7.221664,-2.9884071,7.6183395,-5.8230543,7.2379823,-2.9312968,5.6802907,-3.617783,6.188019,-6.6764126,6.1028333,-1.3511277,5.4672008,1.9006735,6.689951,-2.685754,6.035482,-4.6111813,7.8504972,-2.3806973,6.6704416,-3.110714,7.2361255,0.26453978,0.29997715,20.454804175864044,0.03778284031540248,0.011459652741058646,0.09149874,0.035104275,871.7686824803111,1205.5205436136878,1632.7901267414861,71.77734375,jazz,jazz.00055.wav,duplicate
-38.042522,35.875725,64.98809,17.684433,14.297374,11.233511,21.284706,9.3213825,7.5019083,7.3709507,6.3721075,7.0000157,1.933678,7.6624627,6.556061,6.932142,-2.9327826,6.8196993,5.597701,6.995741,2.5014198,7.3468876,3.0295463,7.989761,0.60874254,7.8800926,1.9923112,7.6095543,-1.7813993,6.7023053,4.5158715,6.452964,0.0603012,5.799113,-2.0403485,6.193194,-3.8632624,7.9350944,-2.045601,7.796268,0.37253195,0.29752338,17.971411536478197,0.11482508042279412,0.04388729435354578,0.19823949,0.04644267,2978.340196118377,3036.40644175023,6863.166832702448,123.046875,jazz,jazz.00056.wav,duplicate
-248.10942,56.893105,125.98793,20.031738,-12.599597,22.260925,30.244165,11.973859,-1.0903058,10.145097,-2.2130058,8.955614,1.9470434,7.351547,0.25160483,7.2000675,2.6987665,8.658445,-4.426094,7.5815563,-6.4816456,9.754995,-6.51706,7.3281045,-3.9940166,8.3697815,2.3482583,7.555471,0.36170593,7.7752733,-4.0673127,7.003702,-1.5211642,8.532466,-3.5300016,9.716657,-6.192057,10.664285,-7.346031,9.534592,0.23403837,0.30438185,21.89293807883574,0.06180650457140093,0.03635613276363216,0.07812967,0.04779489,1377.9769900941744,1773.537104860026,2583.9510418682275,95.703125,jazz,jazz.00057.wav,duplicate
-190.51927,55.473866,143.9857,30.800098,-28.421675,23.746527,33.79344,14.664434,-1.2972339,8.735257,-2.301527,7.334411,-5.643836,7.198365,-3.6400135,6.2556925,-10.529327,7.127783,-2.8581393,6.670791,-7.707229,8.909249,-8.583432,6.824298,-5.3038983,7.5220466,-4.025823,7.6116047,-4.786987,7.235488,-5.7614465,7.5169463,-3.8844845,8.062304,-3.6434102,7.820036,-7.224798,10.227453,-7.6945863,10.06474,0.32237765,0.29386267,18.4965209235262,0.09965699375967492,0.0564153885211254,0.08056084,0.034157574,1546.508468476633,1581.2424965818198,2723.583530863003,123.046875,jazz,jazz.00058.wav,duplicate
-179.3741,64.81235,114.49272,28.949709,28.196646,22.791487,35.979305,10.332345,11.041098,9.429156,12.684317,8.99321,3.8171391,8.342751,8.518316,8.359772,-0.014726858,10.650019,5.4623322,8.679657,1.0599641,8.349354,2.632229,7.2432017,-3.7399514,8.319434,-0.29827717,8.852257,-0.73307276,9.007446,2.5585303,8.687796,0.18569829,9.0241,1.5453789,8.871314,-1.2458051,10.140632,1.3971,9.666641,0.31734145,0.31947982,18.940244501353988,0.03827792424535604,0.027069492176961425,0.18266174,0.07040805,1397.4044755755383,2136.074872989545,2932.4989342468075,107.666015625,jazz,jazz.00059.wav,clean
-190.39607,48.44907,129.50664,23.59009,-7.83752,20.971333,20.721296,14.09921,2.1918201,8.02303,7.7923746,8.079978,6.1902175,6.801381,1.3512999,7.4893284,-1.59206,7.3094144,2.0195136,6.9676538,-1.9929141,6.5117803,1.1642935,6.6848297,-1.3514087,7.8118286,6.4100657,7.6496797,-0.2019435,7.9858313,-1.5658294,9.49894,2.241673,9.255059,2.0431108,9.359729,0.1735425,10.68673,1.1741321,12.774733,0.28497162,0.3036874,19.67321035341003,0.052423719282120744,0.020810923822698415,0.106615424,0.04552915,1428.0387423978177,1887.5348651112279,2730.5418221205014,95.703125,jazz,jazz.00060.wav,clean
-23.235779,36.968575,82.91702,16.777876,2.0489414,15.056885,29.505756,9.759755,6.599293,7.1402555,6.4949236,7.313947,-0.69669986,6.884385,6.1728396,6.814528,-3.422003,6.638826,5.594521,6.5140214,-0.37699124,6.084682,3.266179,6.2704287,-0.20612174,7.0422544,0.31981882,7.1084213,-1.6405317,6.462338,1.47838,6.1535416,-5.3323555,6.525423,-0.037779085,6.015173,-1.0947468,6.5765734,-0.042596113,7.4001145,0.3702115,0.29088974,18.432334678467768,0.09449413760158669,0.03362244966486635,0.23234327,0.037607085,2456.2698596396212,2654.9023182833403,5466.591944266399,172.265625,jazz,jazz.00061.wav,clean
-168.12323,54.142513,108.27153,18.770966,-14.1499405,23.80942,30.457626,14.775895,3.894506,8.46977,4.6765637,7.6217194,3.1879177,6.6665263,1.9276346,7.00314,-1.1426724,6.774965,0.23471797,5.953602,-5.2468896,6.1981163,-2.5546734,6.143224,-7.2195997,6.135872,2.7779322,8.818018,-7.115771,6.8167186,-4.6758766,6.029432,-4.034606,7.396189,-1.612677,7.1016474,-2.0187654,6.7826605,-5.0494366,7.040338,0.28565454,0.29715812,20.31005540162771,0.06752226743904799,0.024040103248219986,0.09780148,0.033794496,1725.6345298073745,2091.1137406659923,3504.7121408184985,151.99908088235293,jazz,jazz.00062.wav,clean
-51.34779,31.94633,85.20031,14.919915,3.6435585,15.606611,22.86177,7.9854393,-1.5293607,7.5864906,6.1102853,5.7821493,2.4109144,5.3846393,3.644935,5.524294,-1.863228,5.679152,4.3669353,6.0106106,1.0871078,6.1003294,0.7797648,6.8562665,-0.73646325,5.8096805,0.4121071,5.4167113,-3.3764596,5.9132743,1.4221644,6.765252,0.40555272,6.9481025,3.6520278,7.507682,-1.3677119,6.850663,1.2190788,6.6235757,0.3805404,0.29657617,16.986026695818257,0.09815057807662539,0.03078821560006177,0.16229047,0.039159276,2475.6009489427947,2687.0691133944065,5544.583139330979,123.046875,jazz,jazz.00063.wav,clean
-69.50922,39.183567,125.97758,17.578836,-5.1732893,18.25358,30.769236,7.9115887,8.304397,6.603186,5.081252,5.775462,-3.9214041,5.6378284,5.376409,5.7038593,-10.774684,5.403391,9.034488,5.147345,-8.263985,5.674053,4.7895856,5.7382665,-5.1241627,6.0843754,2.2106647,6.0016413,-4.779985,5.6015186,0.62303174,4.869011,0.03162736,5.081186,1.2315758,5.998138,4.0309205,5.853754,5.0856667,5.6908927,0.37970966,0.28664103,18.567516989076694,0.0558798586251935,0.014763534176940473,0.21197514,0.045687884,1575.4538722228804,2069.892648862584,3341.013130684017,99.38401442307692,jazz,jazz.00064.wav,clean
-235.67885,72.692154,144.76765,17.09712,-22.600695,22.238768,62.560963,13.164456,-9.326273,17.149652,2.0168684,12.074396,-0.34364972,13.953939,2.0165107,12.868347,5.5604534,8.711293,0.3043603,10.484465,9.439982,11.712439,2.892706,12.350867,2.5626411,9.705423,8.452764,8.605185,-2.310429,10.745948,2.56754,9.741785,-0.07064004,9.707013,-1.6368351,9.665245,3.2509475,8.700325,-1.3214444,9.546175,0.24769276,0.30032644,19.022007933891427,0.076529393624226,0.0338244621854336,0.08226342,0.039963868,1338.236232909598,1518.9947756333786,2755.6916700428114,99.38401442307692,jazz,jazz.00065.wav,clean
-117.8876,39.375267,122.55041,26.904936,-13.149182,14.63121,26.755905,7.849729,4.313922,8.9108,6.866731,8.631606,-6.8144403,6.6046696,-0.33922073,7.403871,-8.199784,8.657102,-5.0079026,9.546372,-4.495015,10.013683,0.12167708,11.293285,-4.6518903,10.435133,2.8487961,9.604777,-4.971283,11.703156,5.5497994,14.135607,-1.2209272,11.423082,3.5765634,12.148487,-0.34301418,11.551077,0.49348426,12.415877,0.2589833,0.2905889,21.803096530456664,0.08824663191756967,0.03142804304019163,0.17267226,0.03940552,1579.0127661124434,1853.546003786506,2967.2070577048667,129.19921875,jazz,jazz.00066.wav,clean
-177.27713,36.34207,144.32156,26.671106,-17.265924,22.286201,55.686035,19.680431,-21.2419,12.269741,0.35280412,12.86989,-1.5769508,10.862285,-10.402746,9.124178,-5.1764717,8.764295,-0.5141812,8.466174,-8.736716,7.831399,3.868864,8.651918,-7.953766,8.300195,-3.0112581,7.7707453,-2.744769,7.506116,-2.610157,7.18732,-2.2276328,7.8204775,-1.9513521,10.486495,-0.024020074,12.3785925,0.7622671,13.145252,0.2366899,0.30887368,19.68202117424752,0.054945623911571206,0.024877625231782788,0.1380443,0.036039393,1354.091907708369,1566.788757468746,2830.5412174378384,99.38401442307692,jazz,jazz.00067.wav,clean
-204.39252,70.133545,138.57968,26.316895,-10.791186,21.066082,46.552383,11.132002,-22.306915,12.088848,9.692935,9.483115,-11.09484,8.32581,-17.79885,10.24641,-7.586271,7.779452,-1.6000779,6.3936467,-7.650327,5.9010406,-1.0194095,5.5481873,-9.977279,6.689276,-6.6626024,6.944434,-3.8579152,6.761322,-5.062098,7.325438,-2.0349169,8.610361,-0.2698917,7.8710575,-3.1960154,10.097558,-2.4486814,10.055337,0.28527668,0.30121318,20.018354635430388,0.061230544335332815,0.029297360379693944,0.099523455,0.062770024,1382.7307308073396,1642.9065020667172,2832.566205193015,73.828125,jazz,jazz.00068.wav,clean
-159.2706,55.682686,92.04842,22.923265,-16.75185,23.143156,27.393675,14.917077,6.1041913,8.910956,3.2399652,9.971093,7.1759634,9.371581,4.0307016,9.82144,3.5977046,14.263104,3.544096,9.76702,-0.5867414,8.597643,-3.7236729,9.749162,-4.721016,9.412075,-2.58986,9.322859,-3.304094,8.379495,-3.5473342,6.707886,-0.8847746,8.266577,-2.310454,11.358193,-0.9463081,12.095053,-5.453007,11.196256,0.25388348,0.29814628,20.614460802689084,0.08743219995646284,0.028978569800943755,0.11175289,0.03792877,2009.8139341354786,2227.04987536481,3910.6930192410023,151.99908088235293,jazz,jazz.00069.wav,clean
-237.90088,61.372303,155.81622,31.23801,-9.225844,24.512512,13.1981125,12.607346,6.609401,8.880466,8.891292,7.998841,3.9802098,7.158108,0.24934213,7.8408446,1.7425677,7.251055,3.3538349,7.007577,1.1899072,6.7835617,3.630348,8.612681,1.1625514,9.795529,4.7921743,9.27455,3.4717696,8.548243,2.0584624,11.100605,6.528012,12.369794,5.6560874,11.760087,1.8122178,11.445372,-0.24609299,12.761878,0.27664107,0.29971614,20.562993561314865,0.05003635654508514,0.023468163480936752,0.08643475,0.036649115,1117.5098786077247,1545.4654904671056,1957.1131656044408,103.359375,jazz,jazz.00070.wav,clean
-228.39198,55.235775,170.40265,20.938803,-16.07386,21.324972,43.96471,10.535926,1.1009046,7.430461,3.996799,6.900651,1.0781353,7.876183,-7.204605,5.5126195,-12.514963,6.859207,-4.4187326,6.3374267,-6.0696063,6.4046164,-1.3367636,5.869603,-3.1518419,5.770756,-6.473728,6.023826,-3.3002408,5.953163,2.155403,7.9359903,-2.3049686,6.491963,-7.364892,7.4879885,-5.195212,6.666049,-2.8603556,6.9758906,0.27724737,0.30431017,20.21756639116039,0.04257495041602167,0.014509823477799439,0.10031754,0.035322137,971.5475880069571,1301.6522166682134,1795.922473635836,151.99908088235293,jazz,jazz.00071.wav,clean
-202.82193,64.45369,145.73984,16.829155,-23.568312,21.580725,47.84978,10.280909,-14.344828,11.139387,1.6427219,12.5731535,-7.0651684,9.065203,-11.1300125,7.647737,-4.5997396,8.763165,-3.6073794,8.510728,-3.788098,7.505847,2.0468264,7.394918,0.8436292,10.275155,-2.019152,9.57565,-1.0314072,10.596626,-1.4507908,10.725396,0.78107613,8.07626,-0.3952421,8.107184,-2.3347764,8.656896,-2.0125751,8.415025,0.25022087,0.3006899,18.907486613905782,0.05873471664570434,0.0203656481525029,0.11051283,0.059103493,1336.3698511878918,1554.5046777257078,2751.675027664232,107.666015625,jazz,jazz.00072.wav,clean
-84.05435,43.966354,63.061363,17.206638,5.6391883,21.491482,24.92485,9.906046,6.21167,8.267868,-2.9040577,8.556128,-0.3640593,7.5379667,-1.0757003,7.138799,-4.244647,7.218025,-2.3303053,6.0302134,1.5680953,5.9549546,1.9355129,5.920159,1.5438601,6.543707,-4.4644966,5.264633,-5.300864,5.7500663,-2.9940894,7.1937265,-2.8913958,6.9098353,-3.3203404,6.920906,0.32845324,7.1913605,-3.9741752,7.7893653,0.33237413,0.29893088,19.282969107074496,0.1297546953608746,0.043444804349418525,0.13311215,0.057108838,2968.60250464515,2922.5207113909246,6416.76119872291,112.34714673913044,jazz,jazz.00073.wav,clean
-149.19681,63.837368,79.0861,27.457115,2.0091481,28.63037,27.607025,11.22766,0.31506646,10.42856,1.7276528,8.535494,-3.6130915,9.186724,-0.16500689,6.8249335,-5.0356708,6.537673,1.2518125,6.259373,1.146215,6.3368263,-0.6187954,5.9653015,1.8201314,6.9562583,-2.0573413,5.746501,-5.999064,5.994525,-4.919182,7.1376343,-3.9601035,8.281053,-3.5674086,7.998699,-0.85716903,9.154193,-2.1819913,9.506386,0.29495355,0.30272287,20.881744765174314,0.09557311822755418,0.042826117392090725,0.112695016,0.07020984,2414.857050479083,2552.5429673290614,5135.260614448288,83.35433467741936,jazz,jazz.00074.wav,clean
-78.2242,40.55102,63.21851,16.917934,-1.6562833,20.258236,21.022593,8.464369,4.470186,8.750405,-3.5898204,7.2354345,-1.5619467,6.650162,-3.0696394,7.5354424,-6.07829,6.123249,-1.9560667,5.909121,1.7820154,5.906778,-1.2156535,6.58504,0.9424572,5.5008726,-2.5629067,4.920056,-7.7692623,5.6722794,-5.9337397,7.449113,-3.0165126,7.6330543,-2.46196,6.5997295,-1.0239958,8.777409,-5.111242,9.674338,0.29375893,0.29349956,20.034776525185908,0.12654912139609134,0.04441345215185112,0.14682163,0.064306974,2902.8282153333053,2855.1189518850565,6198.312519652187,103.359375,jazz,jazz.00075.wav,clean
-154.29288,57.90204,110.68495,22.559677,-22.299717,27.375137,21.146955,13.229787,4.267235,10.495524,4.7490644,9.165308,-4.0923247,8.469403,-1.0206659,7.1804276,-6.4128003,9.479079,-9.245782,6.7232084,-3.6310499,5.9953327,-5.503034,5.859662,0.5368919,6.5105653,-0.51163757,6.031403,-4.807277,5.4432435,-11.2095585,6.52711,-3.9384496,5.48381,-1.4645187,6.8661447,-4.413699,6.6783633,-10.600423,6.84896,0.30312133,0.2949647,21.792530370313106,0.06871462606424149,0.02770287215460793,0.119166136,0.05486709,1733.583196998827,2068.043895852972,3379.546231012964,117.45383522727273,jazz,jazz.00076.wav,clean
-77.089676,39.87126,64.52771,21.823551,-2.8485148,17.539274,28.53128,9.426487,4.684905,8.661528,-2.8145123,6.67957,-5.947363,7.784368,1.8981452,5.636428,-5.2051053,6.576914,-2.3232338,6.007591,-2.939537,8.3781805,-6.148102,7.2738013,-0.7635443,5.842874,-4.4824996,7.398834,-4.159946,7.0461035,2.124515,9.946873,0.8419235,9.006683,-2.6640372,8.371176,-3.3218763,7.786157,-8.301835,8.5150175,0.30749902,0.29643664,20.14405721962002,0.13090245863970587,0.03793853689999331,0.14569664,0.05533127,2777.976524524572,2691.2404901834752,5813.648178998162,184.5703125,jazz,jazz.00077.wav,clean
-141.49684,59.87349,70.90452,24.353771,-0.52323145,25.155525,33.573048,12.609295,1.4106365,11.210481,-9.186746,11.679872,0.7554331,7.9113164,0.5403757,9.160141,-9.192057,10.018083,-2.5710378,8.1496105,4.0803123,6.3574524,-2.218427,7.8993278,-0.69174725,6.370471,-0.82226485,6.9288836,-6.4834576,6.676869,-5.997157,8.414516,-4.243969,9.067837,-3.2427416,8.214545,-4.072898,8.339933,-6.5609474,10.035437,0.26615047,0.29836538,21.22470559020022,0.09583048628579721,0.03754695804986568,0.11916368,0.06588009,2503.139918026569,2598.4802162770143,5155.093827852893,80.74951171875,jazz,jazz.00078.wav,clean
-163.53947,30.906681,65.97194,22.41832,5.3612895,13.438852,41.897198,10.866329,7.0257664,8.45627,5.5014386,7.656916,8.930416,8.049272,2.6784525,7.026784,-0.18257855,8.000464,5.155423,6.558649,10.491717,8.580425,3.329865,9.31059,3.8408947,9.76276,2.5506477,8.564269,5.6973057,9.089651,-1.0907345,9.792922,-1.7849189,9.896698,-5.19906,7.808696,-5.654559,8.291388,-9.76699,9.679183,0.33828345,0.29084402,20.459580620007866,0.1078761428502322,0.037143322475382066,0.06984886,0.019650148,2634.319273980018,2728.5025076868055,5562.633030185759,107.666015625,jazz,jazz.00079.wav,clean
-117.24632,40.276615,56.99422,16.72587,-2.109928,10.258207,35.616062,8.852742,4.713422,8.9081545,3.890102,6.0194616,11.592064,6.7119308,6.078704,6.012383,0.5825714,5.9466786,2.2747371,6.1633034,2.6996386,6.6079497,-1.8503127,6.405052,1.6808271,7.5105977,0.3939449,8.672282,2.0524461,7.9547977,-1.1958259,6.7161098,-1.066449,8.9612255,-6.282375,8.739187,-5.3911533,8.064386,-4.8702927,9.071324,0.3703903,0.2835801,19.639392030402707,0.14035780584849072,0.03568399011356322,0.0757338,0.019160625,3029.035019092715,2828.8683421725436,6201.412500907024,135.99917763157896,jazz,jazz.00080.wav,clean
-228.37154,53.67492,67.53677,24.082285,37.07984,17.795279,21.325258,10.913753,17.058424,7.723554,10.142423,6.5910945,10.776463,6.703859,8.010919,6.6147194,2.0421867,6.4543715,0.2971386,7.0868573,2.4991302,7.4260025,3.8471441,6.327367,1.5821794,7.3217216,2.832255,8.118368,0.04377562,7.3286138,-0.19756235,6.287476,2.3157344,7.5621896,3.2987053,7.9254975,4.046379,7.0707603,-0.1898743,6.7851157,0.44186088,0.2964315,17.916859154947918,0.10014829842298761,0.06212766672337261,0.043215886,0.015516095,3027.140362803872,3302.676301855675,7278.83931918779,117.45383522727273,jazz,jazz.00081.wav,clean
-158.2061,66.02717,49.602417,25.72549,21.594702,18.376617,16.516554,9.766797,11.422575,8.534672,6.259136,7.0699344,5.633524,7.060982,-0.19963433,5.746611,-0.24266578,5.147936,-1.9968203,5.5099716,2.0229387,5.8792195,2.6891398,5.66881,-1.4565204,5.374229,-1.8059658,6.028661,-1.8253204,5.855961,-3.3063495,5.3840437,-1.5225008,5.810438,-1.1878133,6.156152,-2.9898033,5.8093367,-1.8677343,5.067066,0.40154165,0.28697264,17.028700280839182,0.20684871142124614,0.10547509795840737,0.047840312,0.019113017,3906.2972143441307,3328.954589433915,8037.609731006917,99.38401442307692,jazz,jazz.00082.wav,clean
-126.01213,44.376926,56.60823,22.01576,23.495506,21.321302,23.700129,9.711054,-0.30365482,8.044332,7.1513724,7.815665,0.16874303,7.922158,-0.8434281,6.863022,-4.156273,6.799992,-1.8949323,6.568543,2.5230918,7.196537,0.52811253,5.944987,0.92665267,6.181286,0.042565737,6.1652102,2.9119654,6.947468,0.12040472,6.5607624,1.3131231,6.2642593,0.37778202,6.2581215,-6.133195,6.3135166,-4.948555,6.332887,0.42909396,0.28515646,18.15317976856265,0.14970204261803405,0.06094072032422024,0.074288204,0.023502482,3393.857478271707,3147.780755442214,7235.039584038796,107.666015625,jazz,jazz.00083.wav,clean
-178.09238,50.038673,61.942627,19.260643,1.4681729,17.899202,36.04594,10.396455,7.5810137,9.565381,5.1538916,7.597252,-0.9176271,7.072592,2.9412882,7.264452,1.4490774,6.0651746,2.1342268,6.983155,5.1702733,5.1221466,2.0257974,5.75025,0.5106884,5.9712086,6.528254,6.2916794,2.6033716,5.625001,4.8549476,6.913082,7.9310346,7.056564,4.5274725,7.0707135,-1.6060568,7.886023,3.7312236,8.495554,0.39294958,0.29437485,18.622067037913997,0.11833828669214397,0.05503498699285616,0.051637337,0.02152692,2874.7793906046186,2802.5978547939376,6138.46288155476,123.046875,jazz,jazz.00084.wav,clean
-131.93135,45.454372,61.59087,22.685814,-12.654589,15.32463,35.085182,11.895948,-2.1272988,9.112964,-0.94919276,9.26758,-4.837914,8.947121,-4.1055217,8.749376,-3.2856128,7.457354,2.4962208,7.5871253,6.411373,6.988269,3.4233513,7.669584,-2.8839264,7.623167,3.2295115,7.8259106,-1.3421866,5.853285,0.86595935,5.977503,3.6739,6.4998612,0.6368783,6.4633975,-0.36149603,7.841046,6.3308907,10.024171,0.32550377,0.2959477,19.300822440952302,0.1475769609858746,0.04777080325198311,0.07136117,0.028194612,2861.0669041187775,2566.5628642485667,5606.249433110004,80.74951171875,jazz,jazz.00085.wav,clean
-156.61226,45.70199,22.763254,27.987726,10.495276,15.422921,24.156204,10.77404,10.143045,10.090189,2.9696467,8.652364,2.4915147,8.802054,0.48371968,7.979377,2.6910138,8.321745,1.2310426,9.256948,3.3316617,9.820637,-7.8197894,8.267258,1.1087779,9.354813,1.8791414,9.813108,2.3311465,9.1177225,0.72104543,8.395366,2.9955826,9.332249,1.0147957,10.40405,7.6109095,10.730768,-2.0537126,8.341548,0.33742595,0.28285366,19.99187018649456,0.2617017433001161,0.08808942624777892,0.052408926,0.020316938,4136.053468579488,3220.9346750305085,8258.125064247533,135.99917763157896,jazz,jazz.00086.wav,clean
-341.018,85.17031,89.85991,34.320854,44.511982,19.993744,28.827593,16.357512,16.317823,13.847762,10.590869,13.1799,7.000736,9.73306,0.8200661,11.255189,6.097488,9.97197,7.125774,9.469771,5.411661,8.684675,2.735858,8.814288,9.361676,7.164631,5.570951,4.8082733,3.7773476,4.4231052,3.1608663,4.23078,0.28721154,4.430829,-1.371824,4.4950614,-1.5763365,4.022664,-1.9849612,4.2949924,0.34191462,0.32081193,16.76896916720042,0.04282929506095201,0.029168127310344284,0.04579199,0.03449992,1845.8761145516376,2730.8698084088583,4330.4238145196405,135.99917763157896,jazz,jazz.00087.wav,clean
-192.50781,55.11416,80.95126,21.205656,25.701668,21.466263,18.534098,10.679465,14.171379,8.92185,1.265469,9.032091,4.0929475,6.624981,-1.416841,8.344035,2.6607606,9.140304,5.2351847,8.510944,3.7162201,9.090335,0.2937416,11.767323,7.3394523,12.022224,0.8875506,11.059683,-1.222707,9.292606,-1.3455075,9.483547,1.1447127,7.6141033,2.6570992,8.3569975,3.2115808,11.404389,-3.0025358,11.710739,0.29106042,0.30956638,20.0734278791784,0.06904795738196594,0.03236378008979239,0.09153846,0.03877003,2428.6412687077973,3007.4099703213597,5927.730822489358,129.19921875,jazz,jazz.00088.wav,clean
-322.49924,50.016747,90.65098,24.783588,27.027184,16.641052,37.856743,12.682043,19.709015,7.908317,4.6093187,8.665318,3.070613,8.202751,7.9708104,7.9712234,1.9372374,8.713225,2.0878365,7.68372,0.44746554,8.984248,4.8929596,7.1688623,13.060922,9.365223,0.41256228,11.92626,-0.72146434,10.276375,4.703701,9.379168,1.2312222,8.471531,-3.745362,9.106712,1.6888138,9.042308,0.39244723,9.054512,0.28040653,0.31191105,20.78716777984132,0.06275774598490712,0.05818168689811737,0.04502918,0.028519806,1787.936479244805,2485.6819876272198,3905.668049626306,117.45383522727273,jazz,jazz.00089.wav,clean
-217.62901,41.283325,105.62874,21.700018,19.315361,11.55339,28.35325,8.394642,8.654835,6.9338593,0.14365205,6.828608,6.3657665,5.5209713,-2.5397053,6.0465055,-12.996928,8.379093,-11.149584,6.245324,-6.152888,5.5478745,-7.734215,5.8367443,0.42279667,4.9084787,-1.261135,6.247996,1.7099493,7.316013,-2.302344,10.128253,-3.811484,8.5834675,-3.6843863,6.648928,0.5768568,5.851749,0.57314503,7.3136253,0.26999953,0.2943872,18.785295999557512,0.054154245476973686,0.01530488869640677,0.061363127,0.02040664,1875.229063578226,2569.5109758059184,4292.8490417291505,135.99917763157896,jazz,jazz.00090.wav,clean
-299.40533,59.786972,60.777206,49.902126,32.098515,13.166557,25.695833,12.219015,7.463468,9.767377,-1.2953769,8.831732,1.8622718,8.244641,5.2616196,10.659057,-5.5296664,11.486308,-3.103563,13.059827,3.6464572,9.373228,-2.2974072,9.533224,0.89344275,10.521889,3.341782,10.454515,7.2738442,10.4292145,5.9343653,9.510258,-8.263965,12.147038,-0.462542,10.381303,1.9967841,9.876757,-7.015196,14.61565,0.2309633,0.29411274,21.381373117228332,0.15142274271962075,0.13048194776690059,0.0409175,0.025247367,2958.8527443760186,2832.9030171788304,6065.3466570119,83.35433467741936,jazz,jazz.00091.wav,clean
-294.19385,50.34207,84.66457,38.99649,39.07789,11.503558,28.63521,11.129955,14.131192,10.910516,1.0344225,11.733829,7.3534536,7.555633,5.217076,8.729553,-3.739166,10.403904,-5.041574,7.6495876,2.2247612,6.740848,-0.56659275,9.999538,4.2180734,9.252553,0.12858444,7.463358,0.8307335,9.483949,-2.1461122,8.27342,-4.4974504,8.28598,-1.0901141,8.536621,7.2270007,9.077675,-0.24393678,9.372069,0.27042797,0.30820483,20.04938287137652,0.0753657574255031,0.07906939669753421,0.05349315,0.036340684,2213.669961452585,2794.540855397363,5023.3196246734715,117.45383522727273,jazz,jazz.00092.wav,clean
-215.39735,38.94803,100.96081,17.193,17.098629,16.67601,12.978259,10.89196,16.062912,9.741092,4.764205,9.329581,4.5650473,7.160694,-3.133695,6.536813,-4.154083,6.2656527,-2.2966673,6.442329,-4.9289665,7.270766,-3.3494506,7.109008,-1.4255522,6.13673,-5.027763,6.586274,-0.6690235,7.3744135,1.347664,8.345968,1.9956139,10.121871,-0.25326055,10.704606,0.96090025,9.363037,-2.129334,8.349512,0.26958323,0.2833982,21.120392591973356,0.08170320965557276,0.02654021706796633,0.045294043,0.01228079,2151.985122584835,2775.0279988687803,5013.611350044746,83.35433467741936,jazz,jazz.00093.wav,clean
-366.44046,60.44511,131.6985,27.0517,16.512922,21.952108,36.320045,11.098313,5.060641,11.848462,14.675128,11.113463,-6.163728,10.423306,4.7142596,9.709561,-9.5868,9.343795,-1.2903655,8.477178,-2.6941345,8.998712,1.5798402,9.785739,-2.2748077,9.0831175,-0.18491913,10.579957,-3.260644,11.375082,-4.681197,9.865853,-3.571376,11.48403,-3.9690413,11.038284,-1.8218514,10.1537,-0.9156639,11.94719,0.23740348,0.3046825,23.87284119824368,0.04151184270994582,0.019605120903694165,0.03977746,0.02023387,1077.1722769200642,1539.203321501312,2111.4788988426376,123.046875,jazz,jazz.00094.wav,clean
-219.7643,40.35732,100.79803,20.444437,-1.456325,21.218803,41.28544,10.060486,-0.94854546,8.8084755,23.37939,8.845901,-11.514086,7.7526608,20.027903,7.328269,-15.970275,6.0421796,13.943597,7.769037,-7.9898467,6.647358,5.73836,6.8877325,-6.868226,5.8803606,6.2124853,7.849015,-5.8096046,8.556978,0.95446795,9.606312,-5.1647315,8.725518,3.0511167,9.43946,2.08082,9.574612,0.9545139,9.862274,0.31128114,0.30060452,23.905989425870402,0.06339606412054953,0.029068428017969397,0.06815898,0.026396923,1855.2856495889082,2215.8883591243994,4284.540758634868,117.45383522727273,jazz,jazz.00095.wav,clean
-277.2356,65.821205,95.75203,30.108524,-2.9794936,22.68339,43.91987,14.897437,1.9414108,12.6617,22.24999,8.932733,-6.1406465,10.810622,22.460953,8.116339,-12.840875,9.756312,10.780396,8.202869,-7.533229,9.884594,3.5953238,8.214275,-5.0750594,6.7191353,6.763929,7.603302,3.6364906,9.787817,6.7209134,12.927498,1.7745737,10.071912,-2.1269126,6.9233565,-5.3855343,11.913529,-5.336741,11.374039,0.29865912,0.30519146,24.05622568761329,0.07777050478908669,0.04596203589860378,0.044368494,0.021491097,1874.6280401896206,2084.0210215799957,4011.0507457248937,135.99917763157896,jazz,jazz.00096.wav,clean
-413.5791,46.01706,118.27575,23.12355,31.10331,28.420036,40.165215,12.990634,13.103847,12.181218,13.944954,10.44608,-3.7192216,8.430717,4.748372,8.096086,-9.8912525,6.739677,-3.0627759,8.165994,-6.282211,8.003983,-3.6105382,8.242661,-5.2636905,9.278444,1.1222537,8.8429,2.8341734,10.307288,6.5945344,13.068188,7.95137,13.076732,5.062708,11.662165,1.6020721,10.492164,-4.3780694,10.172169,0.22404481,0.3017236,22.49035100178675,0.03991094536087461,0.021790496590936133,0.021187648,0.013560481,1176.0043625534854,1752.9370879143255,2343.769160881869,86.1328125,jazz,jazz.00097.wav,clean
-223.0306,46.6554,102.89912,21.456692,-1.669735,18.777506,45.199474,10.18997,-6.7459745,9.099448,25.354921,7.420869,-14.366872,7.171492,24.246717,6.119152,-10.414377,6.674222,11.146243,7.4340253,-9.151457,6.265386,6.625129,6.3773327,-7.828697,6.096382,9.370097,5.5894322,-3.43028,6.0722766,2.673875,6.00652,-6.2106004,5.792678,0.8636526,6.3806763,-3.390311,7.553287,-0.3815038,7.9057035,0.3279028,0.30186063,22.829685890199727,0.05812512093653251,0.03524600299902501,0.06013178,0.021344997,1884.9439012894368,2230.243951822194,4355.8153276473,80.74951171875,jazz,jazz.00098.wav,clean
-315.01422,44.14428,112.72768,23.022701,9.740748,16.776522,38.98918,9.652342,3.942611,9.185264,20.019875,8.939397,-7.2231927,7.945335,15.273513,7.637395,-13.67778,6.8100286,10.151816,7.545722,-4.8844333,7.6916943,4.7019944,9.1811285,-2.6995628,8.150639,3.828492,9.516387,0.8413556,10.893639,3.3496344,8.652836,-2.1094282,9.417051,-1.2456765,9.605413,1.7837285,8.870009,-2.226573,9.385892,0.29589707,0.31040943,22.880888271975913,0.04620040090460526,0.023186006070081006,0.039259337,0.020571617,1492.5645306761603,2014.1643643596335,3376.7962476417374,135.99917763157896,jazz,jazz.00099.wav,clean
-52.93138,18.681553,50.087288,14.038605,-11.485749,16.135923,46.351738,14.877902,6.5509257,10.786785,10.124288,9.046414,5.479244,8.1692505,8.854688,8.070181,5.9422073,7.579009,6.6225224,7.172258,-4.047175,7.516379,9.770576,7.3670025,-3.118492,7.304722,3.657853,7.607574,-6.5097322,7.0549006,1.0867523,6.887872,-4.4839272,6.410936,4.7281733,6.015438,-2.7538903,6.699393,0.50667185,6.0889935,0.48777875,0.2596989,18.54564095261745,0.18307976973684212,0.046724106946035154,0.11609076,0.017463047,3274.344587423776,2722.3036471895907,6407.269589450706,95.703125,metal,metal.00000.wav,clean
-80.14728,21.304964,64.84362,12.638505,-15.4656,11.480019,46.839314,9.036246,7.9110203,9.6135235,21.762014,6.899861,-2.176079,9.771298,21.986689,7.464779,-7.7126284,7.583148,11.144746,7.7334538,-4.2870846,6.7729974,11.442519,6.4017234,-10.365105,6.6380363,11.727381,7.581183,-7.0957055,6.1992617,5.931137,6.1092906,-9.025644,6.156894,5.5059457,5.865104,-6.201168,6.5636125,3.1252632,6.371499,0.4769336,0.2682816,20.07755073217376,0.15290156975619196,0.04146074190988895,0.09726957,0.014733924,2922.908394647605,2620.8528873384016,6036.988495156492,78.30255681818181,metal,metal.00001.wav,clean
-62.21819,31.555742,115.20072,17.77943,-42.815033,17.275677,54.31106,14.690659,-24.88396,8.690904,20.133108,10.320322,-21.639135,8.279693,20.847036,6.8825006,-8.3987,7.7125635,20.328602,6.7054515,-10.731801,7.183771,9.669686,6.2100053,-14.547392,7.2711744,6.932939,5.6454725,-7.4813604,5.704996,5.973085,5.9749365,-3.475765,5.813694,6.574291,6.1952834,-6.577369,6.3890347,2.9633865,5.79266,0.4325042,0.27380702,20.467881716430796,0.12839302559017027,0.031248118070745866,0.13275112,0.025318023,2198.5048742476088,2005.8773078800052,4446.356446824207,112.34714673913044,metal,metal.00002.wav,clean
-43.064682,20.254196,75.397606,15.329738,-47.840973,13.844039,53.023735,9.096457,-12.337867,8.616957,36.873158,8.8518715,-8.28772,8.165129,28.40454,8.544341,-14.531338,6.962119,22.106436,6.221612,-7.3557463,7.1191263,15.97535,5.5998545,-13.140839,6.012058,12.263161,6.171322,-10.449837,6.3405824,5.9393992,6.2760444,-6.6831427,6.307245,5.279664,7.0933414,-2.331793,6.436425,3.5936801,6.441397,0.4876697,0.28093663,20.277918972044475,0.16671025420859134,0.04730162204261712,0.15017863,0.029228942,2751.9264234353977,2205.638269495694,5234.401681622485,99.38401442307692,metal,metal.00003.wav,clean
-107.129585,33.574356,47.660187,17.953352,-8.620708,13.508363,38.398926,13.522256,8.458258,10.140479,9.54455,9.810855,1.0175123,10.558854,20.74903,8.967378,0.71484894,7.924308,11.783107,7.9900665,1.1646875,7.049162,11.063398,6.538832,-2.529399,6.60013,7.581269,6.5320783,-4.199112,6.0638046,7.0764894,6.072679,-6.6205173,6.280598,4.546639,5.691707,-4.2624664,5.5256805,4.2896204,5.6995454,0.6346607,0.21903169,18.498866397479016,0.19242362857972137,0.04854561816308119,0.06345061,0.010376535,3403.0755097954175,2825.093036960878,6902.816592945772,135.99917763157896,metal,metal.00004.wav,clean
-79.627686,32.78299,93.472885,17.308947,-27.749144,16.148586,64.06913,13.358154,-18.807098,9.760545,23.320396,7.6117373,-10.540276,9.975156,13.356394,8.334584,-17.537811,8.31491,16.38852,8.480872,-10.054388,7.4589376,8.9418,7.275215,-16.081074,5.805176,4.287135,6.6728907,-14.799312,5.868427,0.2646285,6.5007076,-8.214849,5.5774403,3.4206583,6.6995745,-3.714394,6.83429,-2.4369857,6.32562,0.42260268,0.27885035,20.221793658330583,0.13437825016931115,0.036374302019338875,0.1216955,0.03543684,2464.5967575331465,2204.478598691696,4951.653391362713,151.99908088235293,metal,metal.00005.wav,clean
-140.7783,28.018805,55.923157,20.769234,-12.291191,17.212042,44.319008,12.345558,-10.604769,12.356757,10.867444,8.405783,-0.95333475,11.912401,22.243965,10.143273,-9.378978,10.129549,15.246445,7.596175,-3.0641422,8.68524,9.072361,7.9041667,-8.798301,7.786532,8.746224,7.5696526,-12.113971,7.645284,5.550327,7.353976,-12.49319,7.473258,6.3504667,7.41083,-3.8611655,7.152835,4.7257943,7.377217,0.43396318,0.2830987,21.324946380657362,0.1981254081607972,0.057698210371022816,0.0504414,0.010146348,3237.576392654718,2573.2144093958636,6229.395665029992,123.046875,metal,metal.00006.wav,clean
-108.09747,16.418028,65.77733,16.880745,-20.841005,15.642475,47.559597,10.499989,0.85362834,9.723451,8.991208,6.4330735,-3.2142603,7.8884573,20.978046,6.7824125,-10.349271,6.483604,7.8764496,5.639511,-8.126471,5.6811,12.045557,5.93962,-9.155127,6.0162244,7.0092583,5.972737,-8.752738,5.8192663,5.7859516,5.732389,-12.369431,5.451643,3.441416,5.230524,-7.3785267,5.4072742,4.871621,4.992888,0.58136714,0.24829198,19.758107334257442,0.16837313153057276,0.043297733765302285,0.06947105,0.012545502,2939.529800244255,2522.7270587232188,5806.8482201165825,151.99908088235293,metal,metal.00007.wav,clean
-149.98433,42.12905,67.907,27.185768,-6.6888485,22.232952,32.084488,13.339566,6.0797987,13.054424,12.23563,10.898584,9.134745,9.89695,10.182917,10.597107,3.7711072,8.090315,10.5964,9.017017,0.77275217,7.4162197,7.715686,7.9886913,-1.158373,7.2230167,-3.3025763,6.065903,-7.533149,6.233209,0.41751117,6.733499,-4.005859,6.539632,1.260882,6.9253945,1.4787947,6.739103,5.4820046,7.165537,0.46657756,0.28679225,19.729092180155835,0.14055924076044893,0.07110296064752432,0.05838335,0.014258379,2964.5694774911976,2758.396868608587,6187.337586016109,117.45383522727273,metal,metal.00008.wav,clean
3.642235,23.308496,104.75209,13.83501,-0.8226447,10.715768,55.941105,14.907715,-29.222485,8.920616,31.255442,8.0256195,-14.195287,7.8561387,20.202589,7.086096,-8.280901,7.036528,15.181638,6.3225365,-14.587307,4.788467,15.663606,5.308603,-12.990428,4.7824354,15.283536,5.318682,-6.9285975,5.143902,9.860408,5.4709334,-6.502115,4.6315365,4.901696,4.465484,-0.77597106,4.3824325,6.457592,4.30569,0.5270196,0.24643874,19.82817712618649,0.09467932166698917,0.023542089737412494,0.31272745,0.032300077,2250.890548724811,2390.1164654786567,5112.4440857500485,112.34714673913044,metal,metal.00009.wav,clean
-58.72036,22.196278,70.55818,16.11741,-19.421352,10.555646,73.593155,15.02722,-27.765425,12.701308,23.759441,8.358503,-17.90417,7.5673876,21.222898,9.719741,-16.94942,7.7645364,16.136871,6.8277802,-15.223488,5.553885,14.874156,4.891028,-18.705826,5.384955,11.308096,4.5904484,-14.637608,4.32851,4.3117094,4.1457644,-12.7187805,4.264421,1.1689208,4.4208875,-8.019437,5.0055065,0.91980964,4.3575926,0.5418777,0.24563825,19.934115640050063,0.19654038373161764,0.04309514959416734,0.1181039,0.012321673,3048.5052057998873,2358.8824139471512,5662.490759693063,184.5703125,metal,metal.00010.wav,clean
8.79297,13.212185,82.823204,10.7898655,-30.564281,9.742156,66.71608,8.005718,-16.359283,8.632423,16.568218,6.0797887,-10.763801,5.867083,29.540407,6.2824426,-25.089777,5.0864453,16.821932,4.75668,-11.392603,5.0613384,12.7859,4.6654,-13.347067,4.5992856,9.802606,5.1816316,-14.256787,5.0398016,9.601154,5.2609673,-8.031881,5.0141864,5.1873074,5.165946,-2.9507003,4.6462235,4.404459,4.4107385,0.5108508,0.25871065,20.463515441188456,0.17150160845588236,0.028455627341631567,0.23063754,0.015965285,2699.980049142347,2240.17995020246,5157.935477336494,161.4990234375,metal,metal.00011.wav,clean
-64.107925,21.184916,74.52599,15.089424,-45.968002,11.730059,65.85509,13.954379,-14.676303,8.680143,23.849155,9.424211,-13.777111,9.033196,37.7623,7.2058086,-10.587833,7.579108,21.39044,6.7085385,-9.345858,6.102087,17.91302,6.0386367,-10.791604,5.458763,11.354605,5.2747383,-11.166747,5.181008,8.709755,5.2951922,-8.963811,4.977909,3.229737,4.591201,-5.745522,4.896798,2.4206762,4.407363,0.60497457,0.22542666,20.064840799616565,0.17691276243227555,0.02722314099287,0.11428379,0.009896035,2803.3032043751823,2183.2462667935056,5262.743176912007,172.265625,metal,metal.00012.wav,clean
-84.90263,30.941092,64.63974,15.283121,-36.32613,10.966403,65.39542,12.192987,-13.867816,8.212598,22.872534,7.6308627,-15.565662,8.796567,36.293034,7.7951174,-13.677166,6.5741606,21.259466,6.369691,-9.251361,5.5950675,19.171608,5.184874,-10.607493,5.277399,12.314615,5.146478,-9.792946,4.5716786,10.552154,4.8050833,-9.910699,4.925888,5.051337,4.3130245,-5.342369,4.339952,3.801619,4.274355,0.6362048,0.21113399,19.514722801791372,0.20360421101006193,0.037004285797022474,0.086293176,0.012431555,3047.8529556987282,2303.5609515672522,5735.965315402476,135.99917763157896,metal,metal.00013.wav,clean
-117.9197,44.02429,65.44176,15.559817,-51.43997,12.645999,74.107025,12.948502,-13.760528,8.453334,25.753458,7.3214316,-13.138064,7.8783054,32.225914,8.232557,-10.345248,6.063092,21.713371,7.0961666,-7.8024545,5.455108,12.349829,7.167305,-14.452735,5.342391,5.787718,6.9681854,-13.264057,6.355301,4.5679383,6.551773,-11.399253,5.01418,-0.66686296,7.115966,-4.573327,5.544907,-0.21592197,7.46468,0.5525924,0.25137645,20.794266286350396,0.18530764742163314,0.03667116973941921,0.07755839,0.015288491,2877.3990222346347,2101.1766118449304,5198.36856617647,151.99908088235293,metal,metal.00014.wav,clean
-76.78499,22.990759,68.00349,15.0601635,-11.247029,10.702023,76.363235,14.466473,-17.476349,11.8826065,25.336975,7.7755437,-17.900314,8.197874,20.368681,7.9504514,-21.42049,6.5155025,14.217725,6.2155075,-15.768945,5.3290534,12.524236,4.641157,-18.507433,5.3892913,10.831447,4.8073535,-13.703334,4.606119,4.864304,4.5630136,-11.980358,4.392515,1.6491083,4.6159053,-7.645301,4.920821,2.2255213,4.4110003,0.4849302,0.25894922,19.913315443204766,0.16926541638448142,0.03596182954813649,0.11093488,0.013557114,2986.8234673152315,2458.9986179482075,5818.289817597475,172.265625,metal,metal.00015.wav,clean
26.693075,19.778784,79.7964,18.233084,-52.055744,15.292896,51.320683,14.233771,-16.361847,12.700674,22.011911,10.900426,-17.46108,11.2192955,30.925192,10.700405,-15.979048,8.498457,16.127386,8.375285,-12.196157,6.7950196,11.3038845,7.1749687,-12.44661,7.091309,5.206543,6.611789,-7.6871243,6.2071457,10.177714,7.3280997,-9.720838,5.6917796,-1.6887617,6.038608,-7.5994143,6.0029817,-3.929782,5.543553,0.5020534,0.26070175,20.156682331519953,0.17962174076044893,0.039744176785826056,0.2696991,0.042693943,2743.3971145568185,2140.557521316081,5129.2856505780765,92.28515625,metal,metal.00016.wav,clean
-75.51751,22.188234,81.91142,15.332321,-22.08108,12.401528,69.877,10.849905,-11.740438,8.292121,25.740246,8.052089,-18.518965,8.058301,27.02771,6.328292,-14.085998,7.0138493,22.13411,6.520416,-12.107688,5.6337175,14.951658,5.5224953,-13.525078,5.476864,5.8154855,5.375097,-10.154532,5.2416787,6.781166,4.8364015,-10.48783,4.6930566,4.3725295,4.5312843,-5.4660206,4.79798,2.9706361,4.060994,0.58092386,0.24212559,18.336054301003795,0.15877568389609134,0.04686163387934967,0.11375342,0.020002628,2656.165733706924,2337.22755658765,5325.867795206076,107.666015625,metal,metal.00017.wav,clean
-76.37207,25.727041,123.29144,27.1313,-89.89615,14.263437,76.44556,11.574341,-21.269108,11.3583,22.2958,8.433595,-13.650001,10.705177,14.64789,8.819383,-6.320443,10.045938,9.922285,7.4007173,-3.9226875,8.82939,5.398593,7.4330053,-2.4885116,6.941048,5.03836,5.420153,-2.9841642,6.3246036,5.112243,6.055421,-4.379888,5.555697,-1.2858986,4.820703,3.0850468,5.2169414,0.17664623,4.867082,0.5555221,0.24405463,19.457669384275135,0.1803178816756966,0.039823299326319596,0.11838973,0.011677324,2291.278829434468,1583.4318016750542,3884.9098418150156,99.38401442307692,metal,metal.00018.wav,clean
-89.329834,56.134605,82.35691,19.396618,-23.258312,14.5007925,68.10751,11.813355,-13.08676,9.142417,22.4548,9.608693,-18.526537,7.887921,26.23265,7.133573,-14.358575,7.46262,21.504412,6.6011186,-13.878504,6.0625706,12.481539,5.958681,-14.122218,5.28225,3.753356,6.811077,-10.118068,6.0257463,5.4011245,5.89491,-11.116164,4.8146563,2.6867979,5.7701197,-5.6887302,4.9414926,3.0959978,5.0064926,0.5551851,0.24952528,18.68837735648205,0.16150658197078174,0.047456000596404244,0.10085454,0.031078428,2699.597527581128,2324.236570543931,5385.400768551664,112.34714673913044,metal,metal.00019.wav,clean
-75.01831,35.706245,81.17257,17.25513,-20.199926,10.452935,68.304726,9.812484,-11.342598,7.888163,23.670305,8.368641,-19.834023,7.594498,24.183435,5.8615246,-13.177372,6.52935,22.286407,6.759072,-11.556872,6.6871142,13.55321,5.740177,-15.058013,5.3555975,3.302359,5.703329,-10.513962,5.321999,5.075372,5.264797,-10.686498,5.1401806,3.8659294,5.060392,-4.944836,4.9449434,3.2599394,5.0160246,0.49589503,0.2699648,18.888107755276835,0.152409131312887,0.04549509372384177,0.1172756,0.029440805,2658.2188462959766,2345.8279592545605,5358.7425964166505,99.38401442307692,metal,metal.00020.wav,clean
-76.28286,24.93532,61.76295,14.267587,-37.112747,12.123538,62.440014,10.553248,-14.831243,8.565247,34.567806,8.0379095,-11.487005,9.2755575,30.963097,5.883359,-12.278125,7.5080576,22.313232,6.42168,-7.511117,6.870473,17.84716,5.3793373,-11.126256,5.8832555,10.237993,6.5540233,-10.79403,7.1543965,5.1591578,6.688246,-7.724808,6.6364007,2.585732,6.889065,-3.0912778,7.0777125,2.6671667,6.514754,0.52547175,0.25912693,20.338977092365784,0.19161335381191952,0.050785613351194143,0.108446255,0.028488038,3046.7299311449274,2324.3903702115454,5735.348652464687,107.666015625,metal,metal.00021.wav,clean
-45.843933,30.293549,108.013725,12.582435,-11.740544,11.868265,66.32776,8.905425,-30.207605,8.058915,9.2367,10.523044,-25.772972,7.0066767,21.87735,6.9226475,-17.929054,5.687924,10.275843,6.6311164,-14.119918,6.175986,18.74677,5.56185,-14.2388315,5.4022903,-2.2378857,5.8160253,-5.778148,5.4596868,-5.8649893,6.768638,-2.5429695,7.1593766,1.4795749,5.9401526,-5.616363,4.744758,-2.820123,5.291246,0.36980078,0.28202584,21.670695495004615,0.10698310214299536,0.03212733487949699,0.19878227,0.051174685,2218.4992054355644,2226.12293771312,4779.587765153347,135.99917763157896,metal,metal.00022.wav,clean
-43.716743,29.489447,82.74609,15.483382,-29.634932,16.014206,70.4197,11.337768,-21.612555,7.3218713,31.165257,8.10573,2.078945,8.48642,28.88349,6.4724455,-2.6835523,8.184229,19.90194,6.0791926,-6.94059,6.1228647,19.136198,5.961289,-7.3723607,5.4626927,7.891117,4.9585953,-13.863939,4.634997,4.0593085,4.911739,-6.876037,4.8809667,-1.7961832,6.265154,1.4668609,5.6614385,4.539692,4.648706,0.5272757,0.26217467,20.80389783466213,0.13178756288699692,0.0415630192775949,0.19530222,0.035606135,2576.107537052409,2237.1069520691904,5058.119414243904,143.5546875,metal,metal.00023.wav,clean
-16.706278,17.05927,94.11414,16.918858,-32.7863,14.352057,61.490444,13.801634,-10.101552,7.3336525,34.223568,8.24348,-11.971187,8.55968,28.200222,7.105627,-15.321425,7.388182,19.32545,7.5546174,-8.278708,7.003075,17.934834,6.355317,-7.455649,6.9303164,12.818329,7.8151126,-6.1901646,6.4982014,6.3816876,6.768537,-6.894108,6.90993,4.45563,6.5143313,-4.1618023,6.636633,4.225447,7.2815433,0.47880808,0.27234408,20.63465099150653,0.12833369110390866,0.04231652428962331,0.23138711,0.028643627,2410.986411509784,2227.7060388833847,4950.420065487132,112.34714673913044,metal,metal.00024.wav,clean
-120.12781,44.304607,91.28767,22.171095,-38.79496,23.441366,75.003784,14.575409,-3.8060124,10.198782,22.66649,10.357733,-8.123723,9.217724,23.654572,8.205268,-14.638494,6.6181245,13.365053,8.081527,-9.40564,6.724583,13.706509,5.65592,-9.3145075,6.3392663,3.5835807,5.7114067,-11.857464,6.337083,1.024725,6.0164366,-10.71396,6.126482,-3.241502,6.1024666,-3.466504,6.449216,-4.5768414,6.0227947,0.4655108,0.27528623,19.721734258888144,0.12610316793246903,0.044944668338700276,0.10044173,0.022281507,2384.8126098287535,2073.302486019001,4585.038941563467,135.99917763157896,metal,metal.00025.wav,clean
-61.47552,23.040508,71.744484,11.976789,-46.288235,10.026917,75.442215,9.210913,-18.524563,6.962356,35.957085,6.735084,-12.68256,5.8363156,28.374231,5.2592545,-9.363221,6.755857,14.5109625,6.344666,-4.2694545,7.0757957,11.870008,5.909117,-16.039183,6.980939,12.117884,8.708955,-16.081953,5.9667997,2.3608215,5.645931,-8.121184,7.2699685,-1.4349422,5.5088544,-0.9419497,6.9534864,0.81972945,6.4886394,0.48454973,0.26987877,20.497344325279396,0.19822933799342105,0.043130432705475535,0.13824102,0.022387616,2871.3062606691374,2127.0201151316837,5187.1436340520995,129.19921875,metal,metal.00026.wav,clean
-36.462593,27.400808,94.796684,12.386515,-36.61026,9.764197,55.001995,10.931459,-8.23886,10.306793,29.6873,7.7008286,-13.684501,7.8252435,28.724903,7.098795,-11.995235,6.7898436,19.366922,6.1101775,-15.665719,5.71975,13.938667,5.2794595,-11.981068,5.39516,7.540056,5.3726206,-11.918596,5.741578,5.4808097,5.45808,-9.272308,6.100566,6.1842527,5.4706597,-4.3013177,5.2620735,1.8341254,5.141462,0.4749444,0.2738558,19.096768386970957,0.12830912587074303,0.028415863847339663,0.1650778,0.030382726,2398.4124612411983,2218.7767898774205,4866.8372375677245,129.19921875,metal,metal.00027.wav,clean
-28.089987,13.526386,84.033875,14.133365,-43.716156,13.265485,47.99097,8.329646,-22.45509,7.226096,19.917408,6.444473,-25.18115,7.8204627,24.802288,5.8363733,-13.120749,5.755004,24.669502,6.6585307,-16.419373,5.607237,17.564196,5.2634463,-15.417398,5.5657296,8.639938,5.593178,-9.952718,5.3495975,7.071071,4.9421554,-9.484701,4.7595663,8.427125,5.1047783,-3.548901,5.1404624,2.6234772,5.4755635,0.48124793,0.2613592,20.523739230010683,0.17996187475812694,0.03624211325026643,0.1440742,0.015956234,2789.300841643996,2247.55273231388,5345.842674420714,135.99917763157896,metal,metal.00028.wav,clean
-103.658356,36.788124,73.83582,17.633705,-16.127468,13.681867,53.154728,12.718271,-25.099672,12.900882,33.991577,12.03355,-13.641718,10.087214,25.99047,9.540755,-18.906933,8.011433,18.668743,7.376069,-12.777742,6.8870935,9.545628,5.6549826,-16.148779,6.8802905,8.769027,6.5120773,-12.545799,5.836121,5.3656545,6.1524706,-8.112325,5.7930756,6.6663527,6.1899595,-4.4953666,6.364373,2.9296632,6.084003,0.44092262,0.28202084,21.047405565343777,0.16334179385158668,0.05784401945485649,0.08899233,0.020741325,2955.2644930453703,2478.4332031027843,5928.739149725474,123.046875,metal,metal.00029.wav,clean
-77.45472,34.48635,130.88896,22.58909,-23.287468,14.686525,61.99624,7.5910845,0.9075686,8.955258,30.532888,6.892151,-8.75849,6.9451303,19.443262,7.0503674,-2.227692,6.412916,13.108556,6.83492,-3.2997828,7.1262536,8.935825,5.603117,-8.964679,6.4454746,-0.35130325,6.6087875,-6.036298,4.798489,-0.39818108,5.373744,-6.7897754,4.579027,-4.3958716,5.301427,0.9761338,5.097499,3.9791048,5.0067706,0.46229282,0.26715982,21.487144594563276,0.051203016157120744,0.017525483005144196,0.23020585,0.042998165,1525.6954691515564,1868.4091444059857,3501.087162738245,129.19921875,metal,metal.00030.wav,clean
-12.502531,28.29573,91.33018,14.801878,-23.079102,12.77171,50.981163,12.805758,-12.106397,9.812997,30.916203,7.31346,-15.001935,10.501241,23.06173,7.2759156,-14.281173,8.079025,23.065378,8.502811,-17.684673,7.2410626,13.16198,6.3985953,-15.200903,7.379981,3.9402604,6.3109293,-9.093106,6.0921273,5.5435486,6.2892275,-9.840607,5.6111827,5.6275406,5.6978965,-7.0400934,5.3268313,1.4170808,5.730991,0.44622394,0.27372223,20.64314383766694,0.12520937137190402,0.042488791984233026,0.22038391,0.03953137,2566.910608201603,2408.6174998051465,5444.5504108818695,135.99917763157896,metal,metal.00031.wav,clean
-61.907036,46.22834,93.03636,17.928589,-39.96771,16.98134,56.147964,9.599992,-19.685198,7.33523,23.381887,8.86685,-7.6440945,10.17641,17.719402,6.950901,-19.306637,8.3002205,17.783297,5.897948,-13.095866,6.9261103,14.301978,6.3342104,-13.079706,6.590815,5.447866,6.417587,-10.795583,6.7151017,3.732999,5.9165034,-10.746842,6.7231293,1.273748,6.3558445,-4.6123557,6.698194,0.33479154,5.7914133,0.43656766,0.27495924,21.00227418777197,0.14816085768188855,0.03936755997272909,0.13647573,0.03179901,2502.5342481859757,2133.931627896007,4761.48787460091,117.45383522727273,metal,metal.00032.wav,clean
-35.73135,44.04539,115.466896,28.10636,-40.631664,14.455041,75.38111,10.134709,-12.545452,10.052602,21.839254,8.6758795,1.8210292,11.659215,15.605564,8.778513,-0.17317195,8.475216,10.234974,6.0607376,-11.762732,5.075726,15.405225,5.4776845,-12.471008,4.7687683,4.6235504,4.8910313,-2.470627,5.430836,-1.6684319,8.002364,-0.3332341,8.485341,-7.7724237,7.7363243,0.9960804,7.2615995,-4.1807895,4.636846,0.48021373,0.27905458,20.666627595529505,0.10000733177728328,0.047871586088114135,0.2567308,0.035430405,2029.8387796734644,1929.5737681834794,4223.366128549487,123.046875,metal,metal.00033.wav,clean
-104.68676,53.599194,87.7357,28.226337,-33.242126,19.099283,48.456833,20.412415,-28.92499,12.766664,22.51373,11.384147,-24.994108,10.89912,20.534803,9.643584,-12.07721,9.010953,18.25662,9.8791,-15.190194,7.9044123,10.294038,8.027454,-13.897689,9.50782,10.2869,9.386653,-4.697043,13.019359,9.943593,9.3107,-5.6209707,10.149918,4.7915606,9.003917,-11.678111,7.6497025,2.9583418,7.5556507,0.40688816,0.2883363,20.565099267334617,0.16091248125483745,0.05765645595689141,0.09048659,0.024815362,2707.5423665716194,2235.047516078008,5292.017999891157,161.4990234375,metal,metal.00034.wav,clean
13.472156,43.567837,78.02858,18.596159,-32.999123,20.114412,55.550117,10.790054,-9.963229,7.6249294,35.417408,8.871706,-17.641218,9.199484,29.057076,8.497777,-11.254932,8.460772,14.004886,9.288373,-10.102363,7.0649085,16.52735,8.664865,-8.494954,5.8072753,5.9217753,7.27847,-11.878571,5.894782,6.4486423,7.3281655,-11.164233,5.4655395,-0.1977011,7.593617,-2.188119,4.829313,1.3877145,5.3787985,0.5016604,0.2704354,20.144200679065957,0.1628051379885836,0.05653775135487852,0.27074897,0.062462587,2836.9479777958322,2339.345732778788,5615.124379444417,117.45383522727273,metal,metal.00035.wav,clean
-71.27534,26.958479,82.33836,16.426836,-30.17323,13.306837,56.464294,10.633173,-10.875072,9.354619,26.82275,7.8162465,-15.808304,7.993107,25.348276,6.4497185,-15.6305,6.815668,17.768711,7.5161414,-13.055728,7.1185946,14.628012,6.185069,-14.275042,6.9003654,9.547383,5.849067,-10.368048,5.7849283,8.101744,6.4257364,-7.463908,5.129666,5.4308786,5.7643437,-4.4021826,5.733536,3.0511744,5.6941867,0.51906675,0.26634791,19.881809449769474,0.16050318667763158,0.04887139682819978,0.11219081,0.028802315,2685.8291745827923,2317.5266104972716,5331.467761343847,143.5546875,metal,metal.00036.wav,clean
-79.07527,18.185015,106.81676,14.807049,-38.75978,11.618863,39.854446,7.975449,-26.757378,6.6897683,32.465256,6.0943103,-15.021738,7.8461256,29.701921,6.5859904,-11.37107,6.760884,13.770958,6.775907,-14.502706,7.0244493,16.169477,6.73881,-3.0626533,7.9054837,3.566323,6.441791,-17.280031,6.3545938,-2.1323605,5.7661996,-12.57326,6.6503205,-1.2415167,5.844137,-1.2017151,6.0085707,9.030018,6.726097,0.39583865,0.28659967,20.681682697250523,0.12365873826915634,0.04131511876307029,0.11197951,0.01817151,2292.5102907446626,2149.265803381688,4819.912521315064,135.99917763157896,metal,metal.00037.wav,clean
-122.234886,105.762115,62.287918,26.531834,-34.475746,24.03501,75.653,15.527734,6.2773776,13.013641,22.03109,18.919022,-10.958645,9.997949,23.23548,17.39485,-12.28494,9.242688,5.612535,15.699344,-6.983782,7.602368,5.6169767,11.977296,-14.398442,6.958996,-0.47629938,9.23521,-11.284502,7.2693844,2.1349807,7.014611,-7.7125216,5.880574,-2.7237544,7.044669,0.8729692,7.0156946,-5.3240557,6.2435036,0.47059825,0.2977252,21.712120959138517,0.14832790126741485,0.059041846333270094,0.14581424,0.08357978,2690.651414951035,2118.4679544008704,5088.035900009675,95.703125,metal,metal.00038.wav,clean
-99.77965,61.872673,102.12207,25.942635,-23.655642,11.610029,63.08262,15.859579,-8.785433,17.624208,30.73993,11.097854,-9.646097,9.021488,14.164796,7.385899,0.372657,7.5751343,13.223106,6.1362543,-10.096967,8.915011,9.193242,7.023847,-4.932152,6.1547856,2.3094268,5.901173,-7.185385,6.5574164,-1.0914271,5.0238733,-4.9282236,5.6166906,6.327073,6.1843333,-5.0554013,6.021024,-9.303228,5.6475596,0.37923384,0.29081586,21.4301562373509,0.08829727409055728,0.04019643136162426,0.15433325,0.05809088,2099.3502081908823,2062.5313354447185,4450.38142248573,117.45383522727273,metal,metal.00039.wav,clean
-74.115524,28.26885,80.12189,16.829828,-46.98442,15.436473,51.01986,9.289508,-9.138492,8.11195,31.76564,9.429328,-6.376152,9.961883,24.85552,6.81125,-19.142609,7.965791,20.790123,6.7923684,-11.669212,6.800766,13.848666,5.682188,-16.47486,5.9346128,7.748832,5.7756805,-10.6138525,5.434067,7.497552,5.510109,-10.351636,6.4334493,4.983658,6.322661,-8.210215,6.3452935,1.2308667,5.6575284,0.5092077,0.2743352,19.98619098609602,0.16644079249709753,0.046304033099206235,0.10460098,0.02387412,2709.5400662447228,2194.487062440739,5081.527606031105,107.666015625,metal,metal.00040.wav,clean
-100.42865,36.424107,104.687256,19.860899,-57.258133,18.153837,56.590782,10.622011,-5.5367737,9.656555,22.83633,10.067053,-6.167544,10.509502,23.090935,8.87983,-19.069187,7.083709,17.792307,7.221351,-13.767806,6.917023,9.958694,7.0786033,-14.848816,6.9876127,0.34489515,8.434804,-7.3256383,7.2724757,6.9757853,6.389798,-12.664746,6.3859863,-0.55819917,5.577994,-11.753996,6.1206145,-1.5418612,5.509958,0.45689827,0.27568984,20.772981416776158,0.13738125544214397,0.032912748338111274,0.097560614,0.019056369,2269.195809921602,1928.8258972738686,4186.549684506821,117.45383522727273,metal,metal.00041.wav,clean
-93.59133,26.505285,89.89402,15.280833,-55.902695,12.462173,51.637325,7.456675,-5.558396,8.19166,28.777815,8.468881,-13.892873,7.5583596,27.350773,7.4296103,-15.316164,7.8106775,22.829412,6.7294855,-12.410712,6.3078537,9.704986,5.837323,-19.730852,6.0333085,-0.7791874,6.512313,-9.100343,6.9741945,12.41412,6.562833,-5.453556,7.0856214,4.238625,6.534436,-10.8701935,5.763411,-2.9501216,6.040805,0.43660563,0.28528708,20.94959883514536,0.15180860584365324,0.03138911017468492,0.09364971,0.019671932,2463.4494582050966,2037.300178784003,4547.580834734182,129.19921875,metal,metal.00042.wav,clean
-110.87448,66.38388,83.18676,24.679714,-45.257427,29.907116,56.596424,13.119437,-7.4923544,13.61467,19.979755,11.360338,-13.402861,12.857547,21.218973,9.243934,-15.71974,9.537011,18.087412,7.451818,-18.12701,6.643802,12.930389,6.2211785,-17.24171,7.8790483,3.3319187,7.6195135,-7.5791416,8.414148,5.8677907,7.5161967,-7.949427,9.729392,6.8205414,7.150208,-5.672731,7.958701,1.3515627,7.622726,0.438512,0.28594336,20.456751255076927,0.17731298676954335,0.06290043957582503,0.09044781,0.033403013,2683.329925042629,2126.7478903554274,4972.6949307940695,95.703125,metal,metal.00043.wav,clean
-86.27023,29.709558,76.75911,19.646343,-42.356274,16.928381,53.999104,9.838904,-8.330258,8.776469,29.407862,9.119326,-7.9087305,10.093778,26.661465,7.48409,-14.234941,8.915537,18.466795,6.742629,-17.955868,6.4128942,9.869916,5.7247357,-19.038649,6.1525116,6.477254,7.116248,-8.355194,6.662924,4.8816915,5.986655,-11.782924,7.0261965,1.6698998,6.135446,-10.605783,6.2469234,-3.7786944,6.0179067,0.4696017,0.27071932,20.984944646009794,0.17124877551760836,0.04077768209285232,0.0953466,0.024279466,2760.342381683784,2242.7379917564763,5260.1848590484715,117.45383522727273,metal,metal.00044.wav,clean
-135.51762,75.96585,93.37061,26.912565,-43.314274,26.67543,59.227753,14.95877,-8.516594,11.596004,20.944653,11.740579,-6.5328155,12.601829,21.889866,9.65758,-18.970129,9.029569,17.05032,8.626667,-15.884877,8.647959,11.082778,6.834672,-18.48888,7.7197433,-0.826837,8.493287,-5.6172304,9.4039135,4.6652665,8.955687,-8.734545,10.464744,2.1139977,10.090651,-8.564519,9.220091,0.2105193,7.199603,0.43017206,0.28472164,21.275602695715254,0.1442818184017028,0.06215697131575126,0.08803666,0.031601723,2389.4350405557316,2027.2831976394784,4448.281435184065,61.5234375,metal,metal.00045.wav,clean
0.3734972,18.342941,79.70633,13.604649,-30.638968,10.346738,61.07577,9.796274,-17.464642,7.157072,26.695745,7.7941875,-21.258287,6.9568586,22.35319,5.511574,-13.023766,6.1796865,17.867393,5.6840453,-13.381073,5.3415775,19.257633,5.3901043,-10.976209,5.282019,10.706493,5.6240606,-9.433652,5.855653,7.660083,5.7016916,-8.689539,5.0630965,3.1708357,5.068163,-6.8286395,5.128759,3.8781016,5.045571,0.48254916,0.2741647,20.58988652942851,0.16373219209558823,0.03061478256156244,0.21233073,0.02380621,2795.674674132254,2321.7588424214864,5455.575344215606,117.45383522727273,metal,metal.00046.wav,clean
-1.9254102,21.864132,72.69556,17.481161,-32.789642,15.588288,63.592033,10.552215,-18.557953,8.350726,25.872955,8.00321,-13.854105,8.908934,18.064384,7.4444785,-11.945406,7.376908,19.657593,6.859675,-13.961472,6.7190843,18.737663,7.2096577,-11.190176,6.2496,7.9533343,6.217223,-10.283534,6.251525,5.310404,5.8215356,-9.025781,6.133249,4.3153214,5.9237623,-5.6433825,7.0484624,8.725261,6.9126067,0.4310416,0.28565052,20.043229442171384,0.17811948227070434,0.0419342925437274,0.21744712,0.03508007,2908.260266485554,2286.246871539177,5405.6423128204815,103.359375,metal,metal.00047.wav,clean
9.612599,20.741394,76.345825,12.514661,-31.275438,11.986065,56.887745,10.659914,-20.73966,9.100349,27.254444,7.8343115,-16.64428,7.987969,19.372133,7.3917236,-13.922549,6.906097,19.66951,6.45847,-16.064047,6.400254,17.490234,6.703825,-12.959961,5.7948523,11.716283,5.472633,-11.183552,5.9145045,5.478863,5.4438715,-8.587833,5.0806627,4.1037006,5.3800774,-4.4196367,5.686737,8.829624,5.496597,0.4770043,0.25567436,20.597613190610062,0.17660928732101394,0.027827149127935137,0.22445607,0.031985536,2889.2745891447994,2337.500799495277,5485.266831341912,107.666015625,metal,metal.00048.wav,clean
10.011059,16.042883,74.12018,12.8281145,-32.23159,13.106927,62.772324,10.079813,-23.32492,7.792865,30.028404,7.860208,-14.876241,7.8006225,20.153131,6.372035,-12.141148,6.34617,19.180307,6.3437376,-14.977439,6.0587873,18.800049,6.627856,-12.278636,5.5470147,11.281032,5.488614,-9.482024,5.1215844,7.924271,5.1633053,-5.6097245,4.884596,4.6561403,4.6297174,-5.2802196,4.488848,6.826087,5.1517563,0.5244218,0.2528641,20.2925733696509,0.19402490385545665,0.027590839471126585,0.21750559,0.025615223,2980.160116271462,2297.409233507639,5461.808639857053,99.38401442307692,metal,metal.00049.wav,clean
16.498144,20.430872,71.17403,13.27894,-22.343836,13.7910385,60.273594,11.196411,-18.556435,9.730472,27.622684,8.227986,-12.409244,8.917422,16.955914,7.34861,-8.733991,7.8217664,17.861544,7.1822762,-13.475232,7.385401,18.930727,7.0793386,-11.024661,6.814739,9.911685,5.9823465,-7.3751435,5.8378453,6.735554,5.833858,-5.9556894,5.5341463,3.8149297,5.63142,-6.191192,4.9987,7.1693306,5.1464825,0.502444,0.26773226,19.637585662854853,0.17751366582817338,0.02933066742797598,0.2489358,0.035917826,2987.2017926625704,2408.7557346459994,5629.0576285253,112.34714673913044,metal,metal.00050.wav,clean
9.626442,21.411486,54.66245,16.081488,-21.025988,14.865793,60.160816,12.213294,-21.065937,9.327725,32.14062,9.029918,-15.826892,8.463778,21.457956,8.602928,-8.718101,6.964868,19.355715,8.658457,-12.387802,6.603666,19.743502,8.261265,-10.803767,6.998815,12.307345,7.0358286,-8.376524,5.6196685,8.23457,6.7053804,-7.0850525,5.468007,4.327325,5.9916997,-7.3343887,5.165841,6.029405,5.605987,0.5169347,0.26843885,19.92722050152175,0.2284702738003096,0.048721283233463204,0.22617772,0.035457,3401.339372945473,2458.6986699147983,6163.937727511851,107.666015625,metal,metal.00051.wav,clean
4.007581,45.707417,83.274345,22.852448,-37.258846,20.772804,62.334545,16.572882,-14.855903,11.993284,23.4053,10.06687,-10.465684,9.816436,16.790585,9.159384,-7.9484053,8.929084,16.296947,8.293629,-11.256233,7.3481455,13.319225,7.4083776,-7.8180065,6.757545,6.423224,6.7681828,-5.477012,6.559122,4.675414,6.0625973,-5.141711,6.0336595,3.0196288,5.671006,-2.7726502,5.3036337,3.8143518,5.3068304,0.5338852,0.26357096,18.95172413702478,0.16221897373258515,0.04552426642134411,0.2398198,0.052572466,2716.8331745213422,2208.6739200618445,5122.777356599507,161.4990234375,metal,metal.00052.wav,clean
4.940334,18.475332,75.07084,13.08802,-24.737082,12.925963,57.010853,10.718159,-21.78284,8.854996,26.048834,8.290543,-12.566026,8.43933,17.441984,6.764162,-10.24325,7.425802,18.605541,6.4941134,-13.024874,7.1392,18.953098,6.3989544,-9.70242,6.5985856,11.359749,6.103097,-7.2705593,5.80822,7.7291527,5.1809916,-5.3974466,5.170564,3.4073267,4.937099,-6.935817,5.452984,6.544121,5.1870847,0.49260238,0.27952233,19.88624434187387,0.17261573626160992,0.03428760584440443,0.22735067,0.044516433,2906.853705902094,2374.626222343484,5519.324958730408,123.046875,metal,metal.00053.wav,clean
1.1746386,18.551455,66.648674,13.86069,-23.702898,12.915202,60.944363,9.735989,-18.885221,7.9553146,29.745417,8.300269,-17.54929,8.052256,21.030996,6.7622466,-11.191259,6.8962107,18.808363,6.853198,-13.065931,6.1631713,19.950945,6.405889,-10.563495,5.5791855,10.513773,5.4087157,-9.3363695,5.7982497,8.415618,5.0617814,-6.657996,5.274424,5.0049186,4.895192,-6.474301,4.962466,7.6110287,4.9499784,0.51017773,0.26971877,20.051914745655882,0.19579171101006193,0.04071171129673747,0.20699105,0.02738856,3114.329793935282,2411.5957201103197,5830.064746396091,123.046875,metal,metal.00054.wav,clean
10.46768,21.989603,63.71505,13.359087,-28.434465,14.227252,62.601223,12.586432,-19.601042,9.564706,28.82345,8.562785,-15.230561,8.091057,19.297329,7.9172993,-10.69957,7.2443857,18.856491,7.7045755,-12.71232,6.5967627,18.030092,7.471556,-10.830204,6.661919,12.705911,7.091147,-6.121331,5.9383273,9.256771,6.1091843,-7.143946,5.482249,4.64053,5.936775,-6.5071797,6.6639547,7.859061,5.7830343,0.4990352,0.2714341,20.293155170714066,0.19692586892898606,0.033532613558509075,0.23245998,0.033581816,3108.6767565401215,2361.285861644137,5699.065538530379,172.265625,metal,metal.00055.wav,clean
11.97404,19.991148,69.42492,14.221781,-23.266045,14.240273,60.70763,11.084953,-20.820644,9.09878,25.098286,7.8858676,-16.195517,7.843162,15.557082,8.189292,-10.503491,7.4585447,18.778439,8.026812,-13.387608,6.5655847,17.373083,7.133421,-11.059947,6.017638,10.266618,6.4266,-8.716945,6.1534915,8.182579,5.6388063,-4.960778,5.689826,5.420798,5.5451984,-5.496191,5.644807,9.081053,5.9517665,0.46347606,0.29182264,20.071229180353985,0.17932884759578174,0.034958637192691384,0.24290091,0.036821663,3010.8123920844464,2386.8322619411997,5633.407602221604,107.666015625,metal,metal.00056.wav,clean
-24.911848,38.854248,77.54363,20.697693,-30.417303,17.906857,68.36967,12.974329,-6.524643,9.383936,24.6945,8.5219755,-9.805858,10.428828,19.518623,8.659937,-11.461867,8.293509,18.59208,7.575753,-14.161357,6.796416,14.448354,7.2544155,-5.920214,7.278093,9.08153,6.0606346,-7.698092,6.2427325,5.832566,5.8025784,-6.617128,6.192987,2.292533,5.8002486,-7.4986577,5.4349685,5.7593102,5.6315813,0.48765814,0.27610654,20.527641367489526,0.14377388496517027,0.04153456396144725,0.20718965,0.038255684,2718.481020565502,2270.645535830712,5227.210058442579,129.19921875,metal,metal.00057.wav,clean
-15.687386,18.379215,100.098274,13.5986805,-37.590458,13.127217,45.971,11.228865,-20.773737,9.332349,25.637007,7.32693,-18.64387,7.0780053,26.516623,5.885648,-20.16317,7.1245756,21.12962,6.6603446,-13.649133,5.9642777,10.978789,6.7137527,-15.535993,6.1818314,3.6814206,6.175799,-7.7146096,6.100303,3.9337354,5.161615,-8.12184,6.563399,6.9547653,6.9255476,-2.0548267,5.789234,3.9079616,5.988873,0.46137363,0.28132075,20.203329524419072,0.1428422957381966,0.034063371145174125,0.18442486,0.032006573,2459.3807747248898,2221.382901446609,5024.202952665441,143.5546875,metal,metal.00058.wav,clean
-15.622626,18.992731,99.13169,12.810778,-45.62269,11.64542,55.021473,8.398442,-18.016518,5.4751987,23.8905,6.7241187,-19.60334,6.0037355,27.33491,6.3057685,-15.09996,5.544669,18.792261,5.638743,-16.151487,4.7986445,9.21564,6.8184476,-16.218187,4.997324,5.4411445,5.564702,-4.6560435,5.745469,6.2786555,7.5987663,-4.701227,6.3261604,7.4452233,5.265137,-5.8759637,5.3868566,-0.6940045,5.4772105,0.4676862,0.2721955,20.40562830758204,0.14985396913699692,0.032892969553277515,0.18227965,0.030084321,2442.6700033077755,2102.978887667062,4728.971404556889,99.38401442307692,metal,metal.00059.wav,clean
-58.221924,23.826645,105.824524,14.424568,-43.90767,14.058178,58.441563,6.9655495,-18.440866,7.5008974,27.96586,7.1860805,-17.969337,6.131637,21.04812,6.161526,-15.5502615,5.8738585,13.395051,5.5724244,-15.685904,4.9733133,9.364441,5.1535683,-15.323449,5.675456,1.5323157,4.982548,-5.9749947,5.644936,2.0517452,4.6694074,-6.8151,4.992216,4.210942,3.9237409,-3.407656,4.511495,1.7647107,4.1738086,0.5405549,0.24400535,19.466450552777506,0.13954412974071206,0.04014624339534633,0.12572911,0.02527246,2315.8697989887996,2066.663280190379,4616.630417200803,89.10290948275862,metal,metal.00060.wav,clean
-74.115524,28.26885,80.12189,16.829828,-46.98442,15.436473,51.01986,9.289508,-9.138492,8.11195,31.76564,9.429328,-6.376152,9.961883,24.85552,6.81125,-19.142609,7.965791,20.790123,6.7923684,-11.669212,6.800766,13.848666,5.682188,-16.47486,5.9346128,7.748832,5.7756805,-10.6138525,5.434067,7.497552,5.510109,-10.351636,6.4334493,4.983658,6.322661,-8.210215,6.3452935,1.2308667,5.6575284,0.5092077,0.2743352,19.98619098609602,0.16644079249709753,0.046304033099206235,0.10460098,0.02387412,2709.5400662447228,2194.487062440739,5081.527606031105,107.666015625,metal,metal.00061.wav,clean
-100.42865,36.424107,104.687256,19.860899,-57.258133,18.153837,56.590782,10.622011,-5.5367737,9.656555,22.83633,10.067053,-6.167544,10.509502,23.090935,8.87983,-19.069187,7.083709,17.792307,7.221351,-13.767806,6.917023,9.958694,7.0786033,-14.848816,6.9876127,0.34489515,8.434804,-7.3256383,7.2724757,6.9757853,6.389798,-12.664746,6.3859863,-0.55819917,5.577994,-11.753996,6.1206145,-1.5418612,5.509958,0.45689827,0.27568984,20.772981416776158,0.13738125544214397,0.032912748338111274,0.097560614,0.019056369,2269.195809921602,1928.8258972738686,4186.549684506821,117.45383522727273,metal,metal.00062.wav,clean
-93.59133,26.505285,89.89402,15.280833,-55.902695,12.462173,51.637325,7.456675,-5.558396,8.19166,28.777815,8.468881,-13.892873,7.5583596,27.350773,7.4296103,-15.316164,7.8106775,22.829412,6.7294855,-12.410712,6.3078537,9.704986,5.837323,-19.730852,6.0333085,-0.7791874,6.512313,-9.100343,6.9741945,12.41412,6.562833,-5.453556,7.0856214,4.238625,6.534436,-10.8701935,5.763411,-2.9501216,6.040805,0.43660563,0.28528708,20.94959883514536,0.15180860584365324,0.03138911017468492,0.09364971,0.019671932,2463.4494582050966,2037.300178784003,4547.580834734182,129.19921875,metal,metal.00063.wav,clean
-110.87448,66.38388,83.18676,24.679714,-45.257427,29.907116,56.596424,13.119437,-7.4923544,13.61467,19.979755,11.360338,-13.402861,12.857547,21.218973,9.243934,-15.71974,9.537011,18.087412,7.451818,-18.12701,6.643802,12.930389,6.2211785,-17.24171,7.8790483,3.3319187,7.6195135,-7.5791416,8.414148,5.8677907,7.5161967,-7.949427,9.729392,6.8205414,7.150208,-5.672731,7.958701,1.3515627,7.622726,0.438512,0.28594336,20.456751255076927,0.17731298676954335,0.06290043957582503,0.09044781,0.033403013,2683.329925042629,2126.7478903554274,4972.6949307940695,95.703125,metal,metal.00064.wav,clean
-86.27023,29.709558,76.75911,19.646343,-42.356274,16.928381,53.999104,9.838904,-8.330258,8.776469,29.407862,9.119326,-7.9087305,10.093778,26.661465,7.48409,-14.234941,8.915537,18.466795,6.742629,-17.955868,6.4128942,9.869916,5.7247357,-19.038649,6.1525116,6.477254,7.116248,-8.355194,6.662924,4.8816915,5.986655,-11.782924,7.0261965,1.6698998,6.135446,-10.605783,6.2469234,-3.7786944,6.0179067,0.4696017,0.27071932,20.984944646009794,0.17124877551760836,0.04077768209285232,0.0953466,0.024279466,2760.342381683784,2242.7379917564763,5260.1848590484715,117.45383522727273,metal,metal.00065.wav,clean
-135.51762,75.96585,93.37061,26.912565,-43.314274,26.67543,59.227753,14.95877,-8.516594,11.596004,20.944653,11.740579,-6.5328155,12.601829,21.889866,9.65758,-18.970129,9.029569,17.05032,8.626667,-15.884877,8.647959,11.082778,6.834672,-18.48888,7.7197433,-0.826837,8.493287,-5.6172304,9.4039135,4.6652665,8.955687,-8.734545,10.464744,2.1139977,10.090651,-8.564519,9.220091,0.2105193,7.199603,0.43017206,0.28472164,21.275602695715254,0.1442818184017028,0.06215697131575126,0.08803666,0.031601723,2389.4350405557316,2027.2831976394784,4448.281435184065,61.5234375,metal,metal.00066.wav,clean
-82.50126,38.684963,97.34412,17.98458,-34.373585,17.426989,71.40592,13.737237,-3.2831826,9.275889,17.367373,9.197814,-9.023832,9.217804,16.011179,7.645685,-19.003857,7.7938275,12.078761,6.7782836,-9.568192,7.381632,13.949616,7.5472555,-14.460563,7.068292,7.954933,7.7645574,-7.123618,6.5119605,5.177264,6.165673,-7.2045445,6.6637278,0.6676064,6.5320463,-4.8388996,6.3636413,-2.1070077,5.365762,0.4691472,0.27213317,20.382411410710528,0.12015875943304953,0.03841475963498382,0.13624883,0.037760217,2254.451747982022,2070.908728642475,4381.173507643189,135.99917763157896,metal,metal.00067.wav,clean
-99.92597,61.73345,106.37655,22.2064,-40.69357,16.769615,52.71699,11.760927,-20.752644,14.95173,25.27852,10.342813,-11.834835,10.150977,22.090797,8.148929,-12.473096,8.665711,13.7743025,7.5395074,-14.384913,7.260821,15.974963,6.909253,-11.724976,6.4052405,5.771152,5.9799223,-9.157407,5.906922,3.6455305,6.078716,-8.888176,6.306475,2.3828778,5.9983597,-3.6879463,5.9363,0.15610039,5.6538897,0.46307755,0.27663743,19.610382129334013,0.13075015419407895,0.0418494982610602,0.09832205,0.03207351,2302.7150351085147,2069.410699884745,4598.97219064435,161.4990234375,metal,metal.00068.wav,clean
-111.631966,39.681133,111.15152,18.790073,-10.673634,15.004062,69.67505,10.3980255,-4.9124284,9.922601,29.834528,7.7811747,-10.388692,8.834817,21.257767,6.569273,-6.6391087,7.671962,20.084322,5.9004693,-7.234053,6.169133,16.228865,6.964622,-10.11801,6.7030506,5.317103,6.4080215,-3.5098681,6.358125,1.3618948,5.915048,-4.7046037,7.2228956,5.6378694,7.1918926,1.5145245,8.135821,1.8745896,7.039368,0.45407566,0.28272435,20.42508885352626,0.05379181380611455,0.02598138017131214,0.17355335,0.024823107,1741.2304486142502,2098.637822048585,4110.21681274792,161.4990234375,metal,metal.00069.wav,clean
-197.24265,62.464294,74.135826,29.539188,-10.732934,27.103802,54.719276,15.705575,-7.5989184,10.883226,18.415987,13.109472,-18.87797,8.978507,11.601353,11.529298,-14.568,8.34444,18.417076,8.211419,-16.47915,8.395739,12.569828,7.9662046,-10.470822,8.045529,12.355381,9.074968,-6.2587886,7.395902,10.49567,7.825455,-7.0594673,9.153871,3.7297091,9.197939,-3.235438,8.406822,0.6581138,7.1719885,0.4146484,0.29942095,20.076476641932864,0.14287668706462847,0.06221136365525387,0.048858766,0.0274496,2742.97005055359,2450.8153919409297,5626.015980251064,117.45383522727273,metal,metal.00070.wav,clean
-78.646675,64.06354,80.88038,19.08905,-24.589212,14.804603,47.02528,11.633542,-23.75068,10.051325,27.423235,8.445227,-17.429619,9.360708,22.271524,8.59127,-13.534701,7.159951,21.57405,8.881877,-11.100493,7.314117,15.586865,6.1671233,-9.705412,7.360692,10.519357,5.977569,-8.843406,5.8687835,6.2142015,5.784207,-4.767707,5.9581556,4.531236,4.951473,-3.4288983,5.852312,3.1645641,5.450776,0.47982642,0.28244996,19.198256435255736,0.15380519241002322,0.05464209441438135,0.11531483,0.043909356,2808.0046134374647,2407.491842048223,5674.13235596459,86.1328125,metal,metal.00071.wav,clean
-35.211857,19.337008,93.95566,15.385416,-35.184963,11.364409,62.78997,9.991433,-11.732125,7.06711,26.993427,5.920012,-10.765925,6.9872274,24.075377,5.547768,-13.050642,6.2411246,13.60035,6.3945413,-12.423316,5.9859166,13.567939,5.6546483,-12.25336,5.8294425,5.923869,5.274732,-11.990138,5.059989,3.3103526,5.3794875,-11.968026,6.071972,-1.3697472,6.305779,-2.4044914,6.7543173,-2.6268032,6.1384583,0.44523817,0.28362554,20.331551611985546,0.11682733588912539,0.03924978151689941,0.19427228,0.027740791,2340.0309695596898,2151.9911700360217,4708.263196443257,123.046875,metal,metal.00072.wav,clean
2.7658198,32.013676,77.069046,20.526947,-17.562172,16.43472,57.969265,14.394779,0.7340004,12.072335,28.834631,11.041067,-7.8623486,9.592121,27.62109,9.018558,-13.553445,7.823248,17.290194,7.9018345,-7.5781507,7.386564,13.043516,7.267324,-8.747499,6.896183,6.2662,6.103135,-8.75173,6.0960393,5.6346817,6.4346805,-10.762566,6.546368,1.7315366,6.260182,-7.0443187,6.2381644,-1.6029269,5.9828205,0.42996475,0.28129807,20.45672618471288,0.12134280367163312,0.04278340857391909,0.2933537,0.047151286,2642.032925778633,2461.1191861458697,5566.866337920859,143.5546875,metal,metal.00073.wav,clean
-201.17038,39.066875,76.82515,22.553808,-14.830626,15.965007,68.75314,16.809147,-12.95295,10.2509575,36.95549,9.543323,-10.98254,9.483078,23.685736,9.202091,-12.256573,8.114197,16.672417,6.333637,-11.068587,8.222724,15.556435,6.4537654,-11.184572,5.3553205,10.567687,6.284084,-3.8928819,6.440769,7.0718303,5.6713552,-9.825485,5.942519,2.655147,5.7079773,-9.00015,6.1575065,-2.2275774,5.3914437,0.48351958,0.2757128,19.364306139824656,0.13497272881191952,0.05791138186429692,0.040842734,0.008877005,2723.644292308424,2399.629391000355,5495.000105819466,123.046875,metal,metal.00074.wav,clean
-40.462826,57.314613,105.28377,24.48865,-14.121419,21.810396,54.854095,12.494403,-1.1847332,10.979188,20.07817,10.983853,-11.68658,8.446405,22.177694,10.571005,-10.237689,6.794979,14.195452,7.943604,-6.912577,7.14929,13.34514,6.3634872,-9.254659,6.4170465,6.935655,6.2785687,-4.394074,6.043571,7.80383,5.4663444,-7.623223,5.699389,0.6606221,5.4571185,-3.9646745,5.6164894,-0.00101941,5.2981415,0.4483327,0.2765844,20.74022479488098,0.08889326443982198,0.03932209341487458,0.24473605,0.0812171,2068.684393029252,2199.3695655238553,4439.356489151993,112.34714673913044,metal,metal.00075.wav,clean
-100.87204,39.57702,76.131744,16.170385,-29.540949,22.232561,69.70769,7.481206,-17.339687,10.033609,21.392006,10.351524,-12.921216,7.320001,22.004938,10.047339,-9.841376,7.262571,18.424263,9.075452,-12.037167,6.187145,8.98118,8.880472,-20.874262,5.178454,-2.6910977,6.8237624,-9.629926,5.453944,2.931675,6.561569,-7.5035872,5.411266,0.5312702,6.871155,-4.9693637,4.762944,-3.1851037,6.3456135,0.4958897,0.2728839,20.642656602310936,0.16254058932372292,0.053563896863959425,0.09692568,0.038130745,2792.6902805308296,2250.775398105747,5321.717820300406,143.5546875,metal,metal.00076.wav,clean
-42.02993,23.059824,86.998,14.107368,-27.519882,15.242867,62.60779,11.908624,-27.02055,10.472874,32.348595,8.515317,-18.955395,9.095211,22.138983,5.675023,-14.33114,7.050563,19.516882,6.9818487,-10.970767,6.7176213,16.759539,7.6043954,-12.395561,7.7613816,10.520514,7.235922,-6.721216,7.5443144,6.5170836,6.4990215,-9.209883,6.520045,6.571162,6.6356006,-5.7864056,5.735977,1.3288357,6.285035,0.44094372,0.27952483,19.72718153924885,0.15998467129450464,0.034730606650250746,0.14909758,0.025035711,2741.086952229798,2302.147296184746,5409.3672902960525,151.99908088235293,metal,metal.00077.wav,clean
-1.6504898,35.535534,73.40672,20.552223,-15.8976755,17.171263,55.80285,14.649489,-1.9217752,10.042707,34.024567,10.999546,-8.33632,10.167779,32.767876,9.860455,-9.721337,8.898902,20.836998,7.4587684,-9.041395,7.418884,13.956027,7.5257387,-9.598967,6.841571,4.965141,5.9972687,-6.625369,6.153142,6.481497,5.735921,-6.449592,5.174202,2.2325191,5.255551,-3.009212,5.370812,1.9899175,4.6288633,0.5335914,0.26341444,19.314729717630605,0.13186541577979877,0.046354466994245974,0.26945254,0.041785333,2815.480455068502,2548.1294283251427,5898.380999963719,99.38401442307692,metal,metal.00078.wav,clean
-74.930435,39.499077,79.14186,20.35201,-40.91249,16.340796,54.720623,9.370261,-9.683361,10.366225,37.261475,8.934745,-14.976005,8.777806,20.937372,8.342459,-17.431295,7.421493,16.582232,7.2984166,-11.095817,7.1577196,15.470192,7.2294884,-11.143389,6.6747794,10.473645,7.9118752,-6.3828206,6.678015,5.5478888,7.5174875,-7.29011,6.7907057,2.9126554,7.630461,-0.5690331,7.635704,-2.834362,5.938331,0.4725175,0.2690997,21.217534281556173,0.14390615929760062,0.04460432236376251,0.12730838,0.042055517,2710.046718960874,2264.0402290649054,5322.6094815753195,123.046875,metal,metal.00079.wav,clean
-73.53079,46.71229,74.63624,18.717207,-16.441614,15.373182,55.65842,11.256452,-7.735835,9.446285,36.544735,8.75166,-18.304749,7.8840795,27.83494,6.848497,-11.930489,6.9070334,20.062954,7.0726967,-11.356052,7.354267,14.714357,5.9690886,-7.2918735,7.3253217,9.606173,6.505849,-6.752446,6.0346656,7.8925457,5.848965,-3.5827742,5.925634,2.666089,6.4600463,-5.1028223,7.0779405,3.0479608,6.763781,0.49709386,0.27870843,20.66890846553028,0.14412119956946595,0.053472713662802505,0.13986295,0.05509969,2848.182022368144,2497.656043493818,5930.589138538845,161.4990234375,metal,metal.00080.wav,clean
-19.135782,29.83828,118.842636,15.492213,-52.170376,11.591303,42.712044,6.8575726,-21.5773,7.7482343,27.695185,6.521851,-14.619277,6.8367124,27.023914,5.8038177,-17.138739,5.9524517,18.976408,6.354388,-10.770826,5.3267493,9.391385,6.666237,-4.661059,6.4663544,1.0903963,6.882837,-5.0440955,5.7271595,4.053998,5.381272,-6.41968,5.0797625,1.9957601,5.397519,-5.504406,4.6673985,0.4586855,5.026216,0.517647,0.24958098,20.987297475617655,0.12199056997387771,0.02780910931415909,0.19039944,0.033330154,2138.2402467474144,1970.6705014339848,4201.149596223152,151.99908088235293,metal,metal.00081.wav,clean
-57.683388,27.860125,101.43232,14.473037,-41.485245,13.400255,55.130604,10.443533,-23.34928,8.012975,28.151102,7.6187873,-12.139104,8.60948,18.150206,7.286231,-15.429839,8.934352,11.888646,7.035791,-10.803695,7.6625752,9.394469,6.187707,-12.284428,6.645998,4.809484,5.3874283,-12.406642,6.4155035,5.4261503,5.9895725,-8.844725,6.1799097,0.0592812,5.5986423,-3.1784744,5.5455065,-3.3618436,5.6505055,0.5132023,0.2589912,19.531610109430325,0.1413173616486068,0.03138005003061785,0.13158989,0.038606588,2378.392047570882,2092.439556858862,4748.562952756143,123.046875,metal,metal.00082.wav,clean
-29.364521,31.548243,101.90519,25.684912,-29.13861,14.779773,69.73786,11.119852,-16.19941,7.8313975,19.447557,7.1452446,-18.348463,7.351207,19.076456,7.0218377,-18.29892,7.0550804,15.284218,7.370375,-8.25647,7.1103272,2.497314,7.0296936,-14.802311,5.534218,4.613596,5.0621123,-12.252426,4.607793,5.274204,4.82225,-10.689712,4.794145,6.4197164,5.0693374,-6.4118514,4.833325,-7.0120497,5.1122017,0.45723015,0.2706515,21.087188620893308,0.1229134668875774,0.04477491393495899,0.20863253,0.032678287,2340.7560584493326,2140.301219248904,4715.921483467976,117.45383522727273,metal,metal.00083.wav,clean
0.29729375,43.894676,94.16096,20.213352,-32.3892,16.432684,45.45783,13.070188,-15.206419,11.786979,25.888224,9.85578,-12.4076,11.42694,19.625692,8.768981,-6.809362,8.374452,17.237934,8.155951,-12.993833,8.650048,13.681172,6.7953615,-8.694563,7.7547307,6.838666,6.3484044,-8.357132,6.662591,4.9821687,6.132194,-4.3411765,6.384171,4.7893076,6.3340664,-4.18103,5.9538374,2.5486681,5.539237,0.48040015,0.27989104,19.465161149577707,0.13858495186726005,0.0459573222247587,0.22978404,0.06490369,2522.6734734695337,2276.0092934078225,5089.835889125387,151.99908088235293,metal,metal.00084.wav,clean
-46.61735,39.04093,86.81587,20.037561,-34.77483,15.282177,49.901302,11.694448,-18.18641,9.032031,28.723974,7.7616544,-23.486286,9.602271,15.659389,8.516632,-8.936177,11.329256,10.598558,8.880241,-18.183575,7.9353924,12.44495,7.257487,-13.5549555,6.5720315,4.67121,6.9438524,-11.670172,7.289642,5.325438,8.025237,-13.545012,7.411659,1.3799648,6.79991,-4.7241096,8.087931,-3.12482,8.016651,0.44104913,0.27701914,21.48295225178532,0.15778135884287925,0.039394280650209876,0.1519097,0.04644907,2647.051996452653,2256.5629950023,5304.93458845298,103.359375,metal,metal.00085.wav,clean
-96.304504,35.293633,90.98215,17.195644,-32.244606,17.885569,54.340145,11.212101,-23.049862,11.2645645,27.707537,10.013905,-16.94906,9.472061,21.061527,7.5788064,-18.193655,7.043691,22.608337,8.289625,-9.001288,6.9372473,14.27406,6.9722157,-11.000206,6.8993926,10.09328,6.682919,-11.180352,6.2263384,5.7860255,7.217219,-9.896402,5.609747,4.399218,5.7943187,-6.9783983,7.2757454,1.2410431,6.1046863,0.43421626,0.28351766,19.988715047913335,0.15904401182759287,0.04622086101012997,0.08828784,0.0184696,2629.0107378061284,2248.2361500739767,5189.310287617309,123.046875,metal,metal.00086.wav,clean
22.813816,27.287806,60.81909,16.182209,-6.410773,16.276596,53.192284,15.3213415,-13.250526,12.684638,27.924463,9.93046,-14.319426,10.347333,29.69412,11.076404,-17.342934,8.498694,20.313677,9.295365,-9.7461605,8.565199,17.133959,7.870639,-8.26537,6.795933,8.699249,6.618542,-10.187819,6.533636,8.035244,6.1060143,-8.118927,5.8255463,4.91807,6.483162,-2.4821692,5.930842,3.2020516,6.033976,0.5167892,0.2688408,19.103351716579493,0.18681330725135448,0.043127939458850975,0.26716456,0.033988945,3338.669549044171,2697.044970656925,6670.7596628289475,95.703125,metal,metal.00087.wav,clean
-129.72392,69.71203,104.0453,27.40815,-26.971245,26.213003,68.268524,12.2729,2.4256186,16.834293,22.6046,13.7880335,-12.102456,13.70757,17.058987,9.320587,-5.6731367,10.472978,13.67059,9.205906,-2.8124678,9.388441,5.375527,8.449159,-3.007236,9.548783,2.9793866,7.130309,-5.830591,7.292713,3.9462996,7.1433854,-5.9979544,7.510285,-1.9706922,6.3974047,2.3825228,7.754512,-3.8564756,6.824702,0.42164207,0.296428,20.587962761720156,0.09242007606907894,0.046078544822066386,0.13326412,0.05790108,1988.109763779383,1986.9871058028693,4148.1665832708495,117.45383522727273,metal,metal.00088.wav,clean
-90.7047,45.989525,128.03145,14.449625,-34.762016,12.720187,73.75541,9.766161,4.3358192,10.365147,28.097118,5.9169765,-0.5283841,7.5291,17.356289,6.6348987,4.3896894,9.952164,12.314994,6.6038837,2.2703788,7.3318505,5.679951,7.317493,-6.7684245,5.9675217,-0.4774752,6.194704,-0.2847348,5.2305446,5.875542,5.4861965,-3.9548364,4.6068935,-1.292345,5.656468,3.5097077,5.5083923,-1.2530525,4.199857,0.45595163,0.301299,20.27477998012243,0.046570013182082044,0.026461036518032114,0.26598838,0.06465005,1443.9436096106103,1726.935516744757,3286.646792763158,151.99908088235293,metal,metal.00089.wav,clean
-93.4888,30.071651,100.64778,19.380348,-23.36959,15.042408,52.49629,10.607278,-7.7495127,6.8762374,39.58746,7.140823,-7.7753916,7.405915,26.730106,5.915638,-12.477862,6.992237,11.733406,6.708985,-10.55607,6.2482967,23.026806,7.8479376,-9.96186,7.7379217,4.1548424,6.714483,-12.798698,6.667088,1.7885051,5.334304,-2.0170689,6.975975,1.9329511,7.6110506,-9.061236,5.7030907,-7.053525,6.7957263,0.42686749,0.2899979,21.506198548798633,0.08467824835526316,0.04223389435433258,0.14660068,0.019317577,2141.7609290488185,2217.392132662726,4682.913349730312,89.10290948275862,metal,metal.00090.wav,clean
-96.65606,41.80421,101.72485,19.227625,-16.843752,16.539078,47.311695,10.731049,-27.08291,10.097621,28.27573,9.530478,-17.200556,7.903938,21.652477,6.4467406,-17.890528,7.1661787,7.0187664,7.252164,-14.618829,8.574203,15.222269,6.7365885,-16.005716,6.782818,3.4892616,7.917214,-13.510425,6.9613705,0.34644547,6.8232455,-9.604607,7.2491145,2.957613,7.8333993,-7.067704,6.1616607,-3.1289787,6.146371,0.38018358,0.28752282,21.916007160176758,0.12008733129353716,0.04621244200679884,0.11596696,0.032396138,2323.780312899506,2263.9213905015763,5018.994650825996,92.28515625,metal,metal.00091.wav,clean
-67.89626,27.934628,108.934105,18.265163,-33.84926,16.22344,50.502457,13.837009,-21.373014,10.169046,21.500319,9.843496,-14.890105,10.5328665,11.634114,8.50738,-19.267109,7.637429,10.540525,7.358592,-13.92236,6.969441,5.5628266,6.724138,-14.436232,6.2075114,1.9926131,6.096507,-14.666116,6.128767,-3.0274563,6.7035065,-13.955391,6.3973346,-2.0799775,6.467364,-9.063074,6.5595536,-7.5461564,7.082224,0.34193188,0.29877022,21.808944296848445,0.09332936762287151,0.03304677934461374,0.16628256,0.0377508,2090.4594584373685,2065.2601325757073,4393.290101042473,117.45383522727273,metal,metal.00092.wav,clean
-104.97826,21.56202,80.70867,12.06166,-28.533834,9.875605,66.800766,8.282832,-20.704027,8.885113,29.11902,6.569833,-9.355721,8.315063,22.353577,6.782926,-12.043808,6.4602456,13.592497,4.903767,-14.734194,4.923523,11.049198,5.421158,-15.269818,4.448353,5.3051586,5.044853,-14.498409,5.275059,4.748712,4.3089724,-11.4545145,4.4180217,-0.11827045,5.0201783,-6.5025268,4.4877615,-2.673578,4.3318605,0.44432577,0.28529543,19.675702386121497,0.14164653577302633,0.039843251002779204,0.09202425,0.020598114,2644.8797461791337,2268.0800473393033,5176.952029012674,172.265625,metal,metal.00093.wav,clean
-104.68676,53.599194,87.7357,28.226337,-33.242126,19.099283,48.456833,20.412415,-28.92499,12.766664,22.51373,11.384147,-24.994108,10.89912,20.534803,9.643584,-12.07721,9.010953,18.25662,9.8791,-15.190194,7.9044123,10.294038,8.027454,-13.897689,9.50782,10.2869,9.386653,-4.697043,13.019359,9.943593,9.3107,-5.6209707,10.149918,4.7915606,9.003917,-11.678111,7.6497025,2.9583418,7.5556507,0.40688816,0.2883363,20.565099267334617,0.16091248125483745,0.05765645595689141,0.09048659,0.024815362,2707.5423665716194,2235.047516078008,5292.017999891157,161.4990234375,metal,metal.00094.wav,clean
-35.348392,35.472496,94.13724,17.881426,-24.249739,14.021352,43.3057,10.976985,-16.374916,10.011101,29.515818,8.648988,-5.852855,7.9631114,28.461887,6.972908,-13.956537,7.0552363,13.738647,6.829271,-9.20102,6.5049577,15.596586,5.7280483,-8.491608,5.80388,11.409294,6.2778172,-6.139506,6.0370197,9.319452,5.6608534,-6.614794,5.800192,3.5066886,6.952419,-3.2864223,6.1510305,3.6673043,5.6263714,0.529228,0.26250833,21.257709202135178,0.12103592722039473,0.04877973941713198,0.18551446,0.061395895,2445.203639101959,2330.736927615811,5191.393608353086,151.99908088235293,metal,metal.00095.wav,clean
-51.584152,54.732735,86.15931,27.092775,-20.28268,25.76002,59.05158,21.157059,-10.889933,13.583072,27.533499,13.141522,-11.25417,9.611672,23.941713,7.8537273,-11.55746,7.2043786,13.293803,7.900567,-9.016419,6.760067,13.907335,6.478634,-10.740367,6.0467453,8.386071,5.5940757,-7.0909276,5.8029866,8.215174,5.7483873,-6.1754866,5.040786,3.802813,5.364258,-1.9112833,5.9986067,0.8906286,4.72705,0.51853174,0.27481765,20.653095064505216,0.12823996529121517,0.05962516606316832,0.18819803,0.05618646,2493.9383740127623,2286.39257382821,5105.485794492551,161.4990234375,metal,metal.00096.wav,clean
-82.15792,71.68411,98.29185,17.338287,-16.522001,27.554222,68.44801,11.829542,1.4452631,9.411878,29.869274,7.0801573,-5.2750893,8.431148,24.39949,8.010889,-10.475004,7.414508,14.404365,5.8821707,-7.89216,7.514476,10.020229,6.293381,-8.503235,6.733032,6.668705,8.471717,-6.297929,6.45916,4.435781,6.2072983,-7.250673,5.9289947,2.3266814,5.732849,4.2457356,6.38824,1.1033678,6.180364,0.49188632,0.27162775,21.230113645504876,0.08620620585816563,0.04458004966640147,0.18607971,0.05198461,1983.2971581753839,2112.1199113500784,4241.324353291892,112.34714673913044,metal,metal.00097.wav,clean
-95.3391,80.39799,92.06636,20.799217,-28.061176,31.509773,52.796284,9.694731,-3.018975,11.703381,25.395771,11.1462555,-6.135991,11.19911,20.098091,9.274663,-10.223874,8.228488,12.411142,8.381589,-8.270396,6.8701015,11.693288,6.5154777,-9.268385,7.359477,2.805844,6.5229692,-4.433479,6.01922,5.498817,5.202469,-6.2805414,6.0920773,3.8303192,5.7400894,-0.42401585,7.062244,4.660675,4.926586,0.5105759,0.2777373,20.673456678326602,0.11576498403637771,0.06058348059520881,0.13900022,0.06697174,2241.4549321413824,2115.725579999044,4490.681178798616,151.99908088235293,metal,metal.00098.wav,clean
-66.66679,45.99176,88.367165,20.551071,-27.544342,20.252775,53.177696,13.882439,-9.20226,12.840461,27.959316,11.036678,-8.114096,10.495586,26.28682,8.1767435,-8.239136,8.288906,12.685691,8.285693,-7.13096,7.4144573,13.688374,7.2735915,-8.364938,6.0291853,7.9673624,6.2754464,-6.2975745,6.441819,8.121079,7.023437,-4.975645,5.692595,6.1613226,6.1523514,0.36444423,7.2894745,2.6937668,5.8911858,0.5163208,0.2740899,20.75075069299863,0.1080065275493421,0.05655816828667865,0.170098,0.061338373,2375.5535392574907,2231.7505281706153,4898.312047243857,143.5546875,metal,metal.00099.wav,clean
-94.53429,64.589195,55.664608,24.894876,29.260527,18.041988,27.047909,17.127926,20.063942,11.851547,1.1709083,14.991183,12.953799,11.671796,-0.7993096,12.727351,8.872952,10.935026,-0.67619544,11.213364,-5.338357,9.844407,2.2207074,8.603485,-4.614716,8.45055,-0.982661,7.046487,-1.4855211,7.833594,3.13206,10.596884,2.5117698,9.612802,4.0958257,10.626852,9.172982,9.361579,4.736745,9.413768,0.3897145,0.30154195,18.880159040261915,0.12676680715460525,0.09723434236558502,0.18582647,0.08670984,3422.09468148469,3409.811125578918,7953.293574188516,89.10290948275862,pop,pop.00000.wav,clean
-59.200977,73.69122,45.285435,37.95976,36.85824,29.932299,15.686738,22.245293,15.64339,18.286188,1.674394,18.143082,7.294538,14.823107,8.814742,13.684897,5.826009,13.744675,7.992021,12.162304,-2.28285,10.647727,1.8962289,10.407205,-0.9197742,10.783091,0.039757673,9.928208,0.09380678,9.6639805,-0.82496876,11.39168,5.5837708,14.331663,3.8282194,13.079865,5.5861907,12.906551,4.933342,12.462583,0.4127586,0.31245425,18.170599069454063,0.14947642039957432,0.0990904806192522,0.26218614,0.121851824,3702.928030369771,3431.802175141902,8073.092849778686,107.666015625,pop,pop.00001.wav,clean
-59.607124,53.949738,62.98234,24.429201,31.12206,13.461636,16.92889,12.489437,8.904489,10.174481,10.815333,10.595752,10.561759,9.109979,5.165959,7.474097,5.4082975,7.4210835,6.159945,8.087242,2.2780192,7.969396,4.254538,7.9551687,4.1256804,8.325391,5.7277184,9.35753,5.0610714,9.016303,5.671052,9.730974,1.4182494,8.485254,2.8187902,7.6202135,-1.4061422,6.6285534,-3.3785646,6.8014336,0.41789016,0.3059232,17.444761114687097,0.11886851780185759,0.07595188838513403,0.215166,0.081188366,3213.5168358111127,3269.5960671771636,7423.94677507619,83.35433467741936,pop,pop.00002.wav,clean
-125.906784,52.409386,126.61828,35.06127,-23.186909,22.519087,36.22425,19.202364,20.962921,11.929419,-1.1735234,13.4964075,16.486767,10.220704,-3.6612227,9.474612,6.520491,9.602686,9.33727,8.904088,-6.409656,8.387747,3.880195,7.7451186,-7.941657,7.616782,2.0486925,8.30034,-2.3359532,8.156259,-1.4812031,8.293432,4.7531238,8.821648,-3.5139244,8.477475,4.8868504,7.8309474,-3.1990805,7.807814,0.41005275,0.2848184,21.12101215285282,0.08535171367066563,0.04578306200615873,0.12935476,0.04256635,1837.191501891123,2067.0125708404385,3671.0694682118324,92.28515625,pop,pop.00003.wav,clean
-20.901945,35.735855,83.24167,22.31462,5.04696,19.500038,16.370789,13.128125,9.402538,10.190035,-0.56291837,11.506552,4.051513,8.79837,6.209602,6.9752254,9.122195,7.145418,5.865447,7.065821,-3.5055268,6.006431,-0.63873327,6.209942,-3.1722696,5.8754816,1.5466726,6.427462,-0.91755396,5.71182,-2.9599605,6.903802,-1.3302047,6.020344,-0.869388,6.607845,0.69230235,7.279731,-1.7670423,6.9782066,0.3843885,0.2891076,18.315496929292458,0.12376304602844428,0.07141076175717492,0.21116544,0.05067156,2753.2217697518786,2861.4105412456793,5986.188802335285,107.666015625,pop,pop.00004.wav,clean
-113.6181,141.11212,90.014565,21.335236,-5.5413437,28.84684,25.595474,14.019283,2.6011498,10.068849,3.1922522,12.175942,1.1311812,9.77011,6.1437187,11.334134,2.7893798,10.237753,-1.8761603,11.184412,-7.119991,9.457596,-3.441792,9.077447,-5.9110045,7.838726,-4.3507495,8.372783,-4.946462,9.335889,-4.3801026,6.4789915,-3.3122663,6.8877897,-5.4329095,6.87033,-0.5704749,6.7102623,-2.180239,6.7385354,0.32325658,0.29453537,19.814730796532224,0.10678053345104489,0.04953827779448168,0.13953836,0.07726442,2290.0859207010612,2435.918388296352,4748.004622798955,172.265625,pop,pop.00005.wav,clean
-169.15085,70.08314,94.640785,24.043037,24.504723,18.800877,27.41387,13.444352,11.641731,7.868944,14.895841,10.245578,4.234472,7.955986,12.369024,6.538521,10.702795,6.0761685,5.126413,6.7002587,-0.34236664,7.5193024,1.2547648,6.713003,-4.1575894,6.893471,-3.1358938,7.099199,0.29853344,5.8226953,-3.551203,6.11416,-2.8172486,5.818536,-5.7609015,6.2258105,-5.2082133,7.6287913,-0.09840235,7.067633,0.3746232,0.29292476,17.840012951733346,0.06769535785119969,0.052067686155297964,0.09395813,0.038234957,2125.4079876587084,2673.9246329139587,4979.028225830834,92.28515625,pop,pop.00006.wav,clean
-224.45636,60.656532,107.30909,44.833965,-1.5683284,26.291225,13.870831,25.905403,8.123952,13.485314,-9.378748,14.625293,8.120475,11.979373,9.294033,11.525249,9.099869,10.709238,6.025224,13.358141,-6.6545024,13.346191,2.0728164,14.1580515,6.2020764,15.475924,8.332799,12.603118,7.5784698,13.999151,2.0672486,14.199949,4.5554514,14.62627,1.2218053,11.434802,-1.6407906,11.832816,-3.7163208,13.253888,0.25158858,0.30245414,21.64010328474324,0.08234492913119196,0.048819085661004534,0.08428382,0.048815344,1968.4064522146039,2326.80098776959,4127.166710254209,129.19921875,pop,pop.00007.wav,clean
-52.448246,47.09937,74.02206,24.540913,12.697417,25.259945,24.500343,12.675662,21.107903,10.911175,1.904928,12.077206,6.796557,9.226965,4.7199593,7.734011,8.40647,8.271236,8.246996,7.4920316,-2.2676542,7.757854,-1.2025365,6.920859,-2.6778097,6.3325763,0.2613352,7.0505743,-1.0678633,5.697092,-0.8462423,6.506561,-1.2573466,7.782281,-2.3307621,7.3117385,3.8170018,7.385829,0.30459064,9.436812,0.40381122,0.29350522,18.512060461682655,0.1213038772252322,0.08898516427038436,0.19541194,0.0435261,2885.3303652171926,3009.780057474386,6430.294450222524,172.265625,pop,pop.00008.wav,clean
-35.297348,53.148266,61.247242,18.740152,14.059667,20.820879,28.661287,16.019121,4.3299875,12.560509,-1.3499215,11.950361,-0.790413,8.502557,5.1225405,7.7779202,5.3524,7.6810417,1.2215204,7.9777994,-7.2570734,8.479482,-0.516818,6.508702,0.21715884,6.8823514,-1.2905802,6.243948,-0.109008834,6.5405626,-1.2562847,6.597649,-2.535811,7.04304,0.57109964,7.7412972,1.5749441,7.900873,-1.7193335,7.8027964,0.4548355,0.27894676,17.07452816413741,0.17281943873355263,0.06553407755010623,0.15964586,0.057400856,3279.967331808209,3026.3931113810377,6953.21628818571,107.666015625,pop,pop.00009.wav,clean
-111.13056,68.31273,103.09619,33.397324,10.90997,16.218916,34.348927,16.019644,22.34365,11.143806,17.868382,11.311409,6.8071394,10.465018,6.333683,8.055874,5.488653,7.348584,0.61881375,8.256989,0.33940026,7.915541,3.8250782,7.487182,2.0442042,7.1527505,-5.5212603,8.198295,1.2078164,8.611763,0.39954302,7.890724,0.33297697,7.9370522,1.6744769,8.155174,-4.0542765,7.2890882,-6.405829,8.758858,0.37797883,0.29648405,20.099006127232578,0.06621728666795666,0.04725199819682986,0.18398008,0.05640239,1901.4116456876454,2421.1106771081168,4192.274649888738,107.666015625,pop,pop.00010.wav,clean
-240.68593,52.61604,97.109665,31.373312,0.40661886,20.781183,-0.2689551,18.745497,-10.478993,14.143852,-15.741311,11.626193,1.3906448,12.25358,-17.873804,12.917518,-9.089088,10.640185,-8.767288,9.475496,-14.260694,8.994141,-5.5017834,9.740021,-8.3689575,11.501981,-9.316447,10.32538,-3.1734798,10.879777,1.7531857,9.767939,1.5742666,10.227927,5.622142,13.210966,4.9669237,11.834624,3.7379048,13.92221,0.22562957,0.2939219,21.745756335847148,0.08712532350522446,0.05341270035424552,0.055772327,0.035183422,2200.7996805880507,2579.8254962150922,4627.663683817483,184.5703125,pop,pop.00011.wav,clean
-50.85386,47.236958,80.22757,25.705774,-9.293903,20.39485,20.294153,12.469533,12.106113,12.503917,6.7842712,10.404472,6.279613,8.867077,3.4291553,8.702564,-3.9568374,8.546565,2.5745726,10.353316,-5.706396,7.5858083,0.4841115,8.036127,-0.5719531,8.069445,-0.58427525,7.741617,-3.394357,7.682389,-6.79263,8.655967,-5.526354,8.359843,-1.6323348,7.253696,-1.6056237,8.193357,-1.5018032,10.461576,0.385887,0.29199982,18.513107803040384,0.12593423471362228,0.057999375041057045,0.16416128,0.051409636,2679.2839905691167,2661.8102808791496,5533.6998718072755,99.38401442307692,pop,pop.00012.wav,clean
-161.65413,71.40296,85.566696,29.377388,53.275494,21.711931,32.21721,16.991083,27.195436,9.052095,11.300175,13.145986,7.8961716,9.876148,8.764694,10.523153,1.2665906,9.510312,13.211441,11.915367,0.06758925,10.536409,4.8267465,7.8793287,3.1036131,9.238663,2.346416,8.326174,3.6764767,6.964473,-2.8747072,9.007407,-2.6143231,6.7347026,-3.1520004,7.3195047,-1.1912892,7.464403,-1.4712896,6.734136,0.3561919,0.307729,20.518545578962367,0.05165917364067337,0.039822200395237636,0.17306519,0.05223403,2150.085229874043,2917.6059092800347,5224.360075676035,143.5546875,pop,pop.00013.wav,clean
-135.32312,38.983887,107.81954,19.788736,-13.443976,21.580084,19.0207,16.76346,8.798831,12.858825,12.496944,9.618505,1.0323982,12.067171,11.318429,9.295813,2.543213,7.2743196,1.2272974,7.3338857,-6.39171,7.5022335,5.854486,6.9362774,2.8814301,6.526022,1.0215101,6.498681,-1.7751945,5.9894056,-0.50232077,5.35801,-1.0759585,5.1963983,-0.1634922,5.433281,-0.8965706,5.674921,-2.1383524,5.314811,0.42602187,0.28818253,16.753397440054258,0.0880610699255031,0.03587671137964071,0.07802102,0.016500289,1997.9771683248648,2291.3767266632785,4139.38330304881,117.45383522727273,pop,pop.00014.wav,clean
-45.75362,65.9846,65.276146,24.050003,12.941988,21.289423,14.516027,16.18142,7.0181103,10.648197,4.4085183,13.641645,6.6144414,12.281798,3.298751,9.311926,7.7367697,8.78025,4.059378,8.791245,3.6551008,7.101801,2.6030385,7.7046356,4.055315,7.6147003,2.3974423,7.695191,1.7854378,6.4988327,-2.3755167,6.468578,-1.3446785,7.3993235,-2.8704054,8.875215,-0.84292006,8.620848,-2.5974782,8.05995,0.38672364,0.29843923,17.604742946411054,0.14158379994678794,0.08348704875700591,0.1961825,0.07892445,3207.220332891123,3125.8917931551077,7019.807552184114,103.359375,pop,pop.00015.wav,clean
-97.0082,80.70666,51.786003,24.82374,18.738693,20.684868,20.481663,17.189583,5.6104527,12.520248,3.5735023,13.899143,5.5722895,12.055169,0.737395,11.920444,7.3361273,10.801096,1.6588529,8.648102,-2.7012625,10.2104025,-0.44397426,9.502669,-1.0818589,7.639265,-3.45436,7.6596594,-2.4807754,6.691168,-3.309378,6.897212,-2.2329962,7.23909,-2.6434991,7.00831,-2.74049,7.5992775,0.3115342,7.9040823,0.38877133,0.30616826,17.72244336501215,0.15341592794601394,0.08587397567031377,0.14658915,0.10215594,3490.329748964607,3205.8190593470636,7499.387985560178,107.666015625,pop,pop.00016.wav,clean
-53.12336,30.279774,78.31344,20.370667,2.2469547,28.826517,18.838303,14.730526,3.864591,12.805835,2.5142796,11.493013,-3.799186,8.815631,6.814705,10.477858,-0.8102047,7.972328,8.754906,7.9420815,-4.800525,7.7423534,-2.151995,6.846826,1.2861207,6.176399,-1.7439154,5.870099,-1.9404187,5.9209642,-1.587665,6.0869656,2.6303961,5.6643686,2.429557,6.5045176,4.0242414,6.2893853,3.9174662,6.6868052,0.43529552,0.28742763,16.646606009870816,0.12622977336493807,0.05007069434081561,0.14308856,0.03269124,2789.1243751604316,2795.4017589510063,6112.05470790804,107.666015625,pop,pop.00017.wav,clean
-48.958145,46.87896,62.637794,21.441746,34.22583,21.34317,12.313788,16.620451,16.560747,10.311506,8.622408,12.417171,8.7671175,10.185498,5.245012,9.190916,6.79424,8.716751,9.059274,9.28853,-4.085325,7.64299,-0.7463065,7.6404138,-0.37564674,6.5207314,-0.47257915,8.276036,0.6466342,8.361133,1.7050617,8.87333,1.3546007,9.361815,1.9141525,10.773709,3.843488,11.322388,1.6038547,9.069029,0.41001046,0.2943257,18.008052507451165,0.12773467734133126,0.07461155724662408,0.20742075,0.06118442,3433.92215467519,3405.627632829895,7932.5853660748835,123.046875,pop,pop.00018.wav,clean
-25.156342,62.29394,70.818924,28.746153,2.9392478,21.55539,7.5544662,17.271482,1.4596194,14.102163,2.8461227,15.778702,1.9075499,11.391876,-6.8259797,10.191723,0.291451,11.093761,-1.9537078,9.8922415,-6.6516356,8.997408,-0.24398105,7.6157627,-0.7550278,8.240082,-4.249934,7.381596,-2.4407938,6.7092505,-5.6814713,5.893515,-1.5769206,6.953863,0.6693617,8.265133,1.6911364,8.597716,0.78813845,7.6243806,0.3766972,0.29671815,17.713955390499716,0.15605347813467493,0.10766473333368086,0.2108711,0.07619817,3130.9812160844167,2944.782384135563,6552.402045187935,92.28515625,pop,pop.00019.wav,clean
13.536641,57.273132,58.196354,19.8939,-2.2051022,17.678825,5.008136,13.80814,8.070771,11.241045,-0.4792645,11.944674,4.1051793,9.24447,2.2589247,10.309026,4.2934737,9.216507,3.5860925,9.20524,-0.5052726,7.868217,2.4214692,7.5330086,1.8804909,7.861659,2.1731513,7.6524067,1.9396269,6.9353623,-0.17357269,6.6171694,-0.6167384,6.750786,0.75454974,7.0328455,0.73560923,7.9058714,2.0239272,8.1508875,0.41231987,0.28568143,16.863140984611864,0.17974985789957432,0.08198335622865997,0.24811077,0.08623803,3487.4996203779583,3132.2284173757953,7444.24665232561,107.666015625,pop,pop.00020.wav,clean
-23.23011,83.14924,53.819164,28.887762,-0.6900112,18.764761,14.726739,12.192542,4.8718457,11.940742,6.73059,11.653141,4.84588,9.041883,4.9450912,8.55155,4.264521,8.812543,3.1102583,8.871915,2.549565,6.3498397,2.9879475,8.018821,4.6363297,6.4025044,2.8481328,5.581372,2.1776063,5.63499,1.0669053,5.158019,-0.47156632,4.8445663,0.3890188,5.3606896,-1.1717293,5.430305,0.5477562,5.381494,0.50439453,0.2713462,15.870752620347552,0.1870177655766254,0.08869752106767362,0.19348684,0.102173984,3502.139027387522,3026.937586569852,7199.581465115857,99.38401442307692,pop,pop.00021.wav,clean
-45.71781,65.84354,65.287415,24.014336,12.934513,21.27996,14.516592,16.19,7.038325,10.640283,4.395021,13.630265,6.6337786,12.244918,3.301898,9.325782,7.7297864,8.7974,4.070035,8.8003025,3.6681185,7.1264763,2.606271,7.683262,4.0490017,7.600322,2.3892908,7.69961,1.7840554,6.505999,-2.3934214,6.478937,-1.3437685,7.405574,-2.8735752,8.873273,-0.84610224,8.646146,-2.5911918,8.065125,0.3869217,0.29845557,17.6103147171727,0.14153920460042568,0.08343343157514205,0.1961218,0.07903552,3206.199866093883,3126.2162445699487,7019.440887734617,103.359375,pop,pop.00022.wav,clean
-44.287426,68.361115,51.327915,31.342829,24.990486,27.001955,12.160306,19.640255,10.873074,13.328297,7.612087,14.081553,8.21147,11.536488,-0.77332944,10.156928,5.946744,11.064662,4.7616363,9.503278,-2.5084326,8.408412,1.3215402,8.445813,-1.946599,8.326799,-0.4463359,7.621767,0.23645823,7.602796,-2.0033765,8.037237,-1.9639544,8.272996,-1.0339814,8.276002,0.5159019,7.5007796,-0.38595906,9.594456,0.3934257,0.30856258,17.891856907417704,0.17767428466041021,0.1002428898996104,0.21067363,0.085181795,3759.8089732129138,3293.7281764334216,7855.135834401606,103.359375,pop,pop.00023.wav,clean
-40.830166,62.344578,61.521126,23.89656,9.867293,20.21487,10.09655,18.788498,8.454962,13.10662,5.366854,14.1826515,8.376651,10.858031,3.5050008,10.690987,8.251043,9.63253,5.8800583,9.744566,-0.10423893,8.600014,-0.5703608,8.632115,0.55144525,7.399833,-1.9820307,8.143123,1.9155517,8.379691,0.076128036,9.264709,-1.270984,9.59412,1.2328514,9.698459,1.49382,10.136097,0.95021856,9.818132,0.41098088,0.3116665,18.029197071880322,0.14452671488003097,0.08253261216542591,0.20751022,0.09429661,3301.8647028211412,3175.6669505910377,7302.64750855626,117.45383522727273,pop,pop.00024.wav,clean
-106.83286,71.48498,81.01405,35.26947,47.822872,23.430382,13.640558,15.559966,13.000602,11.218593,6.8951917,13.999045,7.581348,11.014925,-2.6333249,10.033035,-2.4983122,12.15631,1.8714975,10.09896,-5.139433,9.013423,-2.7431228,7.4896603,-3.6675773,7.8704734,-7.8825502,7.949325,-4.80721,8.146952,-6.3778176,7.6091614,-7.399428,8.150667,-4.7401643,9.014233,-0.13400188,11.052288,-2.3326783,9.486599,0.33036476,0.30631694,19.30028489701525,0.10574085719814241,0.08759545864588295,0.1896258,0.08071181,2928.6503834649243,3201.0195484910073,6817.467109042424,151.99908088235293,pop,pop.00025.wav,clean
-73.36742,64.52698,97.46428,28.374962,16.87055,23.200817,-0.57903767,16.156267,7.180089,16.342842,4.872417,13.286739,0.7465055,11.831115,-5.5500164,12.637926,0.9903747,10.788674,4.9166174,9.964784,-5.8354435,8.862027,-4.9214163,9.272421,-0.030956399,8.476359,-3.0463636,8.623299,-0.15896785,9.330786,-2.3810003,9.36616,0.72344434,8.952688,0.68285614,8.181054,1.9683635,9.535146,0.80376273,8.915375,0.3350296,0.3009413,19.143795063793863,0.10354207986648607,0.06235762847890135,0.1956684,0.08865435,2526.130442686517,2848.670626274591,5554.674744975087,75.99954044117646,pop,pop.00026.wav,clean
-75.36613,68.25373,83.33488,28.665207,10.703896,18.70822,14.455102,14.7549,14.244521,12.042403,7.4102573,11.473533,5.279713,10.525826,-0.4001259,9.927788,5.7177563,10.001591,3.3618035,8.405489,-2.521102,7.871196,-4.227081,8.06623,-1.845522,7.7514544,-5.9079537,7.435421,-1.2724807,7.300182,-3.7835543,8.881157,-2.864618,9.05984,-0.9353354,8.564919,-1.1115845,8.687968,-2.7214704,9.829512,0.37741297,0.29269153,17.915026795996763,0.1019147276509288,0.05316040356220532,0.15791942,0.052353084,2682.713194799874,2924.230379942181,5957.288977088574,83.35433467741936,pop,pop.00027.wav,clean
-45.638737,58.0722,74.704506,22.128962,15.98023,16.865334,14.800469,16.19411,8.992414,10.484823,8.204232,10.7328415,5.6863494,8.08825,5.2544928,7.332888,5.396809,8.929601,2.4352226,7.193605,0.779439,7.2997785,1.1747062,6.9845676,-2.359165,7.1055408,-2.9500175,6.7665844,-2.5942533,6.987054,-2.703076,6.2444386,-1.5022324,6.7665963,1.5619367,8.411085,1.6137365,8.997118,-0.013135739,10.316694,0.34934646,0.2929344,17.587223821114492,0.1212698638254644,0.05813059690475291,0.19456434,0.06957141,2946.5774176287164,3051.63637253713,6656.151417829673,99.38401442307692,pop,pop.00028.wav,clean
-40.52484,55.592354,73.47652,26.06089,22.62272,19.677986,12.355103,15.392561,14.860799,11.098209,8.946286,11.199151,5.305813,7.9127517,9.025768,8.654955,2.0851216,8.035135,4.3038497,9.328736,-3.1314619,8.125429,1.844642,7.568504,2.0324934,6.865236,1.3936074,7.308229,4.1242695,6.987338,-0.35411486,7.214394,-0.75096583,7.772454,1.1585399,8.761375,0.7373187,9.159228,-0.043280363,9.002477,0.35475424,0.3093775,18.396612372967095,0.11157037599167957,0.05516761840122668,0.23414308,0.07935418,2988.85797981166,3143.032661235072,6919.399826002564,161.4990234375,pop,pop.00029.wav,clean
-18.171194,57.778263,72.29644,22.349442,-4.867231,17.082207,-0.35958102,15.126051,1.6975715,10.442978,-0.9182093,11.597796,-1.3221729,8.989044,-0.34197286,9.422674,0.64732283,10.430056,-0.1809803,8.475623,-1.2175112,8.875634,-1.0574641,7.953418,2.5195053,6.3560295,1.2472867,6.1797767,1.7523707,6.378903,-3.442979,6.952673,0.39454004,6.8190455,-0.85250145,6.2012944,0.9242999,5.9915304,1.6602957,6.5366473,0.35769865,0.2910195,17.16764221853058,0.14873984133126936,0.06785776800372194,0.20310587,0.07963953,3070.6451711304394,2975.8591939206276,6652.968103745405,95.703125,pop,pop.00030.wav,clean
-18.854591,58.113247,71.32852,22.2681,-3.743232,16.854277,-1.3965917,15.726243,0.71034753,11.133483,-1.0491368,11.93502,-1.0524067,9.300848,-0.24947147,9.798742,0.62396353,10.934669,0.42929915,8.958646,-1.4892838,9.208961,-1.0790832,8.447274,2.415428,6.8657274,1.2472486,6.5909758,0.9718108,7.0266647,-3.58823,7.3505263,0.89175177,6.939948,-0.49628252,6.435118,0.70836323,6.2598834,1.6725212,6.954685,0.36603385,0.29191744,17.23950699031814,0.15291026206946595,0.06874453079058775,0.19834772,0.07783123,3111.0610992009765,2992.1921120372886,6745.27587890625,95.703125,pop,pop.00031.wav,clean
-113.1695,78.71344,41.588142,29.644672,21.516308,24.945078,11.092117,20.32898,17.440653,15.4141035,0.6074316,14.61073,3.0293286,11.431543,0.08450875,12.274307,3.4569807,12.2236,0.2906402,9.628684,0.61601543,9.176616,1.2555636,8.607767,2.8942456,8.53559,-0.7695475,6.967045,0.22040617,7.5449085,-1.4086616,6.967755,-0.7604615,7.525746,-0.8702321,8.628129,-1.5392059,9.008706,1.0672659,8.938793,0.42664915,0.29860264,17.24316128267704,0.22873671209849072,0.1366127977782069,0.097890966,0.04633424,4225.564575455603,3404.2193029459822,8483.032037599169,95.703125,pop,pop.00032.wav,clean
-69.00193,95.91798,73.77,22.274757,-12.468982,22.896923,9.536623,15.88649,-0.045610458,13.197157,12.718271,15.288373,3.1650596,11.656855,-0.084657654,12.761019,2.5223582,10.502581,2.8746746,7.5661964,-1.6729782,8.522184,-3.025172,9.790413,1.614928,6.656518,1.0892638,6.5530744,0.9343864,5.46449,-0.4162729,5.958988,-1.2382096,5.8349447,-0.7576577,5.743133,-1.704667,6.0439057,-1.0437557,7.136956,0.42290184,0.29216003,16.844643910163423,0.13706266326431887,0.049297444635297116,0.139912,0.050008796,2835.0593021892837,2731.7531718304963,5945.014051313371,99.38401442307692,pop,pop.00033.wav,clean
-59.58959,67.19018,77.30937,27.42002,26.367233,20.140562,3.1743202,16.768965,6.7570415,13.86637,-0.06425405,15.851676,-0.6247924,11.855615,-0.69048333,10.409628,4.141959,10.42889,-0.44033715,9.499359,-4.541956,8.658613,-3.5614958,7.342874,-2.203065,7.683871,-3.5575008,7.5004387,0.26179406,6.9969864,-4.6726303,7.9414167,-4.6041975,8.890447,-3.7405696,8.413625,-1.3851972,9.869599,-0.84536755,9.486288,0.34084368,0.29793632,18.721856526918334,0.131055518938661,0.08485049866428761,0.18744317,0.06826979,3141.655140286262,3230.4022459601906,7237.0312386622,95.703125,pop,pop.00034.wav,clean
24.46663,55.060783,68.96241,20.378769,-4.2113004,17.7866,-1.0326179,14.467451,5.249467,10.757279,2.9858522,11.1346445,4.336798,8.782445,4.2872887,8.6612215,6.422605,8.077998,3.6307845,8.00115,0.11548241,7.108996,-0.00023511762,7.5690217,2.0697718,6.763656,1.5497289,6.998848,3.999015,7.128901,2.8162687,7.1306434,2.1994698,7.256329,1.5773796,7.068319,-0.47220582,6.6161046,0.52484757,6.688659,0.41207367,0.29130346,16.664791863740206,0.15937998863196595,0.06434464116516651,0.28261182,0.09794556,3194.1768682916545,3052.8892510243627,6993.782709552776,107.666015625,pop,pop.00035.wav,clean
-44.214016,66.93945,76.17581,28.591228,22.921127,22.553186,16.816143,17.189182,22.998915,12.912964,3.266593,15.276002,6.908667,10.578233,0.103138596,8.969621,6.4956775,7.9900813,6.5420895,9.723436,0.85448545,6.746912,2.7243903,6.665083,4.5169544,7.162281,2.854357,7.4030924,1.3195447,6.8548594,1.7970861,7.0922294,0.3768288,8.0882845,-1.1220287,8.761342,-0.43784982,8.678365,1.570019,8.484942,0.39457414,0.29917192,18.586741802544193,0.1151153281008127,0.09077523071222171,0.25645226,0.0844243,2944.4779985642813,3162.425540413327,6877.916743511755,99.38401442307692,pop,pop.00036.wav,clean
4.804322,63.50406,64.50391,22.887861,-2.501273,27.23341,10.419498,15.820561,3.2420893,10.889756,7.8209686,12.687179,3.101567,9.616704,1.4055256,10.79154,6.7450037,9.782947,4.884832,9.526393,3.2736435,8.331893,1.747771,8.223913,3.3316636,7.3632894,2.350484,7.719134,1.4266739,6.4354706,-0.60548866,6.8787427,-2.1835034,6.233781,-1.6002753,7.2026663,-0.61104494,7.572181,-4.0513687,7.2879276,0.45171198,0.291996,16.233906265870914,0.16482477808146284,0.06194899609210134,0.24089603,0.089719206,3236.3834897605984,2953.665320076075,6698.901159327835,103.359375,pop,pop.00037.wav,clean
-15.679173,63.17884,59.269085,23.55066,-1.5834023,18.49691,12.570526,12.534593,8.758746,11.072177,3.9658687,10.017736,2.0486033,8.29502,4.2323008,8.913215,4.9891315,8.396167,2.9016714,7.912354,2.327089,7.251798,1.9943118,7.6895156,1.7193478,7.3691845,-1.5517668,7.5996976,-0.62015903,6.8881516,0.29138076,7.348438,-0.0029854316,8.61772,2.7568061,9.451215,2.2938924,9.220409,0.05696992,9.677194,0.40059254,0.2945899,17.713669774414168,0.14652330144640094,0.07452642432824119,0.22182827,0.07853155,3267.580275537532,3014.383904612794,6921.308147796536,92.28515625,pop,pop.00038.wav,clean
-19.479713,63.56332,51.92009,24.688246,37.00408,25.91273,13.1163845,19.196745,14.590094,16.247526,3.2076254,14.782656,15.297412,10.638873,-0.77946484,10.605027,7.2424235,9.780273,10.393448,9.639597,-0.37440062,8.535305,6.2307696,8.885074,-1.1885153,7.414071,-2.1225436,7.6531124,-1.5674964,8.071416,-0.76546293,7.5181513,0.032623857,9.348759,2.8346593,9.366588,0.82376975,10.159021,1.8658276,7.8113933,0.38415256,0.30754718,19.02463783908354,0.18717800648219815,0.10335570101726092,0.27970567,0.10362971,3934.6043578715803,3509.582338482005,8525.24844898897,83.35433467741936,pop,pop.00039.wav,clean
-76.91657,75.98616,113.29569,21.143747,-6.219377,19.955605,19.94625,11.483432,15.115961,9.999189,-3.289381,11.982426,4.7895107,8.754664,1.0169308,7.614222,2.2929256,7.366936,-0.0114684915,7.419275,-3.7627332,6.6786933,4.241214,8.22682,2.2863302,9.731163,-2.9218853,8.024387,4.5193353,7.6216764,3.4273293,8.533789,-0.53413856,8.885724,-0.5602081,9.344396,0.62774485,8.158705,-2.0107126,10.3582115,0.29224333,0.29252,20.277005979467038,0.0958112120259288,0.0384322173955777,0.19927946,0.075112365,1962.259860440553,2325.3182258713837,3821.2268935637576,129.19921875,pop,pop.00040.wav,clean
-204.75298,57.08597,101.60512,28.888464,26.384224,23.724922,9.1857195,14.020691,10.460928,18.24578,5.1089187,13.689068,-9.447198,14.809242,9.308317,11.120048,-12.491376,11.826024,-2.4966693,11.005762,6.212447,11.296095,-9.488957,9.765374,-2.5600326,10.819413,-9.048957,10.955153,-10.187873,11.763995,-4.0442524,10.119486,-7.7497845,11.602184,-5.138517,13.479603,-1.8299531,12.628464,-4.416521,12.903267,0.2823802,0.30068696,21.729428150842487,0.0753657574255031,0.055286892803981746,0.08329674,0.0351989,2053.894371276876,2559.593930825625,4508.014407320288,107.666015625,pop,pop.00041.wav,clean
-37.071033,53.588818,68.84185,26.49189,10.511309,21.46387,23.959776,14.107497,15.370536,11.666364,3.547914,12.463334,11.677659,12.363826,2.9124515,9.904221,2.5459216,9.269107,4.7503414,10.873973,-1.5888675,7.221292,2.5664659,7.3515344,-1.0170678,7.023038,-1.6613679,7.145447,0.489345,7.101372,-2.8281736,7.8022494,-3.4125829,8.913037,-4.1028423,10.537975,-4.214856,9.2798815,1.100703,7.7008524,0.37972975,0.3016607,17.87239793756348,0.14374780802534828,0.07551759320047853,0.22344245,0.08487153,3002.6169823427717,2972.7827670259026,6445.919355740857,92.28515625,pop,pop.00042.wav,clean
-50.890957,47.96619,68.04223,32.60899,12.082594,18.941166,36.314426,17.669764,8.646877,14.76096,19.502785,12.01683,10.72235,9.469845,12.312874,8.599315,1.6614351,9.005185,10.164873,8.603513,4.8397875,7.5954165,1.6969053,7.073186,2.7312357,6.908279,3.1664689,7.555005,2.4620578,6.9846964,1.4162687,7.348145,1.0564288,6.505798,1.8941798,6.4107366,2.2652884,7.2669735,2.4275951,7.4187083,0.4734457,0.28385314,18.067320817919086,0.1032971833881579,0.07288589019101249,0.25419882,0.07047601,2703.2416682609646,2725.9617319867466,5776.106739339445,135.99917763157896,pop,pop.00043.wav,clean
-47.93828,56.364475,54.159214,22.846893,-4.005042,26.358063,21.512901,17.312805,13.886649,13.544307,6.003954,15.399079,13.75534,13.038059,1.0669997,11.971299,6.722088,9.213332,6.232228,9.941199,1.6225083,8.136296,0.45345965,8.01066,2.414838,8.993666,-5.597135,8.811123,0.30466774,7.915608,-1.0046958,7.5254817,0.6401353,9.687769,1.2582229,10.080604,2.0810168,10.468493,3.0324848,9.023332,0.4561453,0.30208,18.311229674866635,0.135637501814048,0.07431593239031764,0.22276354,0.092974156,3143.535196698567,3016.4276117711397,6689.351217075029,117.45383522727273,pop,pop.00044.wav,clean
-71.61501,73.73637,81.12124,33.6039,16.355665,31.322947,8.950534,19.985493,13.818387,15.701512,-0.7371726,16.484308,12.522272,14.857588,-0.6393704,12.480364,3.043049,11.254596,3.0547535,11.222676,-3.2121913,10.967269,-1.3185769,8.6942005,-0.64025855,8.602607,-4.0062227,9.277387,-0.9454737,7.5298,1.9157288,7.8173656,3.5294616,8.404846,5.987803,10.277373,6.0908732,10.099436,2.567977,8.97398,0.4128694,0.29891202,18.743500616156272,0.12498941805340558,0.08603753371603301,0.2022946,0.07428934,2842.6607931089798,3039.1056726884412,6479.344153625677,117.45383522727273,pop,pop.00045.wav,clean
-72.17291,73.683945,81.3121,32.998318,16.72972,31.827282,8.680574,20.118612,14.163569,15.755048,-1.0486612,16.263868,12.839069,14.887231,-0.5343491,12.651491,3.1377692,11.466231,3.1529665,11.082728,-3.4740796,10.956468,-1.1388,8.696067,-0.68516254,8.522594,-3.9981558,9.416356,-1.08803,7.59006,1.7791659,7.947114,3.4944952,8.491397,5.9058094,10.53752,6.3410254,10.277656,2.4415288,8.999891,0.4150116,0.30038214,18.939451281970875,0.12218028915924922,0.08498150318899325,0.20336604,0.07455644,2838.0210737706198,3045.7558870993503,6485.7024485112715,117.45383522727273,pop,pop.00046.wav,clean
-45.064255,59.482147,69.78576,28.824137,11.866148,20.103071,8.177108,18.375334,12.603081,14.266875,7.750251,16.101847,11.3099985,11.136587,0.25850755,11.3994875,9.65932,10.67245,2.803888,9.2447,3.8585238,8.711114,-0.83530426,8.025199,2.1194327,9.0986395,1.1247411,9.75092,0.007464288,10.598483,0.761385,10.354558,-1.4808842,11.379897,3.656361,10.256181,4.4588914,10.8704605,4.1998005,9.2659025,0.4335399,0.30208057,18.459024869024574,0.12735523897058823,0.06973665898059997,0.21580054,0.090983115,3149.97113080032,3220.089949254964,7291.955906540247,112.34714673913044,pop,pop.00047.wav,clean
-52.64915,53.381927,47.78274,21.983036,13.455156,20.836496,2.2134273,13.18638,13.251046,11.798639,9.133875,9.022964,14.447654,9.674533,0.87383723,9.313043,9.459656,9.183043,7.004077,9.399416,-0.69285774,7.6448517,1.7276201,8.189733,8.496529,8.344389,6.9274364,8.367573,3.1864774,7.9755464,2.2743254,7.531488,-0.8961154,7.498123,2.031985,7.746733,2.2780228,9.032203,3.4661891,7.8953786,0.4649373,0.29037955,16.78079263434697,0.21071452326818885,0.09231647542984274,0.1564599,0.06469113,4052.8886703211056,3426.219519828341,8382.25764696812,129.19921875,pop,pop.00048.wav,clean
-170.92262,72.99459,105.92536,38.288082,31.060646,30.616232,22.226055,19.626835,12.8146105,15.39621,-5.1669707,19.21001,11.2371025,15.993837,-2.1054718,14.980141,-0.1724929,11.458689,5.0788264,12.3477745,-11.54121,10.8789425,-3.6240706,10.923962,1.3911014,9.533091,-6.6363354,11.499199,-2.4310408,9.625304,-7.377177,11.030079,-2.553612,10.567103,-1.7130773,10.040559,-6.1377354,10.876408,5.0679655,11.492136,0.32267648,0.30006117,20.38291456120899,0.06614018962848298,0.06136431114768753,0.14744551,0.061382707,1987.8719219449235,2579.9699093585987,4265.424207563371,58.72691761363637,pop,pop.00049.wav,clean
-78.1925,64.29339,65.99214,33.264507,24.578518,30.66289,25.652824,19.095692,13.854882,15.245535,3.6000478,16.95795,16.22554,13.59592,0.592554,12.246239,3.3257754,10.523065,4.16047,10.002289,2.7126958,9.854172,3.649891,9.095568,1.3959066,8.155746,2.0099123,8.390995,-1.8058223,7.4847426,-3.9544833,7.3773837,-0.95099777,7.2705092,-1.0149827,7.5194764,-0.46333376,7.2772346,-0.7493814,8.182728,0.4140819,0.30335474,19.010170712204804,0.1186580126499613,0.08799772591675754,0.20836434,0.08127359,3046.2397998563833,3095.3865062358905,6630.418240101345,143.5546875,pop,pop.00050.wav,clean
-14.170114,55.353462,44.39024,26.785713,12.680576,18.341177,10.152087,16.375633,11.2593,13.101547,3.9758952,13.579194,12.507779,11.0311365,-2.1717224,10.006122,10.70504,9.702003,2.2852633,8.551174,5.0335593,7.7146807,-0.86626554,7.518007,3.80587,8.941205,1.6627514,9.466502,1.504286,9.757025,-0.19028269,8.868047,-1.0201591,9.943767,4.7820864,9.5403,4.863109,9.742068,3.05332,8.133667,0.4470191,0.29194486,17.26201178712317,0.23004509420955882,0.1115601856803759,0.21318002,0.06526785,4156.136801574854,3451.227813998198,8676.447534708785,112.34714673913044,pop,pop.00051.wav,clean
-39.98735,61.872047,35.58321,24.107876,8.9385,22.37133,15.082217,20.55559,15.206814,16.249353,10.572661,16.744396,21.824984,13.4291315,10.004446,12.522894,13.9735,10.191015,16.55746,10.014579,1.4647634,10.588908,3.2635627,8.729899,0.06211206,9.123518,0.9717617,7.910882,7.650401,9.34681,7.642752,10.731113,9.415578,12.766519,6.5875235,10.370311,1.1903111,10.275625,-0.6452359,10.924129,0.52272147,0.29706365,17.40953202699454,0.15600737108165635,0.10369340003104864,0.32143492,0.14283347,3662.9266594641513,3276.4112530558,7776.786308170472,103.359375,pop,pop.00052.wav,clean
-145.92575,66.44399,62.53524,40.59263,-23.114868,42.269184,-18.786009,23.348576,-14.782013,21.29299,-28.421488,15.662553,3.134416,15.156933,-24.940002,16.320074,-13.637032,15.789028,-4.6073895,14.362967,-24.383533,12.998921,-15.806172,10.856328,-17.455078,12.364531,-11.709296,22.264486,-8.264144,17.927258,-13.850937,19.672169,-9.910087,14.323579,-11.985029,14.199941,-5.035616,16.693573,-2.9024737,16.070908,0.27737415,0.31794274,21.17654531649615,0.10700086469620743,0.09702451420472964,0.17211172,0.0963643,2639.59187801044,2753.5605024541996,5626.524310510594,161.4990234375,pop,pop.00053.wav,clean
-46.703014,66.27015,55.877514,30.757109,26.12021,23.699429,16.543205,15.671184,7.104527,14.587162,-3.326687,18.108234,9.256009,13.761619,-0.8715933,10.253114,8.313573,10.935881,7.1480994,11.248845,-0.5387219,11.077548,1.7517585,9.048454,-1.8377473,8.819048,5.196832,9.4074,-3.1105435,7.427593,-0.8630542,9.532323,-3.8621142,9.136125,-2.3494835,10.089959,-0.22604822,8.943901,2.2205694,10.070394,0.39040145,0.3159075,18.44245644767305,0.13602223115808823,0.09140449231594258,0.27360487,0.12332197,3498.3579746722603,3295.5183653344498,7664.611986473249,129.19921875,pop,pop.00054.wav,clean
-56.091187,70.64935,36.468166,34.001022,11.945319,25.290115,-6.4417524,21.99197,3.7781622,19.625858,5.284157,17.512375,3.3947845,12.962965,4.2650976,14.755697,7.9939175,11.85797,5.864428,12.538739,1.5971135,10.568185,4.8613906,10.344464,0.49247724,10.409398,2.506001,9.67028,0.275979,9.161494,-2.591558,10.325158,-1.4281116,8.141553,-1.8711603,7.921363,-5.3898835,8.326248,-4.313989,8.656325,0.43286315,0.30720085,17.449412990247662,0.16739883659055727,0.1340251424355649,0.24087685,0.13041553,3940.3499208914445,3361.504206090715,8259.450056235488,103.359375,pop,pop.00055.wav,clean
-80.39633,77.747,35.962517,41.019833,20.407265,29.620415,26.376535,21.165636,17.379705,15.643431,4.580236,14.919621,13.489165,12.681516,3.6187563,11.730044,7.324075,11.731486,5.479913,11.86195,3.9538548,10.561568,5.3136964,10.238906,3.5346324,10.454734,0.5135293,9.306966,0.18830319,8.942605,-1.1251196,9.629033,3.5296657,8.131304,1.4410527,8.456985,0.4726653,7.9575405,-1.7977359,9.671494,0.47309402,0.31254572,18.40166656266434,0.14562421391253869,0.13077850513533304,0.24994287,0.12312224,3681.430351016257,3221.829158023403,7566.579245930486,89.10290948275862,pop,pop.00056.wav,clean
-39.691376,62.874508,33.951675,24.44598,9.604388,22.934448,16.657578,20.488955,14.906162,15.61129,11.198783,15.547723,21.502827,12.896659,9.886202,12.23798,14.732349,9.799871,15.628255,9.295986,2.040395,9.7112875,2.579496,8.453937,0.35728568,9.2143755,1.6512009,7.547828,6.9411736,8.99582,8.237751,10.308845,9.367546,12.51638,6.9661984,10.848326,1.496738,10.4714985,-1.1285765,11.119945,0.5185313,0.2989254,17.376706083491804,0.15406445010158668,0.10243915143345804,0.3293133,0.14713779,3672.6739422013616,3279.7424058326787,7783.686266447368,103.359375,pop,pop.00057.wav,clean
-87.723495,73.62454,64.30925,45.215347,-12.976586,26.98734,16.032646,20.178562,0.486166,15.879156,0.40709475,13.491314,4.431545,11.717215,-2.7237475,11.607643,-0.3093249,10.389351,-0.04974521,10.024212,-5.929299,9.23943,-4.269969,8.928796,-3.5097017,8.524795,-4.630935,9.003493,-4.0938277,7.8256073,-3.320875,9.309946,0.21073729,10.708564,2.704002,11.697267,2.4902894,11.4979315,0.21650171,12.776703,0.33993873,0.3135783,18.583728038111182,0.14575422068498453,0.10831296937395703,0.16742225,0.07983135,2940.0005210928985,2629.4641540033667,5750.6902263629545,99.38401442307692,pop,pop.00058.wav,clean
-77.94189,78.43608,32.364956,41.63388,20.077257,29.151978,27.633484,20.476807,16.262774,14.894385,5.319164,14.548465,13.481539,12.292783,3.5032268,11.319461,7.344144,11.440562,5.271802,11.940818,4.001198,10.5460615,5.271229,10.206476,3.752625,10.162227,0.78148013,9.017938,0.40025985,8.720734,-0.7132615,9.335369,3.0644116,7.892178,1.4034705,8.2441845,0.54593104,7.7712445,-1.9002221,9.535358,0.47546217,0.311976,18.279127086049986,0.14478748427825078,0.12835208210972282,0.25179002,0.12356319,3727.2488351836582,3223.867461789819,7633.178843211833,89.10290948275862,pop,pop.00059.wav,clean
-46.703014,66.27015,55.877514,30.757109,26.12021,23.699429,16.543205,15.671184,7.104527,14.587162,-3.326687,18.108234,9.256009,13.761619,-0.8715933,10.253114,8.313573,10.935881,7.1480994,11.248845,-0.5387219,11.077548,1.7517585,9.048454,-1.8377473,8.819048,5.196832,9.4074,-3.1105435,7.427593,-0.8630542,9.532323,-3.8621142,9.136125,-2.3494835,10.089959,-0.22604822,8.943901,2.2205694,10.070394,0.39040145,0.3159075,18.44245644767305,0.13602223115808823,0.09140449231594258,0.27360487,0.12332197,3498.3579746722603,3295.5183653344498,7664.611986473249,129.19921875,pop,pop.00060.wav,clean
-65.18545,50.84255,65.47451,33.733635,4.1277475,26.108635,32.742474,19.717182,16.918562,15.171617,-5.8376946,18.211979,14.960992,12.291874,-0.24383582,12.041299,9.038334,12.225997,8.441269,12.5047655,-6.576153,9.834235,-4.4843636,8.1711035,-2.6280577,8.778903,3.454899,8.177969,1.6005542,7.5730104,-0.69787496,8.183118,3.2031765,8.595334,1.0458927,7.234176,-1.1681348,9.198035,-4.722194,9.3193445,0.45551935,0.3022396,17.90169398224993,0.11195132606907894,0.08741418361769308,0.22080922,0.08771479,2949.270014966028,2908.876601117744,6067.7883089142315,95.703125,pop,pop.00061.wav,clean
-6.92664,39.802803,68.88017,22.303665,3.7705872,22.687717,28.195871,15.503458,2.2932248,13.402774,13.625752,12.250886,1.0469884,10.655038,6.004647,12.142552,2.750496,12.395138,15.018393,14.032781,-8.786577,13.714873,0.7954419,12.929705,-7.2196684,12.966916,2.92449,14.363441,0.5617501,16.253271,11.366313,15.85527,11.479182,15.253915,14.17094,16.222725,-0.9239,14.914051,0.8095099,14.768343,0.3296427,0.31376347,21.6500778309591,0.09820877878289473,0.03577884501724589,0.39785087,0.08474579,2468.498529319245,2625.1515768457407,5481.816852203464,161.4990234375,pop,pop.00062.wav,clean
-125.98142,45.551167,117.33393,24.429493,-0.07229208,17.264317,10.211122,14.457426,4.49017,11.89384,2.1888666,11.675388,-3.6360846,10.235021,3.3763409,10.501571,1.7375194,8.915645,4.5511193,8.430843,0.8427298,8.575003,2.4246018,8.3251705,-3.1125748,8.199467,-2.837452,7.8794804,-6.106637,8.343724,-5.2675734,8.717087,-1.8156683,9.292071,-3.2187061,10.568089,1.2653753,9.811699,5.800691,8.897672,0.31671935,0.29960644,19.277472234697655,0.07464656298374613,0.025637080539983016,0.12609246,0.03565272,1826.5420467927368,2294.444461991146,3796.335377412684,80.74951171875,pop,pop.00063.wav,clean
-88.45125,96.30784,34.33366,38.482986,-11.282462,28.93632,2.200408,18.822306,-4.8584256,13.948355,-6.127731,20.023,0.33107784,14.026769,2.4401875,10.586729,-8.17747,16.909876,5.6359863,11.786229,-9.394409,12.829052,-7.359539,10.5904045,-3.9459164,12.439919,2.3768632,15.65098,1.2362303,17.686588,10.805466,13.756568,9.384404,14.681081,5.292024,15.615408,-2.935119,12.899191,-5.572682,10.235728,0.34651315,0.31613186,18.38385827776089,0.205950001814048,0.11147007658987343,0.16902655,0.11092298,3647.8594016331967,2886.6604007045057,7112.756990131579,129.19921875,pop,pop.00064.wav,clean
-111.61652,69.69514,85.579094,27.927258,3.5153575,17.369762,16.35747,16.952892,2.2059443,15.479386,5.980132,11.138311,-5.045757,12.577306,-3.962524,9.404693,-0.096168354,10.928712,1.5746028,9.587991,-5.793351,9.923794,-5.0871906,8.10461,-0.2080284,8.727136,-4.4117293,8.112037,-0.77683467,8.054913,1.5563339,8.28735,0.36258048,7.53479,0.5752824,7.3827834,-0.69262826,7.6159678,-1.8156012,7.6139164,0.34565115,0.31188422,18.080907217976428,0.10014338537635449,0.06023898969619625,0.13348536,0.07795899,2518.6680120349943,2683.946956917925,5496.225098412104,117.45383522727273,pop,pop.00065.wav,clean
-63.635056,60.386864,79.04566,28.750809,42.744022,25.028656,16.095537,14.535032,15.26836,13.182616,10.789148,12.191261,13.3115835,11.272436,3.685729,9.856543,4.9283266,10.003786,10.677057,10.398938,-0.01267207,8.929573,3.4803085,9.131061,3.4220939,8.617561,-2.4508333,8.774813,0.8506413,8.644634,-5.1205535,8.642914,-4.2999783,9.160946,-1.56403,8.062392,-0.059282333,9.522746,2.6619995,9.779681,0.3541164,0.29178995,19.36230068530502,0.09974656237906347,0.0544008387510597,0.24325013,0.081651755,2844.070407885239,3219.148147976031,6839.566975407556,80.74951171875,pop,pop.00066.wav,clean
-52.537975,52.113518,37.496025,27.876596,14.12139,21.777367,18.180311,15.007812,16.782768,12.426167,5.9580927,14.026538,6.4324026,11.502769,2.7082067,10.845087,-0.44743854,10.278705,3.2196102,9.958033,-3.9284554,9.892775,1.5937504,9.302772,0.29058224,9.761544,-0.16011742,10.105201,-0.5063943,10.717772,-1.5440645,10.522599,2.0738175,10.368197,1.2248801,9.420404,4.5870175,9.79614,1.6419147,9.2792845,0.4474077,0.30494002,16.948179983838468,0.19104230662248453,0.11539418739104917,0.19137336,0.088422254,3889.787116785757,3271.6627619560186,8057.209612489116,112.34714673913044,pop,pop.00067.wav,clean
-29.26039,56.4733,53.868725,37.64722,-1.700224,22.533566,15.506245,20.71809,1.0880836,21.060781,0.54396456,18.693556,4.9021416,12.9290695,-3.2225883,11.189687,-1.6917722,11.384503,2.2325523,12.04482,-7.122959,9.212842,-5.9894915,9.378534,-2.9803963,8.842298,-3.7967625,9.097231,-4.8949075,9.108869,-6.7240953,9.053863,-0.4186526,8.612845,-4.0128164,8.467405,4.3791423,11.212037,4.4604297,10.927861,0.4074054,0.30653864,17.548042028850315,0.15505650759481424,0.10557602048645401,0.24570654,0.11650278,3262.9124447410586,2930.999781412338,6714.734396919746,129.19921875,pop,pop.00068.wav,clean
-30.211868,47.893265,88.448524,22.531298,-6.587008,16.83308,32.785645,9.824922,8.500259,7.8514714,8.3887005,7.6338124,2.0425203,8.807304,6.864184,7.5802712,3.5769942,6.967376,2.7208421,6.775491,1.2942762,6.333984,3.2906067,6.059367,1.5695497,5.12121,2.3794365,5.175541,2.5250053,5.1723623,1.0964289,4.713485,-1.5795058,4.8960023,-0.26449093,5.4966717,0.112851925,5.058662,0.4211168,4.714988,0.4969614,0.27220097,15.62887946103641,0.09549942252805728,0.051514945594883295,0.21555631,0.06711796,2327.9956325128483,2516.8257860719295,4930.953516532024,107.666015625,pop,pop.00069.wav,clean
-91.85374,98.3237,56.674156,27.328682,13.763752,28.385094,15.050706,20.068846,0.9011203,15.898468,-4.0791926,15.6859,-0.22235458,13.111121,0.56391364,11.010968,-4.6007695,10.935925,-2.6161902,10.175645,-2.761266,9.514545,-3.0964155,9.121894,1.7973816,8.534893,-0.9524221,8.048172,1.404723,8.085721,0.92358834,8.939521,1.0776355,8.4917965,0.9147185,8.775668,3.2946672,7.775524,0.21995427,7.9981456,0.4371366,0.29915732,17.306549832774625,0.13644399731520898,0.08527817711769424,0.1678202,0.11190055,3142.2532583222696,3001.708558953997,6825.458727384868,123.046875,pop,pop.00070.wav,clean
-52.537975,52.113518,37.496025,27.876596,14.12139,21.777367,18.180311,15.007812,16.782768,12.426167,5.9580927,14.026538,6.4324026,11.502769,2.7082067,10.845087,-0.44743854,10.278705,3.2196102,9.958033,-3.9284554,9.892775,1.5937504,9.302772,0.29058224,9.761544,-0.16011742,10.105201,-0.5063943,10.717772,-1.5440645,10.522599,2.0738175,10.368197,1.2248801,9.420404,4.5870175,9.79614,1.6419147,9.2792845,0.4474077,0.30494002,16.948179983838468,0.19104230662248453,0.11539418739104917,0.19137336,0.088422254,3889.787116785757,3271.6627619560186,8057.209612489116,112.34714673913044,pop,pop.00071.wav,clean
9.675074,46.418457,88.82607,28.384329,-20.293682,17.13142,5.1013055,13.709639,-2.917802,10.917519,-0.18818103,9.436494,0.327482,9.818374,1.604321,7.884112,-2.2592056,7.231014,-0.94065106,8.026523,-6.2122498,7.281337,-2.9767892,6.8180957,-1.8151839,6.149151,-0.31959978,6.0870442,-1.3413134,5.847809,-1.6791986,5.8022175,-0.18654181,6.134826,1.7162682,5.5692573,-0.132488,5.67475,-3.901139,5.649307,0.4807797,0.27550402,16.214630666579218,0.13165642233455882,0.0510417805484458,0.23445223,0.0697762,2569.255822724336,2559.52936247521,5351.900971120356,117.45383522727273,pop,pop.00072.wav,clean
-8.531341,55.027363,54.251755,23.107737,20.96331,20.575762,13.099079,13.011524,9.721153,10.34863,6.015052,11.043411,10.720785,9.92848,6.1021194,8.211914,0.6942644,8.241311,5.0023856,9.336305,-3.4498136,8.607124,0.87255687,7.2696905,-1.9390469,7.9369154,-2.7849798,7.0098095,-2.6762013,7.40362,-3.3184636,7.4054976,1.7050132,7.5273027,-0.14683868,7.6434846,4.848468,8.798253,2.9080086,8.730405,0.42336026,0.28641656,17.70509581669737,0.16189735814144737,0.08461007200126341,0.2598068,0.09610067,3671.2604882708424,3295.553788823971,7879.044023165393,129.19921875,pop,pop.00073.wav,clean
-93.63922,65.2288,59.69027,35.962475,32.07738,24.096619,13.12749,22.074066,13.27032,15.436902,-6.8693585,18.996834,2.3390276,14.932922,-7.8879848,15.974134,2.2946649,12.25951,4.4875836,12.092627,-4.0405664,12.915274,2.6735635,11.047422,-3.0863955,9.938516,-5.7560024,9.453397,-1.5233752,8.659707,-1.1896892,8.724276,-3.0514128,9.573411,-1.0875479,10.490152,2.3892708,10.28103,4.7670994,10.430665,0.34944054,0.31305414,18.884941975018233,0.1308480372000774,0.10671303271369453,0.21037216,0.14509207,3419.3447490583962,3368.7113595438686,7789.061233945676,83.35433467741936,pop,pop.00074.wav,clean
-68.85472,56.887714,40.457462,25.775764,25.354525,18.06516,35.768284,17.092762,13.383127,13.0166235,2.82137,13.800983,12.759582,11.70587,4.483545,9.752758,3.3571875,9.470382,10.026522,9.150656,-2.3750985,9.240366,2.9945147,8.192708,-1.8024031,9.479773,-3.378383,7.43767,-1.5463305,7.631709,-1.6591519,7.8359766,-3.5203817,7.977503,1.3764956,8.793117,2.0280373,8.827457,1.5048237,9.57426,0.40938672,0.30295464,18.92763311394163,0.15924053369291796,0.09825617698213585,0.18560503,0.09238667,3645.470694057959,3200.7208510864684,7658.53702320772,95.703125,pop,pop.00075.wav,clean
-38.288414,67.641426,47.802376,25.418604,20.052776,20.147268,23.848087,17.015038,19.795454,15.719467,13.665192,15.513419,14.684335,10.711772,4.5720963,9.948593,7.7137055,8.924387,8.956256,9.503461,5.421002,7.1009097,1.1439084,6.54972,1.0811883,7.322243,4.386656,7.4827847,4.5840898,6.9178123,2.5498772,7.0813003,-0.2459388,6.6923356,4.625784,6.9715242,3.010174,7.995398,-1.3092593,7.319158,0.47572708,0.2898065,18.246185063222267,0.14281924221168732,0.08201173828453147,0.24529977,0.09136549,3544.132839481264,3311.301496368,7780.519618928986,215.33203125,pop,pop.00076.wav,clean
-34.209938,70.90945,40.399307,30.60846,17.510662,22.241014,13.42147,16.210026,13.240601,11.786318,7.449265,10.883464,18.183458,11.177122,2.7254276,8.971408,4.3396277,8.489418,5.8252974,10.007193,-1.1257582,8.948469,3.1106064,8.496901,2.4149976,8.150874,-2.0906532,7.9892054,-1.2851562,8.465988,0.15344465,9.101361,2.3362236,10.190578,4.32972,10.1099825,2.137922,10.695821,2.9388883,11.114708,0.4454422,0.3044691,17.228048447894,0.21392576613293343,0.11606557221244702,0.23102272,0.12739554,4037.153770826656,3342.3644138556137,8331.4746207128,112.34714673913044,pop,pop.00077.wav,clean
-42.779434,67.92397,62.799667,32.2463,4.7602077,26.307676,24.068392,18.578995,9.642161,16.607279,-1.8881842,15.43884,9.252785,14.046733,-2.9691231,11.210793,3.181562,11.427427,5.9340043,10.549777,-4.7737393,9.856784,3.0194983,9.253278,-1.2408001,8.388149,-3.524429,7.3168893,-0.32438833,7.0713305,-1.4424751,6.804455,-1.8644704,7.1395807,-0.031904664,8.05402,-0.7304687,8.601729,-0.9891401,8.147832,0.4547545,0.2940788,17.412807143077625,0.14272098127902477,0.09283304265737555,0.22333701,0.114091,3124.14935420786,2970.2727587674012,6618.043314930825,103.359375,pop,pop.00078.wav,clean
-273.28632,86.03298,103.14759,34.67284,8.722428,22.627241,31.6977,13.94079,12.511967,10.335473,3.4922655,13.713993,3.9396508,8.549171,-0.16230217,8.04502,-3.921683,8.561924,3.2304423,7.737229,-6.373684,6.5100656,-1.5361916,7.0709167,-3.213047,5.8029685,-6.777503,5.613756,-3.8153548,7.1232457,-6.2407227,6.461268,-5.618338,7.2720103,-4.015953,7.077876,-2.3887515,7.5129304,-3.0845284,7.714801,0.3519286,0.30590174,18.66256449643092,0.07255095963138544,0.07490883312033969,0.037560895,0.019951338,1995.3281824967328,2425.0406811254434,4383.806825053212,112.34714673913044,pop,pop.00079.wav,clean
-44.972015,59.464615,69.765335,28.840467,11.851115,20.17313,8.137467,18.400345,12.62307,14.286172,7.7987547,16.131565,11.307399,11.1421995,0.19175638,11.3238325,9.630409,10.640457,2.8426685,9.274187,3.8571951,8.699971,-0.83266294,8.024009,2.1378024,9.092289,1.092536,9.781403,-0.06844653,10.586325,0.6488355,10.301345,-1.4783102,11.3785095,3.7229264,10.283215,4.547461,10.876804,4.263485,9.269703,0.43361697,0.30202514,18.501843463427946,0.1275974899622678,0.06983669051193582,0.2157003,0.09080833,3151.445800513278,3220.4070745387885,7293.239232113487,112.34714673913044,pop,pop.00080.wav,clean
-137.73312,62.24853,100.24318,25.013262,14.383044,20.00915,15.403811,18.49705,2.3205366,15.152515,-1.0818114,11.295534,-2.1069715,12.087756,-1.687085,8.916868,-5.311201,11.232407,-1.7847022,10.120052,1.7484086,9.705567,-6.1835394,8.525162,-3.0364275,8.540506,-9.783618,8.407382,-6.6642976,8.723416,-3.9666076,7.2831807,-10.177887,7.5251484,-2.9706817,9.082899,-3.5730906,6.789782,-0.6477028,6.690525,0.36985952,0.28965613,18.585513345656707,0.08601724252612229,0.04229347117417399,0.09215401,0.03490546,2246.9998668388666,2684.4523036223895,5155.910489581318,143.5546875,pop,pop.00081.wav,clean
-62.043816,50.00824,64.239815,21.058607,29.874727,13.784273,23.24483,10.125138,16.247187,10.052917,7.4384794,10.171747,8.871021,7.780624,6.4075446,8.177472,7.3948216,7.2818856,3.0163872,7.9664803,1.487842,6.407523,2.9757106,6.270002,1.8600916,6.2205896,0.5432621,6.8172693,-0.33012384,6.542362,0.8136626,6.3328013,1.2980133,6.3254714,1.1867973,6.6929207,0.86054564,7.590363,0.09585127,8.063965,0.46213287,0.30022773,17.26282847545774,0.1003391513883514,0.05975121796205029,0.20798877,0.0852514,3168.3771358678678,3341.5360777099304,7555.42098006966,129.19921875,pop,pop.00082.wav,clean
-104.47532,45.6757,86.85541,22.556292,28.76275,18.750906,26.635527,16.74128,8.927457,15.404426,5.6745653,12.39587,7.759279,9.851664,0.46634582,9.821133,6.630064,8.800314,6.5633125,9.934541,0.37748337,9.304468,2.148852,8.152049,-0.019938136,8.534921,-0.36272928,8.253352,1.3109479,8.458962,1.3177943,7.566121,1.9381652,8.226731,1.2264539,8.884522,-0.12414579,9.492927,0.8405376,8.244192,0.2981051,0.28816983,19.071966042250438,0.08429578657120743,0.04035524591315496,0.14298287,0.04445537,2489.577623717522,2941.99075457532,5977.07219079552,123.046875,pop,pop.00083.wav,clean
-112.395996,70.89735,59.759735,48.264946,14.483949,30.28754,19.190073,16.226229,15.127423,17.717083,-3.2115033,15.87593,6.109609,14.147208,-6.668194,12.59938,1.463722,12.687444,-1.187687,11.764972,-1.2330449,11.532205,-0.7587417,10.01748,1.8843272,10.26961,-0.69078666,8.744263,-2.2996898,9.071558,-3.4926953,8.646559,-3.891752,8.016236,-3.3886583,8.920117,-2.4311671,9.718836,-2.0892992,9.320379,0.40918562,0.31088188,19.401941600063196,0.13586614744582043,0.11821614924974304,0.17935272,0.097115465,3262.336283566903,3046.9965393068346,6827.983712116631,99.38401442307692,pop,pop.00084.wav,clean
-81.77599,84.58857,78.609276,41.179413,-17.260933,33.06412,24.511774,17.362541,8.410555,16.45652,2.1446183,14.083282,5.520015,14.917072,1.9346675,10.743087,8.799277,11.123784,-0.12229679,9.958933,0.49543986,8.384026,4.6422744,8.022702,2.3893166,8.812605,5.5083528,9.5941725,0.6174307,9.127862,-1.808122,9.115398,2.3056872,9.556821,7.846462,12.2245865,5.0109644,10.188215,-3.3342338,9.620091,0.44382367,0.30864695,18.316261753703525,0.1220960115131579,0.07674440495887433,0.19525385,0.06699531,2516.4589514571976,2465.640306694536,5087.48590333543,117.45383522727273,pop,pop.00085.wav,clean
-50.449287,41.683662,56.41648,18.90541,12.563282,13.112893,11.288339,13.073722,-2.739751,9.411331,1.362813,10.787101,4.5399694,8.833917,-0.96321344,8.716078,2.2894216,8.468237,2.7384725,8.214362,-1.9891648,7.383576,2.5949512,7.300402,-4.0203376,7.002166,0.68309593,6.6824565,-1.396714,6.248144,3.325117,7.259326,3.028759,7.7653937,2.6311061,8.2573395,2.0771773,8.013749,1.3595716,7.5576816,0.38769463,0.27966416,17.685694446323645,0.18523244001547987,0.07679396298969991,0.1324763,0.038686164,3594.167118271268,3170.8583483099096,7634.353836106811,129.19921875,pop,pop.00086.wav,clean
-47.05376,43.489635,55.781746,26.670452,27.617126,20.826622,19.193428,15.309708,15.186063,10.529548,3.1757607,12.735675,5.6275535,9.428787,1.6121148,9.980811,4.148368,9.339195,1.6211523,7.771652,-1.5870059,8.656077,-3.0055182,6.780392,-7.6369953,8.341306,-3.841529,7.2004986,-8.113685,7.3687286,-3.369737,7.5569882,-2.2721324,7.438697,4.503091,7.548555,1.4371147,7.982476,-0.3833655,6.44115,0.3523111,0.3000785,18.634842529860126,0.1464783281733746,0.08836463346109234,0.19091529,0.046747196,3587.4721810924966,3336.2277931206263,7947.001945566467,103.359375,pop,pop.00087.wav,clean
-42.68938,89.41025,54.882027,33.37064,17.06182,21.087587,19.76454,18.309032,6.852839,13.992019,2.7781906,16.06058,11.820236,12.533037,1.205856,11.107811,7.9387155,9.697848,1.138253,9.847017,-4.071282,8.409517,0.1373618,7.9341702,-4.236571,8.378363,-4.4564805,8.322556,-2.5122685,7.6065392,-2.891116,7.1144013,0.6187277,8.391413,0.8994231,7.7581625,2.3103714,8.755997,1.9261038,8.545776,0.43150878,0.2980633,16.989825670939553,0.17203410712558048,0.1055784682183664,0.23498306,0.13003686,3510.9284752203253,3148.809837219885,7257.397782175164,99.38401442307692,pop,pop.00088.wav,clean
-47.681934,89.361404,55.53719,34.979435,19.178862,25.197613,24.482962,18.01071,4.0398774,12.876844,1.5440774,16.720034,6.9665008,12.4499035,-1.046118,11.182173,3.0828688,10.994795,1.7952809,9.158176,-3.0351193,9.958021,1.9345391,9.155626,-4.678551,9.051362,-2.5212111,8.870328,-0.8627603,9.037879,-2.2868993,10.154676,-1.691514,8.559494,-3.232456,7.9192395,2.612902,9.657627,1.893048,12.305382,0.43712428,0.2942994,17.635626565130174,0.16573822682856038,0.09891643065449823,0.22054978,0.10774679,3401.2336884828965,3070.3590067421464,7052.665686828802,99.38401442307692,pop,pop.00089.wav,clean
-44.723248,43.749863,55.059223,26.195845,27.137182,20.935965,19.50298,15.078904,14.696994,10.796005,3.2040474,12.8188715,5.509529,9.480421,1.4237081,9.945262,4.4969788,9.272296,1.367907,7.7115536,-1.6663119,8.648558,-3.5344167,6.737419,-7.9148335,8.311955,-3.5322053,7.208835,-8.198315,7.3733525,-3.392684,7.2870126,-2.6661003,7.4195538,4.2834873,7.5482106,1.3531152,7.8869004,-0.16799045,6.4317126,0.35314766,0.2996054,18.96957043177059,0.14755995428599072,0.08846918969243606,0.19408727,0.04728341,3603.429553551326,3334.0083043535483,7959.451870283475,103.359375,pop,pop.00090.wav,clean
-8.406137,55.24053,42.004875,21.486536,8.2976465,24.456013,17.972023,18.168732,14.039091,14.95522,7.345697,15.054895,5.7253203,12.853076,-1.8997345,10.243962,4.6036773,10.028859,2.0709262,8.30354,-1.0726748,8.096948,-0.66318256,8.040436,-2.4345152,7.295743,-1.4743019,6.3219237,-3.7601752,7.490646,-1.6542797,7.438698,-2.3765326,8.6748,0.052154917,9.044478,-0.99298966,9.442,-2.6045353,8.120266,0.42451918,0.3094058,17.390460342887877,0.1668300569611068,0.09941433929321998,0.2653083,0.09270406,3696.287748409418,3246.71775600717,7871.152404218266,117.45383522727273,pop,pop.00091.wav,clean
-25.935339,56.464516,60.872032,27.549793,6.071953,26.09339,17.717197,15.169332,5.13251,13.3742075,10.431291,11.371493,2.4501173,10.693187,4.9244223,10.019925,8.108929,9.873549,3.8508587,10.2955,-0.1861474,8.754677,7.252811,7.930067,4.94684,9.27628,0.9169612,8.130527,-2.2947693,7.0346556,1.5526828,6.9558787,0.21936403,8.108069,1.9272804,8.586077,2.3685062,8.139163,5.4341993,8.304424,0.4873384,0.29075468,17.45700639823341,0.14535890939434984,0.07793121615609189,0.22711194,0.091210596,3271.2458605975758,2989.851208660016,6883.5083763665825,107.666015625,pop,pop.00092.wav,clean
-20.228376,35.745377,57.77345,19.209364,16.777649,18.446249,18.249577,11.943985,8.958152,10.375332,14.899964,11.6717615,2.6696355,8.9608555,3.7526221,8.824469,1.1145035,8.549851,1.8456721,7.4320083,-5.980838,6.9966726,-3.6137545,6.8437643,-3.6554594,7.0848165,0.9081742,8.956872,-0.4759976,8.026016,-0.40367457,7.1846194,-4.619457,7.582656,1.9671378,9.083012,1.5699369,9.391449,0.54384744,8.398264,0.41523498,0.2979563,18.129586373370017,0.1316624691611842,0.05899813120011993,0.24578635,0.08660694,3258.8665238179296,3144.2281341811336,7268.872712787829,135.99917763157896,pop,pop.00093.wav,clean
-42.268806,52.3748,82.17975,29.91365,-2.246973,19.677118,19.916231,13.866059,13.862176,10.965287,0.8657801,13.30779,7.92098,10.476832,-0.7182553,9.502274,6.8773565,8.06405,-1.9071585,9.043772,-4.6875606,7.8336167,-3.164194,7.9021883,-2.94167,8.13754,3.602587,9.109435,-0.07809382,7.800751,1.5862792,5.9880238,0.8490444,9.079991,-1.2324398,11.505567,2.5389123,9.47196,0.78024215,7.4140654,0.33309838,0.293361,19.29499322441869,0.12854835344910992,0.059247529474173964,0.19856702,0.083767265,2806.4327255297085,2857.788083353619,6102.421432825803,151.99908088235293,pop,pop.00094.wav,clean
-36.629185,56.409737,73.09261,29.320135,39.12304,22.160992,20.328524,18.22974,12.4935465,13.007394,2.151913,13.456992,11.737693,11.030019,-2.4324148,11.196685,6.6467233,11.270935,3.182791,8.7911825,-5.380571,9.318605,-3.149369,8.800878,-5.7750807,8.362703,-7.682376,8.092366,-7.6059957,7.076313,-6.8437,7.8302827,-6.105222,8.469802,-1.5670519,8.53661,2.1235185,8.708997,-1.5718983,9.01524,0.365705,0.29872844,18.73183687818267,0.10639353654702012,0.06583206529646518,0.3037274,0.09865164,3046.1865869262933,3306.415151404711,7384.438680642898,103.359375,pop,pop.00095.wav,clean
-59.09869,58.972076,60.998287,30.391306,27.75064,24.983076,23.867935,18.907248,12.298356,13.260621,7.3722224,12.960728,12.321168,10.157805,7.1516914,11.357309,13.415489,9.142634,2.485732,8.392098,-1.9674118,8.795139,-2.4141188,8.036196,-4.5195565,10.012954,3.4697351,11.367634,2.0349872,10.514123,3.7280085,13.137636,2.4979272,10.982613,1.2848573,10.351434,3.1396012,11.297686,1.6590124,10.528422,0.34000406,0.30900922,19.938135437753015,0.10534554590750773,0.06440893787505508,0.25115368,0.06999668,3126.3938966039664,3162.6817626437364,6931.116421820579,92.28515625,pop,pop.00096.wav,clean
-125.53952,73.49762,51.196957,34.00556,38.517105,33.58128,14.491696,22.16994,16.232538,16.512142,4.6429577,14.833392,12.308261,14.79433,1.1730316,13.25966,1.7245497,9.407231,9.770825,10.808727,-2.822416,9.272698,2.07893,9.1399555,0.8530097,8.270905,-0.50384986,7.4203005,1.3426533,7.490239,-0.8620617,8.206216,0.48488256,8.383101,4.129414,8.512763,1.749743,8.644495,8.2345915,10.85382,0.46697032,0.30232343,17.52094390533833,0.13724822525638544,0.14166575104819387,0.20417361,0.1400683,3510.042356894514,3310.2784279907473,7587.437453137094,99.38401442307692,pop,pop.00097.wav,clean
-26.93658,66.547066,46.71037,24.287046,8.7081785,23.492336,8.604124,19.003363,6.086184,11.044224,12.42523,12.229628,6.958877,12.219382,2.506842,11.645808,1.159301,11.426617,7.25731,9.012418,-3.1307194,10.2274,1.2537664,9.494127,3.838255,10.754309,4.690354,10.054537,1.7137886,11.105569,-0.9803977,9.591424,-1.3044108,9.627749,-2.6919026,8.944666,-1.2717874,8.816817,-2.4849613,10.111669,0.39934102,0.30842793,17.987869373075704,0.18310584667666407,0.088114889256061,0.21293947,0.07502681,3634.106563927481,3134.284751630451,7534.996103576093,117.45383522727273,pop,pop.00098.wav,clean
-119.34646,67.55061,85.94366,26.239353,33.886936,21.38457,9.992517,13.475892,17.70141,11.026413,0.51905245,14.622502,9.565488,11.424296,-5.299009,13.402919,4.170094,9.898433,8.122251,9.89308,-7.9776335,10.140719,1.5659164,8.330488,-2.9331827,7.6192427,-1.6069088,7.475666,-0.19922556,8.197813,-2.4307656,7.3709865,1.206273,8.336176,5.8464403,11.328529,1.6082754,11.168813,7.58336,10.936997,0.3605328,0.30250877,19.091998827561675,0.09601491449787151,0.06038996347141779,0.13814604,0.0503288,2765.6481348893653,3222.6973193873114,6873.341771175987,78.30255681818181,pop,pop.00099.wav,clean
-159.4762,57.44624,104.848114,19.543413,-10.300141,22.167006,34.656025,16.802273,-4.9666266,12.636354,26.805262,11.366102,-21.953398,11.649114,23.452082,10.267089,-14.029752,9.367115,19.58617,10.263371,-8.298798,9.917136,9.717497,10.637546,-10.065849,9.811887,1.4203506,7.86909,-6.502981,8.79731,1.0738482,8.2,-9.21135,9.433476,3.285135,8.684373,-0.7643053,9.3047285,3.762076,10.20959,0.3288784,0.3004062,23.401007528769668,0.09781082200561146,0.03579468036068824,0.09414241,0.042095684,2133.437132679841,2289.9243153801012,4801.820964045569,123.046875,reggae,reggae.00000.wav,clean
-190.91765,54.289444,127.40976,27.926025,-3.7634392,20.739235,26.71416,11.38434,-12.804949,11.202205,23.936832,8.805427,-8.225953,9.735061,9.973003,10.677637,-12.2330675,8.942632,13.443711,8.892957,-7.079032,8.735717,1.6518703,7.9871516,-14.517787,7.533698,-3.2188597,8.514991,-10.451735,7.6619253,-3.4889703,6.9878397,-9.745509,7.213806,-3.9056628,7.7612176,-7.6496854,7.926372,-3.5429668,7.448299,0.3490114,0.29704514,22.185207765827858,0.06396144241002322,0.036835097891346,0.08202816,0.040169694,1638.967412134596,1995.4037341423593,3575.111715121904,151.99908088235293,reggae,reggae.00001.wav,clean
-189.03758,79.614685,110.847466,26.81653,2.952472,25.145855,48.38527,17.913008,-6.4148865,13.849788,20.739729,15.606926,-12.550731,12.989926,15.891012,11.889963,-13.612208,11.42059,9.429014,11.249466,-8.036865,9.365616,8.099243,9.451798,-10.633535,10.105441,-2.542347,10.415137,-4.7125726,7.871559,-1.0250477,7.7536407,-3.2118282,9.389412,2.6939583,9.6439495,-3.9863687,7.5375657,2.8767805,8.480173,0.37851298,0.30376112,21.565449219454404,0.07512652984713622,0.04207189472459372,0.092480436,0.04284489,1797.298466871339,2103.079588509662,3926.451257286426,103.359375,reggae,reggae.00002.wav,clean
-201.14635,73.91918,104.14864,33.57895,-15.473289,27.634638,30.804382,17.736382,14.2523155,17.306147,31.42222,14.770944,-7.8675566,15.0063505,17.963144,13.770472,-4.0559983,10.724529,16.943935,10.01644,-11.217154,10.195489,12.121105,9.701809,-5.287185,9.615592,-0.6866932,10.532212,-1.3800302,8.903572,3.932362,8.876927,-5.8617177,8.215485,1.0428141,8.233598,-2.9809184,8.817557,-1.3651696,9.784994,0.3913434,0.30600828,23.090336894315005,0.08493448263351393,0.06347003014835992,0.094160885,0.04642554,1924.0627874000713,2107.849824229107,4154.89154260594,143.5546875,reggae,reggae.00003.wav,clean
-175.64172,83.98261,104.896675,29.60338,-15.691055,23.650698,27.549057,19.392006,-8.112591,15.620262,24.010681,14.10279,-10.335524,16.009117,18.850737,13.67945,-8.387437,13.580803,11.847504,12.62014,-7.5933056,11.604511,12.554909,11.233837,-6.044676,9.770432,2.4995797,10.774712,1.9082942,9.204861,7.1437817,9.169251,-3.3788843,9.32724,12.449428,9.661757,-3.3393536,8.417544,0.7524497,9.460772,0.40186623,0.30500317,22.3604944098721,0.08446849905669504,0.04918898307252047,0.10106945,0.05232611,2009.3766964303304,2140.909858170121,4303.540643745163,123.046875,reggae,reggae.00004.wav,clean
-176.69528,73.52381,116.83858,28.460299,-21.32323,23.116747,38.76649,15.649288,-5.4716187,18.877062,26.622395,13.599817,-8.185519,13.675996,15.780884,10.2376585,-10.489778,10.568616,11.041742,10.87732,-10.061267,9.14453,9.915604,9.204191,-3.2601383,9.336797,2.817187,8.703682,-2.5358472,8.798265,-1.4068651,9.319803,-9.888324,9.417654,3.0774343,9.827905,-0.2820031,9.507109,1.9877512,9.039916,0.3646125,0.30631444,22.243662500466066,0.07305095660797213,0.04155342918074895,0.1003339,0.050014418,1798.6538836861723,1964.0250538224557,3797.0103733310757,161.4990234375,reggae,reggae.00005.wav,clean
-207.34694,71.95504,134.66907,33.263268,-9.072053,26.917807,38.461567,20.662739,6.2944055,19.95485,22.612717,13.584485,-8.297777,17.714527,16.307375,12.317659,-8.460724,11.017837,4.1607494,11.835188,-4.3510094,10.534742,6.347874,9.60855,-6.9025645,9.364231,0.9577758,7.95147,-0.9435606,8.211398,-2.5334954,8.081419,-6.1084275,8.100027,2.4835787,8.07879,-6.1686316,8.56516,-4.5849576,6.497325,0.34243292,0.30341002,22.467928546365567,0.060822383538119196,0.05101173401405865,0.10510129,0.050817244,1418.2807056387023,1704.9426029358347,2881.0659119219235,75.99954044117646,reggae,reggae.00006.wav,clean
-192.26953,70.8992,116.49671,25.799955,-10.948332,26.942112,29.89508,20.428066,-0.6437028,18.551744,21.415995,11.947805,-11.890398,20.070549,18.631174,12.477192,-13.072374,12.627946,14.4536705,12.103234,-7.3830023,11.798382,4.824288,10.385796,-2.8118997,10.729826,3.11156,9.265068,-1.6245098,8.539776,-2.3962562,9.837371,-6.515826,9.4031,-1.4116211,7.6268897,-5.53472,8.385783,-2.54705,9.274637,0.38599995,0.3027863,22.62105079976904,0.07391149562209752,0.044730506407744765,0.09057761,0.03905056,1754.2968760284634,2026.1579061758744,3769.0188759251646,151.99908088235293,reggae,reggae.00007.wav,clean
-194.59451,76.894936,118.551735,33.72074,-6.4070854,24.331434,40.793236,22.474861,-3.2897925,17.969364,25.464678,12.3280115,-9.3052635,15.336753,11.397985,12.792352,-6.1488495,14.186338,15.341208,11.301659,-5.157905,10.271879,5.756854,9.137056,-6.2863235,10.233524,5.8656626,10.3036375,-2.8015068,11.422194,2.5843728,8.7031355,-4.748822,8.968411,4.527494,9.431663,-3.1933517,9.305865,-0.32050592,10.168597,0.36873913,0.30845097,22.918521683415182,0.06947274695239938,0.045968972309658976,0.10185106,0.047887698,1691.9918927541453,1963.6870059672237,3657.736215502854,95.703125,reggae,reggae.00008.wav,clean
-232.59302,80.03519,131.23956,36.609077,2.662842,24.731565,18.392391,17.375713,11.315527,17.56961,22.940382,15.980235,-10.487955,16.42072,16.763714,12.78523,-15.250354,13.11486,15.54302,11.66689,-8.380157,11.534479,8.023414,9.968342,-3.7811055,9.918809,3.1112142,9.221435,-1.4120816,8.3072405,3.2603438,8.41052,-4.1057906,8.296211,2.9342403,7.256981,0.3832841,7.8313947,0.012208354,7.938723,0.3829874,0.31237686,22.02781684273612,0.06057597535313467,0.04951183818621845,0.08663683,0.04325848,1609.7558037303509,1990.2806356947422,3270.7802220394738,161.4990234375,reggae,reggae.00009.wav,clean
-233.61296,70.68214,87.49833,30.409544,-22.208412,20.11359,52.046257,18.57143,-8.596837,20.34332,24.979408,10.129725,-18.240002,18.138481,1.8987337,10.66179,-9.137019,10.457409,-0.22734675,9.238912,-17.065609,10.102762,-3.0177414,9.281795,-9.790683,9.307133,-8.786684,7.946996,-7.723598,8.075295,-2.1792302,8.341578,-13.649117,10.587912,-6.486291,6.874307,-9.148553,8.663534,-12.729436,7.944562,0.2949428,0.30405673,25.359322221700285,0.10279038373161764,0.07014406672519193,0.061662752,0.041984536,2149.7748681954486,2037.0132045310918,4427.873225256385,117.45383522727273,reggae,reggae.00010.wav,clean
-198.6328,69.82245,102.41357,22.857038,-10.031449,25.073046,30.802383,17.655514,-3.3106058,15.686373,20.276924,12.100144,-5.637373,12.116552,28.09563,10.646369,-11.512124,9.615289,18.202066,9.288545,-7.3657823,8.801789,12.27847,8.849417,-4.3605094,8.292119,11.4029665,8.187193,-3.4694695,8.434873,2.0161314,7.5353317,-6.987337,8.530017,1.1139208,8.004199,-1.4947574,8.802957,1.9552057,8.18856,0.41850126,0.31280646,21.412199535579887,0.07032270401993033,0.03830244686763856,0.07841224,0.042676162,1995.6005146508553,2295.466239609714,4557.697440227119,123.046875,reggae,reggae.00011.wav,clean
-191.17174,72.85303,96.340126,31.431581,-17.656992,26.020908,24.872456,21.617496,-0.87806803,19.009548,26.34468,15.704109,-12.918914,16.971542,19.642458,14.812453,-9.785497,11.563431,16.977057,10.326155,-8.600345,10.645117,11.42141,9.67559,-8.215002,9.649078,5.9677954,10.006848,-1.8638289,7.762859,5.960272,7.668952,-8.060111,7.967424,3.3991613,8.731896,-2.631839,8.714776,-0.7988751,7.6260138,0.42736626,0.29763183,21.506714200546604,0.1137952302631579,0.08840022252356414,0.075578645,0.042568274,2300.052918757483,2303.614904048929,4920.020249310662,129.19921875,reggae,reggae.00012.wav,clean
-206.49236,80.26114,122.64486,30.435024,-0.6156085,29.32755,29.371662,16.715025,10.252774,18.063194,28.223461,13.845477,-9.921397,15.647547,13.379462,12.387286,-8.442613,12.137276,11.284243,14.031379,-7.2747073,11.35216,7.0825186,10.277169,-10.333574,10.7830515,1.9441689,9.503107,-6.532225,11.2057085,-0.21489109,9.943156,-7.540655,9.848377,0.41365623,8.994432,-1.6585841,9.685995,-0.16716012,11.036977,0.36217588,0.31223652,22.505957447389846,0.07054114563177244,0.05929702345633586,0.11165976,0.051021628,1606.560170615664,1974.1980410603169,3432.80424230239,123.046875,reggae,reggae.00013.wav,clean
-209.72826,81.99923,105.235115,36.137238,2.5971053,28.509644,34.906914,20.103964,15.330765,18.70345,25.211895,13.570322,-6.0549407,17.106848,18.22258,14.683523,-5.076517,14.453991,8.924583,11.243632,-0.99670994,11.157993,8.245265,9.520322,-4.0222335,9.8440485,4.729955,8.65688,-1.0536168,9.71095,3.0564935,8.130743,-4.5925846,8.522699,4.248057,7.9490824,-2.1156554,7.1281157,-3.6582186,9.4763775,0.39499,0.30650887,21.538663640819514,0.06411563648897059,0.05822072335346724,0.11409616,0.06342325,1716.1117225999874,2062.7631931396513,3791.193741836784,129.19921875,reggae,reggae.00014.wav,clean
-157.72598,62.134895,109.83527,29.063192,8.463048,22.807375,41.79172,16.599201,5.113608,14.19953,25.760815,13.9196415,-12.964588,13.700432,22.066961,11.061133,-15.514671,11.176078,14.372681,11.576602,-11.921099,8.917394,11.602116,9.246172,-10.626171,8.549434,4.125749,8.464656,-4.0515113,8.969308,3.4704802,8.237582,-8.407583,7.6351185,1.7806472,7.404099,-5.242628,7.4892926,-1.4668233,8.932632,0.35863692,0.30774266,21.528529081080293,0.06821916420762383,0.04309297372704605,0.13193196,0.05458763,1923.712323495862,2314.4489640605216,4493.747826921682,129.19921875,reggae,reggae.00015.wav,clean
-76.048325,61.589226,101.127174,17.499203,-11.631933,20.722204,46.232918,11.669187,-11.2169285,8.792301,31.394114,8.702266,-9.462058,9.219526,22.460752,7.420934,-16.815596,7.500181,15.975832,7.871674,-9.508244,7.3312573,11.812326,7.229658,-7.8450184,6.808554,9.720803,6.1021,-7.2474904,6.2457104,6.17486,6.437391,-8.610062,7.5374117,8.070505,8.113803,-5.5852027,7.6883593,3.7330098,6.9304414,0.41952103,0.28427067,21.744952541753975,0.07927087364551083,0.03588569373134594,0.18559653,0.0487323,2118.326028871005,2302.856387031626,4852.278992266109,143.5546875,reggae,reggae.00016.wav,clean
-154.8781,68.32787,110.041916,37.387165,-18.444853,24.625887,36.64433,18.527454,0.5231588,20.655127,31.586283,13.735361,-10.428807,17.954874,18.81091,11.662639,-7.1827836,14.965903,13.130123,11.595825,-5.251168,11.365355,8.890394,9.416307,-6.71836,10.993164,6.0094323,9.908146,-2.8002794,9.112642,3.6374125,8.007191,-2.2208931,9.957944,5.30364,7.989599,-6.5800447,7.906758,-2.9349852,8.207758,0.4259522,0.3031196,21.664726497619068,0.07796513702109133,0.05959570950443023,0.13965924,0.059971727,1803.5661063308744,1972.8008640329194,3777.985488371952,129.19921875,reggae,reggae.00017.wav,clean
-170.9219,71.68163,107.74946,31.161776,-1.7545519,23.32674,46.44016,15.133689,-0.19604658,18.565159,24.946035,13.678575,-10.681297,14.136491,18.073286,10.936794,-10.796638,12.872545,11.152105,10.599049,-7.252453,10.825948,6.2031083,9.590996,-6.4640956,9.920986,2.0463722,9.224737,-2.440874,7.908178,2.557906,7.583744,-4.0423417,6.9654193,0.79381174,7.1847563,-3.7560382,7.747309,-1.6679436,6.3233614,0.3945865,0.30094257,20.088609206158697,0.07739862495162539,0.05845871678912975,0.10636914,0.05186345,1907.381884489025,2124.3866543657846,4220.232814162878,151.99908088235293,reggae,reggae.00018.wav,clean
-184.51595,92.13808,106.18037,34.65552,4.0202484,28.459991,38.737698,16.612595,8.408315,23.556368,30.45933,12.368804,-3.3555884,19.47851,20.299545,11.401657,-1.5513799,12.894393,15.922177,9.799731,-6.5210133,10.174272,13.197271,9.387106,-1.7158338,10.346053,6.852844,11.469982,-3.238749,8.633396,1.8637657,8.227418,-6.049035,8.422943,3.5135028,7.6266356,-7.4141216,9.127478,-1.7434583,7.735954,0.39388505,0.31832927,22.07390629206275,0.07129926651993033,0.06445115865730949,0.13875468,0.06816056,1754.5284525268155,2068.626010656122,3841.8934352626743,143.5546875,reggae,reggae.00019.wav,clean
-177.68387,77.68805,113.61754,28.768337,2.3168924,22.29452,35.842815,18.348347,1.5947572,16.169128,34.69798,12.357512,-8.75585,16.221733,16.296055,12.963264,-9.33526,13.417856,14.175699,11.198152,-2.0734394,12.284769,13.142421,11.467374,-7.2475615,11.327326,3.5860155,9.513617,-0.5792335,8.685482,4.8359528,8.926635,-3.5922883,10.25983,3.772936,7.4741383,-4.3120465,9.468852,-1.1142004,7.9155083,0.37093377,0.3080872,22.121210013853414,0.05678045786571207,0.04789884175603162,0.13927479,0.05313525,1637.926368499015,2045.935705112621,3596.253253948578,129.19921875,reggae,reggae.00020.wav,clean
-88.0909,38.995277,109.416725,21.043737,-25.173025,17.71643,40.403038,12.394756,-8.781224,11.6407585,24.709513,12.198535,-11.537566,12.172414,18.499166,8.76751,-8.2953205,8.941944,17.03021,7.984633,-8.444006,8.625374,9.80278,7.086171,-12.90077,7.3440804,1.572021,7.404782,-10.528803,6.804419,-0.43553233,6.695705,-7.793019,6.8537045,3.44469,6.540631,-4.9788013,8.376791,0.058966927,7.479845,0.39003792,0.29417405,20.20730310684104,0.09286754123935759,0.039902825540715704,0.15503213,0.06251937,2007.372657971661,2120.535241338682,4324.615516308291,151.99908088235293,reggae,reggae.00021.wav,clean
-91.33977,55.248653,98.830605,21.692743,-23.198654,18.170856,46.879734,15.179002,-6.857409,10.567939,29.266338,11.150141,-9.967306,10.721276,25.659388,8.621003,-10.211893,8.4621725,19.611229,9.588784,-8.21838,8.55943,13.407227,7.1445894,-6.499761,8.15105,14.019779,6.615779,0.41123486,8.342882,12.5813265,5.8194566,0.34520662,7.235408,10.107013,6.1499805,-0.43188742,6.9262815,1.2852144,7.8263817,0.45542738,0.29666218,21.179391572356682,0.0723423441128096,0.03569558494854113,0.18218318,0.046521153,2059.3588992585837,2227.0664146910767,4552.972468798374,151.99908088235293,reggae,reggae.00022.wav,clean
-161.81602,70.07312,78.712814,30.722246,-19.275562,19.571104,55.11339,16.013895,13.201412,14.476844,30.957823,12.2300005,-7.0246754,13.301795,24.269943,9.997947,-12.833858,11.920069,21.512707,11.15553,-13.528581,8.951412,12.772056,7.8756657,-7.4467325,8.223127,12.766994,8.015345,-3.334874,7.5500755,9.13467,7.4812202,-7.7527356,7.3762746,0.641076,7.87036,-4.0955224,8.142917,0.50137204,10.491751,0.42847756,0.2986925,21.062378540233002,0.1202902779121517,0.09112250223852493,0.1078041,0.0524487,2354.2710703063412,2335.8578871015516,5048.41113961518,129.19921875,reggae,reggae.00023.wav,clean
-169.24367,76.76116,110.447716,34.8729,-8.553957,22.23799,43.898697,18.108244,0.2664539,15.674194,26.646511,11.998334,-14.365674,16.124859,13.026835,11.390906,-11.142897,12.906303,8.144701,10.958412,-7.6902556,10.152738,10.90997,8.84172,-8.172387,9.602098,2.8046384,9.550879,-6.414233,8.581099,1.1023636,8.543813,-4.2614355,10.386978,4.3270764,10.810783,-3.458248,9.219695,1.2084926,9.4353695,0.34867156,0.3124586,22.132185639210544,0.0721775680872678,0.05171073026795023,0.12365177,0.053080305,1811.3582154873113,2019.252686033872,3854.901689936871,135.99917763157896,reggae,reggae.00024.wav,clean
-177.34091,90.30092,110.98351,31.67988,-15.655527,31.575394,36.77763,17.347267,0.06121845,19.04671,24.468962,13.633293,-3.7678869,16.28672,18.426622,13.589874,-3.3727517,14.338095,13.775833,10.3158245,-2.1070578,9.607918,8.59365,9.754894,-5.94512,10.273202,2.9016984,8.799196,-5.276312,9.325435,-3.0622096,9.626973,-6.2044888,8.985133,2.0515823,9.178565,-0.9910093,7.879323,2.301355,9.874729,0.36248925,0.30978024,22.22290954730173,0.07374974300986842,0.051299621555574666,0.1267832,0.05457451,1709.035434254376,1899.2199943519668,3582.7866687125097,123.046875,reggae,reggae.00025.wav,clean
-171.67456,85.864944,99.35704,30.394485,-8.266292,25.436394,49.604023,19.854372,1.087764,19.57678,31.122862,13.568796,-7.1348906,14.917634,15.8882,11.706418,-1.36541,13.5219755,12.733199,12.246623,-5.1999,11.084176,11.8099785,10.322798,-5.3254657,10.080655,3.1670113,10.08505,-6.6942806,8.792194,0.026681788,8.443332,-7.726803,11.482387,6.69701,10.955788,-3.7591057,9.52088,-1.7928301,9.999058,0.40271538,0.31231904,22.047190250030102,0.07455850607101393,0.047762171574204,0.13427873,0.059198074,1840.8054757537873,2054.362729541917,4007.0841030439724,135.99917763157896,reggae,reggae.00026.wav,clean
-177.61339,83.23368,89.9523,31.85312,4.605283,27.255379,40.16279,23.16176,0.16708128,17.69731,23.182535,13.971967,-9.905035,15.250513,12.762709,12.197412,-7.308214,11.940358,18.732483,11.527488,-5.735256,11.320279,6.1143456,10.835125,-9.921317,10.134181,0.27476895,10.117082,-8.231639,9.369089,3.866412,9.08038,-6.8660936,8.988584,2.1783085,7.333332,-2.3552926,9.110042,1.8247569,7.8503776,0.40373403,0.31617728,21.19370025562851,0.08737815644349846,0.07514190382036555,0.12768055,0.071653925,2086.5315028359455,2317.9605384924525,4678.97170689822,135.99917763157896,reggae,reggae.00027.wav,clean
-256.31827,95.21336,104.26259,34.323086,-7.273195,31.356794,56.246433,16.11991,11.097317,26.19011,27.300398,13.6820345,5.819084,13.378209,17.783636,9.835362,-1.2736737,10.444872,14.663482,9.394567,-3.4646602,8.645387,10.868228,7.240448,-2.461492,8.176449,1.5637312,6.7492995,-3.7310221,7.491674,-1.3596017,6.3408504,-4.2055964,6.2504706,1.3962828,6.600667,-0.27640563,6.8295517,-1.6045073,6.9166903,0.48730457,0.29219693,20.92210361246066,0.06783783620356038,0.06378219731575013,0.07285961,0.041966025,1640.0485302065745,1906.2950902164425,3494.9705330580014,78.30255681818181,reggae,reggae.00028.wav,clean
-202.0222,77.646416,111.094864,20.075878,8.876879,31.031078,51.82644,11.55515,1.2931868,14.108054,30.043192,10.029158,-4.50889,10.216959,22.452713,9.813292,-7.146487,8.512899,11.500771,9.718663,-4.760858,7.732482,10.600747,7.853679,-2.6392035,7.1199837,9.013606,6.955421,-4.359338,5.4658346,-0.041451328,6.4447136,-4.326359,5.9337935,0.65347505,5.956782,-3.7452366,5.450929,-6.1954627,5.811089,0.42890927,0.29789454,20.91258015983324,0.04367887420181889,0.02332330172149772,0.103837006,0.04281005,1585.6012938810545,2126.964856371861,3736.244074109907,151.99908088235293,reggae,reggae.00029.wav,clean
-239.17885,88.48331,98.96217,34.772663,19.201752,30.973848,50.7939,18.19523,2.8389912,21.696297,32.244686,11.189357,-1.5015264,15.047699,16.732338,8.713419,-7.452125,9.375302,16.71691,10.343148,1.4970632,7.503563,16.056482,9.456325,2.8027046,8.548118,5.937705,7.0859265,-6.308285,6.941287,-1.0379016,9.094997,-6.3440433,6.1196647,2.1457455,6.4688816,-6.6404233,5.8389034,-5.261345,6.3520412,0.48764086,0.28968906,20.765190736539928,0.07047840980553406,0.06953823215658099,0.080515176,0.036926456,1814.1990009125695,2187.8831470119644,4068.258733129354,75.99954044117646,reggae,reggae.00030.wav,clean
-226.41882,92.42017,103.35993,25.57426,0.16650221,31.469831,43.973858,18.803572,10.65059,22.813442,35.21007,16.58739,8.444857,14.035424,21.145638,10.041272,-3.2926626,12.015164,15.537871,9.791697,-3.0108566,9.389944,11.102893,9.521606,1.777282,8.013422,10.621122,7.1108813,-5.7564626,8.298753,-0.9837617,8.595012,-4.1323295,7.068051,0.6594141,7.0940514,-3.7918534,6.399663,-0.57908565,5.9647946,0.49041924,0.28801546,21.910560180084765,0.05862247242647059,0.040125812220501475,0.0919936,0.043216787,1578.9797524821934,2022.4438370808307,3540.945255055147,161.4990234375,reggae,reggae.00031.wav,clean
-243.80943,69.2743,123.347595,27.691038,-15.5708885,30.912788,38.883972,22.293615,6.487192,17.810701,25.511738,12.782254,3.0363429,11.747682,17.175442,9.254646,-0.21269445,9.325009,8.983332,9.08253,-2.4875262,7.47193,6.7616143,7.735802,-3.453198,7.073691,3.2560694,6.5986648,-3.4338758,6.006366,-0.4797554,6.47126,-2.534824,5.5789037,-1.862335,5.840139,-4.9655204,5.039828,-2.7182348,5.2371464,0.4869623,0.29040566,20.455582420464925,0.0658639252370356,0.03831987556988722,0.063896276,0.039923437,1510.806650097002,1850.300559898857,3319.1299296754064,151.99908088235293,reggae,reggae.00032.wav,clean
-249.42773,80.369484,111.49365,28.545958,11.282428,37.62648,41.328266,17.40452,-2.8851302,17.240587,34.554276,15.127076,0.42364588,14.445397,22.346,10.366449,-9.966396,9.940526,10.2083845,11.559433,-2.8217611,7.9503202,8.728782,8.437295,-1.4477805,6.5830126,2.2692573,6.8145976,-3.8882215,6.158067,-1.8549621,5.935076,-0.84235734,6.11758,-0.93739444,6.4658422,-3.1697903,7.6167955,-4.3267784,5.8681703,0.4467221,0.29822996,21.043126963886866,0.059147790489551086,0.06101540799930658,0.074202016,0.036538325,1615.9036118108697,2062.867739729709,3560.1451389560757,89.10290948275862,reggae,reggae.00033.wav,clean
-238.86949,76.68229,132.32365,28.236423,-0.12489059,24.079166,41.233845,15.476981,2.4230201,15.841841,19.0934,15.503856,7.968853,14.050262,19.944677,9.692867,-0.6315844,10.102893,11.098161,11.157659,-1.7195421,8.681994,9.940314,8.5447855,3.024706,8.118111,2.2102933,9.569472,-7.8496413,8.711506,-3.985692,6.8459864,-4.9199595,6.0645285,-2.15066,6.651785,-2.4111888,7.0120816,0.05068018,7.125147,0.4705853,0.2971681,21.231464862454622,0.04461386476876935,0.028460355880413568,0.082489036,0.04310359,1291.4824551695672,1746.298068965476,2827.566235427148,184.5703125,reggae,reggae.00034.wav,clean
-223.36678,80.136375,114.212555,26.575893,-4.4246492,24.224794,40.187866,17.52337,-5.0985384,17.616837,24.676882,15.854102,0.7235718,14.4754715,17.049505,11.430975,-2.3657622,10.409415,11.154623,8.699994,-3.0846279,8.819904,6.1297007,7.6062136,-5.687176,7.188629,3.5125513,7.219831,-5.4818797,7.2276692,0.031668413,6.140456,-4.8445797,6.239458,-0.70038456,5.900439,-3.639368,5.7193284,-2.805782,6.079412,0.45854005,0.29507557,20.451797950403677,0.061317467468072755,0.04246129247250051,0.073211916,0.043467525,1699.8353933233093,2030.7174837332313,3787.3354318341235,107.666015625,reggae,reggae.00035.wav,clean
-236.62389,74.17494,91.68299,26.556822,1.8581239,24.623232,45.465084,13.96093,1.2693517,16.27918,32.259144,15.106913,9.054458,17.199646,19.607552,14.079791,-5.0637455,10.576328,10.95754,12.6149645,-4.0131874,9.438798,7.5379105,10.103775,-0.3325838,10.598706,5.8084626,8.753441,-1.8194476,8.803161,5.380285,8.361918,0.28315574,9.086634,5.020354,7.561346,-0.33738157,8.612578,-0.8484341,7.968731,0.43454266,0.3060127,22.19071719731192,0.05923924874226006,0.044961716386086814,0.07998149,0.05635073,1811.5147924120351,2166.312468392972,4119.283424590025,86.1328125,reggae,reggae.00036.wav,clean
-242.5513,102.44208,98.308784,24.342144,-3.8207767,28.193108,46.032425,17.300875,3.2868474,21.580236,29.200768,13.7168,8.863108,13.698133,26.982607,13.510059,4.7228484,11.067316,13.119676,11.121558,-0.6375585,9.8871155,12.055011,9.59783,3.00419,8.922967,10.169963,8.581913,-3.266688,6.5205736,2.036473,8.030517,-3.5446408,6.0637145,0.9496666,6.931613,-6.3131065,6.217571,-2.8599465,6.40959,0.5177376,0.29208395,20.20094622794299,0.06328759916795666,0.05206298795170147,0.08624027,0.052455164,1709.714456389325,2068.006261775031,3837.6684608105165,151.99908088235293,reggae,reggae.00037.wav,clean
-240.0093,91.01214,108.75552,25.639717,-8.202256,34.218033,32.197624,15.578716,-8.81615,15.058053,18.640667,15.542858,-4.7014017,14.515226,15.518407,14.206274,-3.7182035,12.333477,14.536973,14.071292,-4.792446,12.9931135,6.403633,14.155663,-2.9500248,11.20414,2.4401069,11.068054,-7.1109586,9.639165,-0.15518779,9.1451845,-3.1421595,7.923819,-1.5445278,7.805113,-3.7374158,8.4934,-0.81486225,9.978936,0.37383953,0.32270595,22.53174612976758,0.0655547812258127,0.05124306271332017,0.07575375,0.03767506,1701.103192532159,2000.4313412268448,3693.844330495356,95.703125,reggae,reggae.00038.wav,clean
-300.35504,109.077415,99.25266,32.981728,52.999855,47.119385,43.226738,22.405554,18.883024,18.406088,24.848497,14.081855,-7.955614,13.692716,22.175869,10.473596,1.7826729,8.437957,24.79426,9.288201,8.393651,8.915882,20.71345,8.947892,2.804007,7.848931,9.560834,6.4491806,1.1138258,8.628003,5.903201,7.175166,1.1138865,7.1598697,4.1829386,5.2964134,-2.2141101,7.2235684,-2.0283017,7.097449,0.50741494,0.30499658,21.712532202003054,0.02594957853618421,0.018791419961418688,0.10385959,0.061126765,1312.7373064527985,2137.4601402386024,2649.925642928841,151.99908088235293,reggae,reggae.00039.wav,clean
-296.08078,118.71296,93.19381,39.598248,-31.427439,25.023003,29.488941,30.047882,-18.94015,18.865278,1.9491984,18.82931,-19.49847,17.29427,-6.245117,14.427742,-24.019806,11.912537,-7.0987687,10.766698,-14.191153,14.556262,3.2708812,14.205062,-10.612779,15.198711,-2.7966268,10.117289,-10.806494,9.467873,-6.70871,9.418843,-8.496008,7.0645413,-3.1317625,7.7902718,-7.0599756,9.037762,-4.7600565,8.523571,0.30261552,0.30829963,21.33648353180536,0.10104549632352941,0.08690607634035401,0.03906876,0.029960416,2031.8882309842422,1850.2019356993087,3837.843459752322,92.28515625,reggae,reggae.00040.wav,clean
-177.2906,69.70996,89.63707,32.119118,9.614038,27.026808,65.46783,17.415165,-1.0167574,18.086842,15.514672,14.93431,8.010461,11.450206,16.342636,9.776667,0.26795146,9.452104,2.644518,10.638876,2.8961604,9.59983,0.64221567,8.142792,2.5766914,8.252396,2.810242,8.785578,-0.45532742,7.206414,2.5262752,7.0226364,-1.407092,9.03168,-1.6532326,7.2827334,1.2065384,7.5391674,-1.8943056,7.372608,0.37360558,0.3032248,19.731121770505716,0.05904763992356811,0.03767263328559756,0.11992645,0.031211628,1931.4896901504014,2205.638614424234,4123.183401007402,143.5546875,reggae,reggae.00041.wav,clean
-174.81073,62.619766,79.29305,24.764475,-24.333023,27.94369,17.978056,18.905466,24.470284,16.146294,15.726947,11.245224,7.472576,12.697012,4.2259116,9.882995,3.917073,9.603582,4.8066626,9.632735,2.7606578,9.25653,1.7235028,8.194047,-2.3440123,8.956592,-1.601102,8.340904,-4.455369,8.072948,-0.37273803,8.949203,-2.4354048,8.825006,1.4890796,7.623417,-0.32870978,6.3867726,-3.6642168,7.334182,0.43341032,0.2893618,18.304398507121924,0.10571062306501548,0.057513855159720136,0.071250305,0.038430676,2480.8459326909738,2521.7094790983374,5049.419466851296,123.046875,reggae,reggae.00042.wav,clean
-164.68896,58.33505,142.69797,19.435026,-41.473988,18.000677,41.23485,10.126468,16.18847,15.657766,-5.5709586,11.502954,7.642461,8.071735,5.6203566,8.529514,0.80288523,7.383438,-10.477527,8.744705,-2.348063,8.731524,-0.4949835,7.4210596,-3.0664117,7.166476,-0.6133681,7.23027,1.1345508,7.4841437,0.72807527,7.275974,1.0431116,6.9490414,1.9845235,7.196512,3.4986024,7.336376,5.307884,7.6899676,0.33477828,0.29213682,19.47890306119866,0.07602637323432662,0.033675190594016,0.11061871,0.04219457,1484.7434261821936,1644.3137702371994,2775.2082186955786,151.99908088235293,reggae,reggae.00043.wav,clean
-104.24897,61.885357,83.94451,27.667141,18.881548,22.206293,28.945412,16.801437,10.63566,12.980586,9.320364,12.766409,9.311715,12.641865,6.524005,11.353672,3.0084589,10.211038,2.4963021,10.212903,2.7950141,7.7830453,-0.20271972,7.5172467,3.1010103,6.3528028,-2.213516,6.0880218,-1.7472101,6.7477236,-1.5308084,6.4052176,-0.2690863,5.438585,-0.9262979,5.736519,-0.93775654,6.310458,-3.5272477,5.6750007,0.44927633,0.2847677,17.555427427118428,0.08757694586880804,0.050584796549271165,0.15244086,0.058071367,2454.215349177034,2820.883466207411,5582.274578082673,172.265625,reggae,reggae.00044.wav,clean
-120.324814,78.2461,16.383318,29.566416,25.04658,32.311775,37.25922,21.324816,9.280131,15.00761,13.014446,11.561945,3.2297337,13.807508,5.967851,10.017646,4.0833497,10.192134,1.6961602,9.558192,1.8896632,9.931258,2.6729698,8.124802,2.0346594,7.9150167,-1.7154503,8.160695,2.1032035,7.1774707,3.2449558,7.9888744,-2.0760071,7.5087223,2.7732615,7.213986,1.609771,6.435625,-4.050147,7.934664,0.4575736,0.28531304,17.63099807497833,0.22392041469136997,0.09241312543894102,0.09121401,0.036325816,4283.044762530106,3112.0550806340652,7926.302070735778,161.4990234375,reggae,reggae.00045.wav,clean
-169.03961,54.818996,79.50441,27.208017,15.242741,20.884249,42.74113,18.204912,7.68792,13.303885,17.028828,10.061047,-5.9826927,10.685722,0.54102665,8.3449135,0.06319964,8.627484,-0.9479884,9.398122,0.8362159,8.88916,-1.5890545,7.438712,-2.892287,7.805775,-4.030863,7.3404946,-5.7745085,7.168777,-2.5853257,7.0133185,-6.522957,6.725267,-6.593555,7.6841903,-2.8414476,7.572711,-1.2010624,7.8800073,0.3243008,0.3197488,18.910273448953205,0.08097759046052631,0.051526130824463875,0.09348249,0.03347087,2322.2929756125877,2592.9071385788216,5228.026720171004,172.265625,reggae,reggae.00046.wav,clean
-140.31783,64.26833,69.632965,33.09168,-9.986164,25.195995,52.16776,20.65354,3.2691405,17.876879,4.559303,12.253495,-3.4938629,13.562668,2.92315,12.522597,-6.571258,12.080331,-2.642122,11.444184,-1.7314113,10.011027,-6.9437375,9.80457,-5.8254113,9.234517,-2.6929157,8.765442,2.5455923,7.305253,-1.8138262,6.7740345,-2.1630096,7.097251,-2.9328244,7.0957313,-1.7962036,6.8043013,-2.7112763,7.0565853,0.34247676,0.30670017,19.20157902782598,0.1149788965750774,0.07017387461748197,0.10929273,0.04615178,2477.9298991117516,2309.8552804001843,4759.787884880515,143.5546875,reggae,reggae.00047.wav,clean
-123.733696,62.23849,66.19565,31.92558,8.181811,21.790556,49.759678,17.158693,8.53877,15.0798855,25.88335,13.91038,-5.3920436,12.888941,12.895175,9.827478,-2.5414345,8.520544,6.7968063,8.954377,-3.5781765,8.634355,7.636994,8.098737,-2.0558963,7.373307,4.918354,7.6643,3.664884,7.075094,4.112981,7.118628,-2.0491464,7.140778,6.7759333,6.5788445,-2.827813,6.6623044,-2.379036,6.6129894,0.39015487,0.304008,19.495876803311585,0.11121021188080496,0.07094721929625661,0.12016339,0.03935106,2673.271677146076,2550.062750196054,5607.916089698626,89.10290948275862,reggae,reggae.00048.wav,clean
-121.49299,64.129906,89.57814,27.194065,23.786144,20.839725,32.76793,18.303186,8.857056,11.800645,-2.6159663,10.666744,6.6278014,9.014761,1.7668996,7.413736,-2.9514718,7.43082,-3.0993512,7.562357,-0.69749063,6.6733875,-5.4294267,6.47157,-6.5477986,6.6182694,-4.704497,6.210622,-3.2821007,6.745444,-6.4664598,6.361616,-6.659792,6.280473,-4.4151874,5.804745,-3.1623805,5.620449,-3.9799309,6.2521515,0.36961183,0.29623315,18.744965197908012,0.08073911873548761,0.04923545480842872,0.13286576,0.047211315,2322.9386798779633,2804.179908800484,5452.1336983601,95.703125,reggae,reggae.00049.wav,clean
-104.88102,73.28288,66.38382,43.846355,-2.3053358,20.875908,24.606274,18.174288,8.4148655,13.672072,6.770361,14.103067,1.6772854,13.200768,5.1811643,12.57532,1.0552061,11.907763,2.1988103,10.041572,2.9562771,9.014445,4.5823026,8.004523,4.2084527,9.372615,3.097735,7.8179927,-1.4157376,7.6972914,0.22688985,7.2440214,1.0962344,8.688736,-2.3245966,7.642179,-2.8943222,6.666082,-2.1844988,6.567036,0.4603503,0.28922886,18.05379328358461,0.12710883078560373,0.09335015184822179,0.13106836,0.063469715,2955.9154393104704,2690.613294287067,5871.231164135062,95.703125,reggae,reggae.00050.wav,clean
-154.96252,77.94848,-1.5391539,50.22166,22.38873,27.648071,30.425213,19.941593,2.1195714,13.601005,28.596123,10.161699,16.995514,11.417682,13.418901,11.946738,8.493891,8.282159,6.4839697,9.607428,9.772991,7.7303433,10.905425,7.62407,2.1743824,8.084913,1.638151,7.6812515,6.3485465,9.094312,6.9075937,7.9414315,-7.8031516,9.657295,4.694933,7.1054764,3.4125054,8.278692,0.66997004,7.232779,0.56960213,0.27031407,15.010391038312703,0.27482940390383126,0.16938005266985642,0.117365755,0.057277128,4276.113111170075,2877.5263742277384,7677.036911341428,86.1328125,reggae,reggae.00051.wav,clean
-85.30075,57.457306,60.9427,34.302433,34.79015,24.395256,19.804203,20.475882,16.71572,18.262558,7.975334,14.211281,9.312554,11.454481,11.364072,10.874026,1.3941991,11.635338,-0.08794774,9.4893875,6.407763,9.611568,3.6292884,8.540584,5.6768217,9.0666895,7.2175846,8.374389,-0.8390437,7.8968,3.2431822,7.9420342,-2.6891913,6.833637,0.36227465,7.8244157,4.752417,7.794857,0.33321753,6.5518327,0.5022181,0.28935224,16.251765635954282,0.13413826673761609,0.09848473106054367,0.1900278,0.091506794,3288.4332914507586,3252.7791786410216,7285.10594796101,99.38401442307692,reggae,reggae.00052.wav,clean
-251.39256,87.3303,105.855774,34.71241,2.2200243,34.75595,32.484394,16.87996,16.563274,15.786506,8.290815,12.091307,10.365557,11.815541,5.5049367,9.684642,0.86996216,10.0154705,8.355298,8.55193,-0.63177377,9.398956,9.898768,8.339197,-1.8497398,7.9727416,4.4185476,6.53509,1.8289825,6.703006,4.2468085,6.0675917,-0.20060067,5.685572,2.2507565,5.268227,0.93455493,5.718712,1.2882608,6.147935,0.46941012,0.29878902,17.699402364529696,0.08977950246710527,0.08659562758269188,0.063052826,0.04292454,2004.3538474526456,2298.145721741871,4159.908178937693,75.99954044117646,reggae,reggae.00053.wav,clean
-182.1939,78.96482,83.517006,40.335495,4.8448935,30.635729,12.6912,20.405436,30.071642,15.354625,17.201649,13.066758,6.1039777,11.945294,7.693451,11.0224085,7.147,9.518832,8.883384,8.522916,-2.1501875,9.987061,5.713592,7.965064,1.4522558,8.550964,-4.9398346,8.990058,2.9155705,8.133906,2.189585,7.6859274,-3.2314157,7.960428,0.75919986,8.431273,-1.6967705,8.4258795,-0.63379467,9.204639,0.3962884,0.30500254,18.957181589598882,0.10153566720684984,0.08207393234680609,0.09687516,0.046674952,2541.9768822749897,2725.503663441282,5475.575223279073,151.99908088235293,reggae,reggae.00054.wav,clean
-130.3925,65.20665,84.28538,33.731922,29.355722,26.391695,23.844406,17.80909,8.28788,11.994012,13.86177,8.627634,2.2291074,7.964846,2.9254556,7.809135,2.5764942,6.843747,0.09832213,7.498174,2.3406696,6.7807984,2.7464368,5.6271243,3.7561285,6.2581763,3.7823875,5.933459,2.1226056,7.3859353,3.1364772,6.959481,0.161504,6.797342,2.3938253,6.9844193,-4.115126,7.043591,-1.766931,6.765212,0.461971,0.28456163,17.14655875769987,0.0822270160119969,0.05415496678426754,0.112905614,0.025733143,2525.883148548213,2840.031024653128,5595.957828675261,129.19921875,reggae,reggae.00055.wav,clean
-162.50883,77.97104,98.486626,32.55354,-1.6052873,23.719173,20.811714,19.06647,12.058052,17.829891,11.743512,13.711369,6.093583,11.797196,4.958358,10.141061,1.7059443,10.737955,3.0551608,9.18683,-0.85991335,8.531679,4.1205864,8.228408,3.42566,8.2273855,-1.3976501,7.8798723,2.2798965,8.176083,-3.710869,8.9296465,-6.500756,9.155529,2.585176,9.746755,1.4101468,9.369459,2.229942,8.750268,0.3702624,0.30526954,17.845314050047858,0.08318468217879257,0.055350395491732526,0.10052799,0.049716722,2174.1042292536513,2460.904693392289,4659.646823753144,161.4990234375,reggae,reggae.00056.wav,clean
-177.29272,81.369644,98.28518,40.313915,14.708466,26.045649,21.133085,22.208176,14.941088,16.013132,10.18818,11.621785,4.9731407,12.387262,0.84379053,11.077927,4.83046,11.601029,6.869421,10.524568,3.5429003,8.362067,-0.35623598,8.913838,0.5778767,9.183346,1.3758775,9.636817,2.0128925,10.399594,-0.30699247,8.532332,-1.3682139,8.238018,2.8996344,9.18192,-0.97946554,8.996107,-0.5216541,10.1048565,0.37290987,0.3084144,18.68059726991415,0.07889861588138544,0.05717966768115937,0.10334067,0.04792136,2170.729333695411,2577.52397771507,4776.804448650349,95.703125,reggae,reggae.00057.wav,clean
-169.34058,83.31695,83.9091,32.506203,11.203279,27.889046,12.134803,17.272425,21.077204,17.841951,9.533383,13.542439,0.93636584,13.44435,2.1945176,11.064079,0.87566537,10.504451,1.6430134,11.866733,-0.4176584,10.184904,0.7432359,9.029536,-4.7871585,9.727768,-1.7297721,8.385354,-2.093574,10.380361,-1.4278101,8.620975,-4.669387,8.742928,-0.21244699,7.9295087,1.9530637,8.858429,-1.2630275,9.883224,0.37186238,0.30764914,17.86779578517069,0.11201028262867647,0.08852550926515093,0.09115262,0.039449923,2631.8490363841825,2827.839241374862,5700.073865766496,123.046875,reggae,reggae.00058.wav,clean
-93.51581,62.417587,80.181656,27.46268,-0.3042792,19.964529,15.263566,18.62596,4.348327,16.604939,9.056693,11.50356,1.691839,17.825815,2.5480187,10.833461,-4.297323,10.927572,1.0002484,11.185739,-1.696375,9.380239,-2.9968734,8.472547,2.2530193,8.704728,-2.0940115,7.7473984,0.3257627,6.8647943,-4.3774824,7.8272257,-4.0438805,7.9181995,-3.1599917,6.6135836,-5.416726,7.0258536,-2.1435902,7.9204073,0.37597787,0.2925134,17.872258978583165,0.11742559379837461,0.06140480231984907,0.12639175,0.044365726,2671.9431591250614,2716.8459265601514,5700.315530971846,151.99908088235293,reggae,reggae.00059.wav,clean
-301.43967,74.49874,77.22314,33.777786,-13.575449,22.93035,39.304363,21.074533,1.6029992,15.992161,16.892714,9.518397,-7.2503476,14.805239,-3.601155,8.696405,1.1691407,8.978077,-3.2648888,8.044342,-8.437727,8.791793,-3.6016147,7.651643,-2.6015775,9.793348,-7.23496,8.002386,-2.4424508,7.723899,0.7665416,7.5904074,-8.960346,9.895926,-2.651947,6.65449,-5.49749,8.224546,-8.402103,8.250293,0.29911515,0.3029209,21.5258199730988,0.11853254099748452,0.07775228450303662,0.025837054,0.018483683,2395.785250668999,2301.0001364932536,4792.521020281057,112.34714673913044,reggae,reggae.00060.wav,clean
-74.0531,55.23531,58.0152,32.273502,9.140951,26.763113,29.258945,18.820683,12.535322,16.174353,-0.18953325,12.417434,0.165297,13.177151,1.3719066,11.696271,-5.0915,14.047222,1.3520699,11.35643,2.8511605,10.663228,-1.560881,9.030465,0.8852588,9.057451,1.0400752,9.883011,-4.336043,8.494282,-3.7478487,8.496069,-3.6638267,9.135699,-1.0602558,9.341767,-4.114143,8.9797945,-4.137697,9.89506,0.39536205,0.30531672,19.34724205313804,0.1335615506482198,0.08103398711275576,0.18103953,0.05409057,3122.9386087150997,2918.2212026844577,6473.494188999613,92.28515625,reggae,reggae.00061.wav,clean
-265.69498,86.59229,80.61592,33.86536,9.722022,25.859879,36.657085,19.218046,27.836796,13.905712,12.086828,12.777512,15.014478,11.624735,15.116937,11.063265,6.558819,8.647855,6.284592,8.482059,7.4860234,9.877029,5.6445103,8.350438,4.349679,7.33529,3.08505,7.8927474,2.4041407,7.745907,2.185563,7.4889083,2.4785864,6.9010644,1.2730665,6.704587,-0.21760574,7.0658336,0.8088296,6.4333615,0.44482914,0.31213367,17.7576116374858,0.06088285180437306,0.05410309808913386,0.057322286,0.030636976,2113.391953819571,2595.2174679502996,4785.929393473055,151.99908088235293,reggae,reggae.00062.wav,clean
-168.56569,64.00985,109.54735,28.596224,-20.666073,25.452816,38.956314,17.982817,7.960122,15.262267,0.3354015,11.325749,6.036591,10.198161,4.086572,8.820962,-1.3609743,9.230946,0.11973303,9.188338,0.24298769,7.8842645,0.35119832,8.23405,5.3024573,8.269315,3.684615,7.4537964,2.8488913,6.7431545,4.4759326,6.557464,0.80968976,6.6319885,3.007137,6.584082,1.5235856,6.3465266,2.4545727,6.7023616,0.41585445,0.29972112,18.48319245548893,0.0833796923374613,0.04718642927251708,0.097581275,0.047118206,1910.6006441535096,2114.9895233091474,3939.834509693063,184.5703125,reggae,reggae.00063.wav,clean
-70.11165,56.056164,54.362183,28.537622,15.596424,27.37278,19.821365,16.503761,27.00525,14.246822,13.251235,13.072865,0.7004847,13.7952,10.075649,11.03918,6.6888304,10.607632,-0.30473047,10.934977,2.978181,11.024291,6.0232983,8.172842,1.0923579,9.155534,3.1697547,8.801957,0.24926984,8.798316,3.0365627,7.0634756,-5.600442,7.5496006,-1.3141888,7.406529,-1.9566276,8.37386,-8.710367,8.013265,0.41680506,0.31406334,20.14568357194341,0.10088072029798761,0.08721834163536085,0.26777142,0.08550898,3094.02220916496,3135.97809929496,6973.949496148171,172.265625,reggae,reggae.00064.wav,clean
-66.18777,83.5472,97.88822,42.47426,-18.8181,23.8552,26.937904,17.510685,14.0201845,15.799302,6.0293307,15.482123,9.445992,13.050878,10.570344,10.29235,-0.13658695,11.359923,8.12607,10.214679,10.541822,12.126108,8.009013,10.456458,3.808331,8.03232,4.0128603,7.8658767,2.71313,7.1757126,0.42442927,7.08465,-4.2018785,6.7192783,0.100737296,6.640334,0.14901483,6.633603,-3.1472926,6.146305,0.37581554,0.30900788,18.12511373100123,0.08281998294794891,0.052548488565404936,0.29808503,0.120830074,2080.8998101028196,2264.8255954836695,4366.306930872678,89.10290948275862,reggae,reggae.00065.wav,clean
-147.08931,59.456627,120.0933,30.879854,-21.591429,20.737587,39.64055,18.379612,6.94915,13.317411,15.087431,12.927783,-1.0081931,13.963143,15.945317,11.027428,2.5432343,11.265531,4.5108314,10.873715,0.02295203,10.461572,4.3321266,9.792041,4.638779,8.269281,4.006375,6.930829,3.054718,7.9565725,0.5425983,7.497501,-6.1399174,6.985118,-1.6537441,7.9279046,-0.73003,6.974922,0.19702496,6.542477,0.3892008,0.3051641,19.832773805924436,0.06711183908184984,0.035780370271778335,0.12912783,0.051514022,1629.3916759342608,1886.7002336206344,3259.1219592020607,161.4990234375,reggae,reggae.00066.wav,clean
-132.95238,49.549793,117.09168,23.696507,-2.7986,17.959541,22.529333,14.393726,25.91985,13.454772,0.29016027,11.338648,13.511026,10.358613,3.3958857,9.331888,4.522271,7.7526345,0.5429567,8.402735,-0.0720814,7.801196,5.0957727,6.815548,-0.15914744,6.962416,1.27157,6.2091117,3.0685508,6.4087524,1.3972648,6.794153,-0.5488079,6.299357,0.13979945,6.0284586,-1.0481825,6.2056055,-0.040011592,6.6119604,0.39610007,0.29987225,17.912264281259606,0.06049774453366873,0.03252700210273019,0.14007322,0.04437385,1729.221510067004,2362.468419705552,3520.153714112084,83.35433467741936,reggae,reggae.00067.wav,clean
-194.80711,77.967415,83.02939,37.415943,-0.7573575,22.23023,32.3753,19.393307,2.8250601,14.729713,23.167728,12.132976,2.966824,17.076899,14.221725,9.951496,8.545363,10.51664,10.447763,12.526095,7.0688815,10.528954,8.804685,9.016931,1.4087901,7.9646764,5.4087796,7.1972804,2.7515855,7.6265306,5.2473264,7.4496675,1.642781,9.350289,0.5076165,8.37377,1.1411836,8.768425,-1.5598167,8.301704,0.35864207,0.31666362,19.861135028095635,0.07786158511513158,0.055757234590360166,0.095324196,0.042288855,2104.9458967015426,2311.3974771349967,4381.623504922117,135.99917763157896,reggae,reggae.00068.wav,clean
-142.78154,66.79782,83.62423,31.516657,21.90621,25.07736,33.849457,17.221075,4.624049,17.082495,4.162697,13.684197,1.9368716,11.101944,21.812685,9.103971,-5.9423456,9.14398,0.50014144,9.785607,17.423235,9.157663,-11.433122,8.294672,10.545723,8.48316,2.2018425,8.9124775,1.4132795,7.246795,1.7545954,6.7335715,-1.3976312,8.870795,2.0162969,7.065738,-1.8893012,7.4363365,0.63754696,7.398955,0.36254442,0.29827735,19.22645888591367,0.08041447973103716,0.05618300810164227,0.12575796,0.038681094,2461.457562285525,2683.171027864963,5288.368021962075,143.5546875,reggae,reggae.00069.wav,clean
-136.78912,70.87399,75.5919,27.323767,-5.33347,22.307325,23.440128,20.347176,0.7612743,14.814383,12.292593,11.157227,4.4802775,12.920982,5.1578503,10.875118,-0.07490863,9.118035,9.033965,10.376559,4.902392,10.765122,2.3301923,9.678473,5.4751735,9.657008,0.66243345,10.832977,1.474683,9.667467,3.8372912,9.01516,-1.5902513,8.909756,-1.720957,8.437762,-4.443439,8.514479,-9.697896,9.232108,0.38055372,0.3103064,19.811619068953863,0.06099963114357585,0.03435669048469414,0.14901283,0.042362005,2288.9314176081257,2534.0413134160685,5006.536392826045,172.265625,reggae,reggae.00070.wav,clean
-141.76732,92.36203,44.179897,46.616985,21.71709,24.44577,43.292015,19.967266,21.74255,19.58975,11.178962,16.082706,3.543304,14.373454,15.015563,10.350808,-1.7441003,10.798503,6.4359937,9.959319,6.9099855,11.267164,0.7032586,10.618481,3.9693093,9.896942,1.4794365,9.569884,4.6782966,9.221862,0.90257126,6.9464645,2.2230742,6.7799673,3.3757136,8.193705,-2.6652095,7.3494024,0.50957847,7.2455893,0.40891767,0.31084466,19.58241360620462,0.12166630889609133,0.10428591542679047,0.15084101,0.06998157,3109.580608719877,2852.420966793385,6392.311346567822,143.5546875,reggae,reggae.00071.wav,clean
-94.140526,79.14728,68.22994,32.725433,3.97548,27.26726,7.6313868,22.513487,12.791034,19.832634,-3.185735,14.465553,-3.9074442,13.754461,3.8176005,11.900471,-6.121651,12.859802,-0.3518425,11.267133,0.3375633,12.432517,-4.6744213,9.34151,-3.0098026,9.721795,-2.9692576,8.955882,-3.1980948,9.277881,-4.922947,10.320736,-5.001903,8.650838,1.3904977,8.693597,-2.0881765,9.1038885,-2.08864,7.505503,0.43271825,0.29327828,17.979076631278144,0.13607514089106038,0.08655133705950373,0.14293236,0.06894711,3086.1860008884605,2974.065400197414,6572.1602590460525,112.34714673913044,reggae,reggae.00072.wav,clean
-105.88102,44.447174,87.996155,27.46799,19.372707,22.061836,30.624931,15.706683,10.024096,14.578687,18.020151,10.167637,3.6549273,9.494031,8.923996,8.640728,5.8252344,8.386857,8.8736725,8.660793,5.6649575,7.326793,10.555122,6.1130714,5.901164,6.9801307,6.104389,6.228588,7.049708,6.4397264,5.0997863,5.83739,4.457999,5.842811,2.1786814,5.575962,1.396186,5.8533764,-1.2673672,6.01749,0.44946608,0.30072337,17.979462097514105,0.05106696255804954,0.029544396890259724,0.19222166,0.03613924,2153.2951509096097,2667.5255346736817,5073.910985421101,83.35433467741936,reggae,reggae.00073.wav,clean
-105.86871,44.450336,88.181656,27.382296,19.302423,22.010256,30.579697,15.737412,9.9836855,14.636906,17.954727,10.181326,3.6897562,9.5539875,8.922591,8.658771,5.8549743,8.402525,8.851583,8.683584,5.6235914,7.3510203,10.514844,6.08723,5.916853,6.9916396,6.103881,6.2157536,7.0478773,6.4442563,5.083662,5.835011,4.441309,5.857749,2.1635664,5.58072,1.4177475,5.8783236,-1.23278,6.0355573,0.45464912,0.30500892,17.954243748032727,0.051022745138351394,0.02961135106819544,0.19221866,0.03615637,2148.603575494345,2665.358067100445,5064.42770943184,172.265625,reggae,reggae.00074.wav,clean
-63.8221,52.627064,88.25404,26.497433,-27.603098,23.933403,18.600967,16.068907,-3.5774841,20.27778,5.198116,11.147817,0.9838292,10.859056,8.05298,11.153793,-4.396183,9.426428,2.2758758,8.607773,4.1544557,9.718111,-2.2084978,7.5335674,10.266527,8.421232,1.8743329,8.718996,6.291246,8.613335,4.695101,7.33301,-7.7507076,7.141762,4.5987053,7.8700285,-1.5900236,6.835456,0.63101155,7.627633,0.38970286,0.30122963,18.135163652811,0.13506002987132354,0.054856134932716225,0.17095791,0.08145701,2481.191325890234,2323.8040355304543,4846.387361225329,143.5546875,reggae,reggae.00075.wav,clean
-105.70985,95.27084,76.10178,42.59452,19.510614,27.13072,36.709297,17.243353,3.7498503,15.446477,11.684267,13.637657,0.07589353,11.05178,7.092368,10.932847,7.6598434,11.770543,10.457497,11.226961,0.9903632,11.076533,-2.1993623,8.651796,-1.5104166,9.372976,2.6376312,8.345966,2.1172302,8.031898,1.4288856,7.2882385,3.8492975,7.13844,5.698102,6.406594,-0.13352445,6.9937205,-1.5506123,7.1185327,0.44042614,0.30715495,18.058932677579104,0.08827233093072756,0.07635196516638545,0.21068911,0.081474684,2456.1544092561144,2559.7410978450016,5054.527769295424,161.4990234375,reggae,reggae.00076.wav,clean
-151.77394,51.680405,105.12452,27.392248,-6.1661625,22.302313,47.9461,14.039177,11.344109,15.201232,15.087999,9.992402,11.635067,10.618482,6.6077847,10.350971,6.8175387,7.721703,2.3976097,7.584708,-1.0347643,6.8747945,-0.22057217,6.5124063,-0.64231867,6.746164,-4.031569,7.3593063,-1.7196908,7.084029,-0.66756886,6.082269,-6.97883,7.4681873,-2.4290376,5.354103,-1.1788956,5.245415,-3.8099961,5.982359,0.39548975,0.3012,17.390660262142152,0.06091951069078947,0.03629368485464639,0.11652951,0.038973723,1778.3264606974715,2174.118858547304,3821.9518891798084,143.5546875,reggae,reggae.00077.wav,clean
-175.48697,83.08339,78.023026,40.396748,-2.5604966,34.67095,52.86769,20.702509,15.8424015,15.7643795,24.755295,12.59529,5.29587,10.311878,8.655302,10.951723,6.6522336,9.414499,9.806406,10.476708,-3.3547556,12.307449,4.118611,9.646785,2.3579514,8.869937,-3.3535118,7.910312,0.7974128,7.830601,-0.26391488,7.6810446,-6.3318634,7.0954337,-6.457858,6.871422,-1.256674,6.9522734,-6.4551945,8.061776,0.4528192,0.28794947,18.991241504543677,0.09380782277960527,0.052912457238999254,0.09433407,0.031337388,2317.4758286832307,2334.685756399186,4680.663363335671,161.4990234375,reggae,reggae.00078.wav,clean
-155.67242,67.46909,57.027374,43.881588,-35.247707,28.023764,33.286343,14.990452,-14.187575,12.548247,25.281809,15.576859,2.5339673,12.880059,4.2479243,8.33042,8.487785,9.029988,4.567988,7.3283305,2.8205197,7.40088,2.5739942,8.44521,2.8225186,7.8265605,3.6183274,5.449557,-2.8702095,5.6454277,-7.4973774,5.5843506,0.19377778,5.119167,-1.4596338,5.1916943,-2.1718602,4.979572,-0.05962724,4.6430674,0.47635514,0.30184835,16.822624278088263,0.18643386888061145,0.11089932004705305,0.08061355,0.051384825,3003.0228526329006,2214.713375068283,5294.126320475764,151.99908088235293,reggae,reggae.00079.wav,clean
-103.10472,76.34895,67.23044,29.17632,2.239865,26.8265,28.497494,16.898632,4.176846,14.821677,11.877421,15.034126,14.268193,15.694615,14.302058,11.016231,3.2598321,10.354397,15.845577,12.062635,8.033733,11.283023,4.457916,7.177511,8.679057,7.6628766,8.057954,7.311945,7.979672,8.415718,5.031801,7.930737,3.738449,6.6515775,-0.32675493,6.5418463,-0.938553,8.1814375,-1.0842903,8.767568,0.4770484,0.30633992,17.456057683607117,0.09431537828947369,0.07066754984854563,0.19575419,0.10297495,2538.8183244874817,2644.457246211116,5260.409857687935,99.38401442307692,reggae,reggae.00080.wav,clean
-115.72032,78.96916,67.04471,31.10226,1.920735,29.652546,29.123379,17.83784,4.007427,16.000916,12.044658,16.077953,13.988451,16.308693,14.918452,11.4266815,2.299447,10.662606,17.055819,12.934041,7.568181,11.205811,4.992762,7.401849,8.547549,7.829174,8.288142,7.480552,7.8985267,8.479237,5.850145,7.9849453,3.1114364,6.716273,0.054986347,6.5589147,-1.5452893,8.485638,-1.2790092,8.76374,0.47352478,0.3047968,17.748713885817587,0.0994389300744969,0.07508152885551328,0.17930914,0.099637896,2567.6720453746466,2630.235731297356,5315.526191073674,99.38401442307692,reggae,reggae.00081.wav,clean
-115.72032,78.96916,67.04471,31.10226,1.920735,29.652546,29.123379,17.83784,4.007427,16.000916,12.044658,16.077953,13.988451,16.308693,14.918452,11.4266815,2.299447,10.662606,17.055819,12.934041,7.568181,11.205811,4.992762,7.401849,8.547549,7.829174,8.288142,7.480552,7.8985267,8.479237,5.850145,7.9849453,3.1114364,6.716273,0.054986347,6.5589147,-1.5452893,8.485638,-1.2790092,8.76374,0.47352478,0.3047968,17.748713885817587,0.0994389300744969,0.07508152885551328,0.17930914,0.099637896,2567.6720453746466,2630.235731297356,5315.526191073674,99.38401442307692,reggae,reggae.00082.wav,clean
-285.9736,87.07784,138.68747,37.685467,19.947643,31.63489,35.24512,20.93256,-7.9940906,18.378223,7.078869,12.522882,5.4051294,16.139816,-3.2063923,9.054814,-1.1585748,10.082586,3.2082617,10.238617,1.4964437,11.267142,-4.0358186,10.993001,-6.3341928,12.197221,-0.9289381,10.970854,-4.363625,11.636232,2.8833332,8.721757,1.2566572,11.612024,1.9725599,11.868453,0.7886766,10.449625,-4.2886114,13.331366,0.32676357,0.30242756,21.09292098298022,0.07119609254063468,0.052428499629134706,0.0567255,0.032753885,1366.429347381977,1737.328608890746,2562.884502588042,129.19921875,reggae,reggae.00083.wav,clean
-150.91211,64.87862,111.76167,28.973194,2.9156675,21.465712,42.73335,14.279202,-3.5954196,15.8682165,15.153264,9.888249,3.4516783,11.195344,0.18917762,9.715523,-4.718382,9.574633,3.858657,9.560627,-0.88960326,8.213764,-5.3516603,7.790121,0.6894755,8.301337,-1.2251097,7.4883614,-5.0513124,7.5957723,-5.0716324,7.219776,-8.564148,7.7192464,-7.982334,7.1370335,-5.3022027,7.360947,-1.4553043,8.20834,0.31906402,0.29952636,18.671631178018348,0.07602221604102168,0.03889219076157057,0.1142016,0.036047895,1788.5445972751872,2121.0282353750026,3820.201899761755,198.76802884615384,reggae,reggae.00084.wav,clean
-175.16914,90.00171,116.62998,27.582281,-55.129204,26.053871,59.90558,15.830106,1.9614092,18.552286,1.0681366,14.536878,14.602345,12.255494,-3.231406,11.948846,2.7899191,10.082608,5.709691,10.441856,-1.8400204,10.138488,7.8743434,9.321046,0.40650466,8.368386,0.04450124,8.501281,-1.159,7.683119,-4.5109925,6.9936557,-2.9495673,6.28446,-3.6833575,6.3307433,-2.5156965,6.129291,-7.052287,6.2822185,0.3958239,0.30451673,19.154556532002793,0.09941020764802631,0.06202163933407184,0.11948926,0.05977037,1797.4051726737525,1649.7447379348403,3440.079198311726,86.1328125,reggae,reggae.00085.wav,clean
42.112865,121.22608,37.42417,63.49255,-7.9223104,25.490637,4.49199,15.43057,8.947956,18.650677,3.5308404,9.144105,3.0852087,10.959046,1.6274318,7.011907,6.2675343,7.8396454,1.8218068,7.9416924,-0.56136596,4.878547,-0.39434332,4.320407,1.628249,4.8868566,2.9074898,3.7625835,0.38150215,3.1204214,-2.3099115,3.034057,-4.141039,3.8724186,-2.1888423,4.2502165,-3.3363507,3.6582448,-1.861262,2.806675,0.6635413,0.21933365,13.494408246646016,0.2602225383368808,0.11250027306805091,0.35094303,0.12005413,4434.948742523192,2844.427231290672,7624.545562082769,129.19921875,reggae,reggae.00086.wav,clean
-110.20218,78.93011,48.547993,39.1341,29.644615,21.262703,18.442467,20.736185,-0.472349,14.538485,4.6547112,14.684129,-2.2670708,13.023008,-6.588416,12.75811,-2.1527019,11.944551,-0.15998109,11.572065,-0.68459135,10.363197,0.5441745,11.711841,1.9038584,10.591595,-1.0631889,10.364756,1.7236896,8.246721,0.8197152,8.087818,-1.6870395,8.825969,2.6605754,8.354876,3.1008935,9.794207,3.7421088,9.228386,0.3877295,0.31885213,19.530519306603146,0.1218802153879644,0.10951695867506624,0.20783828,0.11355698,3296.209659000533,3064.6375918381927,6908.908222777187,83.35433467741936,reggae,reggae.00087.wav,clean
-75.2325,50.30556,44.853004,22.408484,10.078607,17.940153,1.1481963,18.014626,1.1562961,13.642661,-3.1406858,14.330922,0.13975966,13.073815,0.0793274,10.442974,-3.4337423,10.340977,0.110677995,9.925556,-1.928057,9.072168,-2.314652,8.746159,-0.07721773,8.465383,-3.4861436,8.152873,-0.37647745,8.971481,-2.729149,8.975976,2.5087376,10.463151,-0.9931395,9.618682,3.6319659,9.774433,-2.5960574,11.057086,0.37569982,0.3061487,18.54145290703945,0.18931631554760062,0.08509864811734172,0.12002136,0.041697733,3881.383875119963,3361.8478582878743,8250.366777827496,107.666015625,reggae,reggae.00088.wav,clean
-194.45694,90.6578,157.13971,38.931145,-14.128242,27.869734,44.053368,20.877127,3.4784238,13.530459,17.465809,9.188941,2.9772441,9.900578,5.8337646,6.8388653,3.0153089,7.6851354,1.075528,6.862889,2.5912235,7.4554276,0.79981047,5.4817853,0.64917696,5.639333,-2.4909732,5.69679,0.8378124,7.046076,1.3831848,6.5147433,-4.2748632,6.1423306,-0.53351504,7.6528163,-1.9673729,7.559969,-1.341783,6.687088,0.36949578,0.309376,18.079400153312577,0.03803831874032508,0.026561536380940772,0.15138194,0.06290868,1052.002100832133,1401.116765374739,2054.704242151219,151.99908088235293,reggae,reggae.00089.wav,clean
-127.36403,70.34578,65.991806,35.888405,4.458125,29.460207,30.058983,16.31705,16.647373,13.674473,16.524986,12.916443,-6.399657,12.095494,15.28876,9.977582,4.6200223,10.138856,5.1040297,10.471912,5.5857096,8.815265,-0.76974225,7.553414,6.062219,7.7536936,3.7929256,8.150156,-2.1860957,9.198092,2.0060635,8.337758,-5.561904,9.505278,7.7648025,11.114129,-1.5139076,9.818738,5.000389,8.216226,0.47000408,0.29468817,18.488280268330257,0.13065151533475233,0.09885469574750745,0.1442626,0.09096025,2867.992801312542,2676.037975462006,5796.573282247727,151.99908088235293,reggae,reggae.00090.wav,clean
-159.94081,51.319637,92.81089,25.125452,-28.709526,23.41667,31.46426,16.363094,-6.6107225,19.241505,12.638019,11.1701,0.8522681,11.099041,10.961095,10.802773,-2.074935,9.776486,3.66625,8.641048,3.579506,9.483722,0.32305527,7.4345336,8.548466,8.669531,2.8394165,8.987262,6.749161,8.847895,4.8699255,7.516227,-7.0079427,7.1742105,3.97035,8.063899,-0.75895727,6.880641,-0.32640785,7.636222,0.39799446,0.2988399,18.14321727960239,0.12388965146091331,0.04818122652856555,0.0688135,0.030584881,2314.4949684089943,2180.528443145433,4561.047419970249,143.5546875,reggae,reggae.00091.wav,clean
-138.14389,51.243484,101.46947,24.60836,-35.31705,22.71766,36.162956,16.1284,-9.493778,18.849255,14.762181,11.532179,-0.23332852,11.895935,11.528228,10.80779,-2.1060088,10.215712,3.4052167,8.98479,4.2047963,9.78147,0.1382794,7.6956887,9.009115,9.174852,2.7621336,8.949764,6.236876,9.356986,5.738132,7.9004016,-7.9380713,7.599218,5.2025204,8.434472,-1.4864929,7.4706264,0.4521919,7.805603,0.39897427,0.30044818,17.9617959082827,0.12004009046052631,0.046923070042571915,0.0921382,0.04132403,2170.7030022441018,2054.8194306433775,4306.940623185952,143.5546875,reggae,reggae.00092.wav,clean
-147.45053,74.54612,113.27776,27.703632,-6.2796283,26.71195,9.0886135,17.42611,24.541445,21.023966,-9.80251,16.459454,13.136197,14.745209,-1.99092,13.444755,-2.7045505,11.979972,12.230323,12.097565,-4.1125245,9.792986,-1.0004734,9.969696,1.969945,8.337809,1.4699806,8.89115,0.003984528,8.933536,-3.0055423,9.508817,-3.5841715,7.537683,-3.8875937,7.8503265,-0.5127023,8.622749,-3.0621505,9.040276,0.37084785,0.2970304,19.711283408165443,0.08934072961010062,0.04462972391776663,0.107127175,0.04196894,2109.63621278955,2528.0994364888293,4606.555478122581,89.10290948275862,reggae,reggae.00093.wav,clean
-97.762924,45.20421,108.83715,28.81127,-24.923462,18.419271,21.31974,13.741153,12.549697,10.576103,7.7659984,10.00229,-3.3035848,9.593778,3.5284224,8.465318,0.68943715,8.509578,4.1955223,7.286217,-9.684725,7.3610053,4.2615576,6.508817,2.456917,6.8595586,-6.625021,6.0860457,-3.161061,6.150565,-1.103515,6.934226,-4.836193,6.422332,-0.11613148,6.7377553,-7.4346824,6.540158,-7.7060375,5.846527,0.3656172,0.29485598,19.48537644974518,0.09566646611358359,0.05108440476826419,0.13470538,0.036216013,2022.437501264683,2129.4475446132888,3834.176815257353,129.19921875,reggae,reggae.00094.wav,clean
-69.031685,52.687885,79.13812,16.910406,13.089321,22.857466,29.371025,11.6807785,0.2655617,10.276487,4.15653,8.534005,-0.4426138,10.931842,0.18855517,8.961525,2.8111448,7.816736,0.59799904,8.878719,-2.7980497,5.969211,-0.5165508,6.4612627,-3.1858015,6.757849,-7.214459,5.823697,-4.4119577,6.2517543,-6.804216,6.377077,-9.37836,5.397889,-2.347947,5.6429367,-5.9510303,5.4449105,-7.3565593,5.7457066,0.42458445,0.2842516,17.6000111469546,0.10321517330205109,0.05123071935770796,0.16228151,0.064256966,2617.582608076272,2787.620433735666,5720.398742864744,123.046875,reggae,reggae.00095.wav,clean
-167.0121,82.87827,116.64275,27.341562,-44.190365,30.052279,70.50381,15.164269,2.3206952,19.791355,16.017593,11.445685,12.503346,12.545661,4.1003556,10.984815,5.3281403,9.99722,4.525841,9.174728,7.307662,8.434727,7.587458,7.940422,2.906153,7.638187,1.4778134,7.590812,1.1352507,6.873097,-3.127623,6.4540486,-1.9610993,6.079139,-1.0093393,6.2755094,-4.6560035,5.6595516,-4.9569874,6.002256,0.41626847,0.30864832,18.583523162350385,0.07962990397639319,0.06443671932503761,0.16214606,0.07133423,1629.473422777735,1578.5745901784658,3183.1557518926566,89.10290948275862,reggae,reggae.00096.wav,clean
-142.7909,63.743015,103.117455,20.322475,-15.232358,23.125164,38.268044,17.670086,-12.985988,11.950964,2.749526,12.519441,-1.675033,13.996947,-3.4322703,9.265415,-4.448259,9.387142,-9.285494,9.292593,-10.124065,8.248271,-2.1168067,8.215597,-4.4709153,7.627882,-7.905639,8.451205,-3.747282,6.6002493,0.50961614,7.8838162,-5.032232,7.2584753,0.30626708,8.611897,1.5896959,10.90366,1.2246902,10.544792,0.27205,0.29498234,19.25355492532629,0.09403079951141641,0.04153411097945919,0.110719286,0.051044982,2007.1841367892719,2111.065943270962,4137.408314991292,161.4990234375,reggae,reggae.00097.wav,clean
-134.68275,71.07861,93.56442,22.706259,8.52157,17.790953,34.86943,14.475591,3.2855153,9.978087,15.515956,10.640052,4.9638395,10.026114,8.545496,7.774124,-1.2880832,10.114012,2.7348347,8.955799,5.0694065,9.789734,11.86001,8.250658,4.4103737,6.436811,2.0628667,7.138733,1.3174813,7.49628,0.29476428,6.817529,-2.326158,6.330128,0.3839458,7.1349583,0.9154463,6.7142305,-0.44093442,8.8924265,0.41004914,0.29804766,17.98517738641128,0.06482538276412539,0.04142857278995524,0.13910417,0.046858415,2025.3801449478724,2397.7380593665207,4461.0230248040825,123.046875,reggae,reggae.00098.wav,clean
-67.13854,53.120506,80.72981,30.958967,-43.87338,17.563623,57.724434,8.306716,-12.790912,8.203134,33.593773,8.387038,-7.7334523,7.4278064,14.1250515,7.362527,-1.2325957,8.309574,7.4195833,6.8235736,-2.03643,6.4632573,6.110562,6.9121175,-6.631473,6.588035,-1.0051322,5.556233,-4.763684,5.0821133,1.052848,5.7808,3.491624,6.5541353,4.5339885,6.3499694,-1.2926303,5.060893,-3.1491413,5.004514,0.43122938,0.2863834,21.06479491285182,0.13958721338041796,0.06456079525441209,0.18010452,0.038568363,2466.3392174966807,2006.314276490286,4722.8464415937015,117.45383522727273,reggae,reggae.00099.wav,clean
-116.63067,76.48398,109.278175,22.023754,-23.151485,19.208176,40.68846,12.692881,-11.896856,13.991223,23.155596,11.283404,-15.398657,11.411636,15.127643,7.982919,-13.522637,10.575397,12.695952,7.6960273,-10.886425,8.777678,8.505531,7.392218,-11.57876,6.253847,2.1894636,7.7293296,-6.196372,8.494597,2.0095913,8.459683,-7.949274,5.9650846,2.0847383,5.7469454,-2.386689,5.512411,-1.5323056,7.603111,0.3874028,0.2931529,21.333584712497434,0.09019522179760062,0.04045990416296029,0.12913728,0.071991,1995.8245086755817,2096.9118028235703,4226.8911072344235,123.046875,rock,rock.00000.wav,clean
-111.17635,56.11677,134.16852,27.307257,-24.667322,17.84808,41.557487,14.262846,-3.073013,11.459232,28.49442,8.553893,-10.584973,12.10433,14.932527,7.324203,-14.398836,10.905067,8.850727,7.04013,-4.5540066,8.448206,9.94825,7.877291,-4.6702337,7.349253,3.6337464,5.8960886,-5.548107,7.0277414,3.369797,5.310662,-4.9497495,6.185684,-1.4712832,6.166237,0.09478977,5.6296425,-5.328055,6.0989156,0.36551023,0.30346853,22.37664362069382,0.054981526944659444,0.029165058446442287,0.1804532,0.0701067,1529.3175590522976,1845.2562029091973,3271.6468834655575,151.99908088235293,rock,rock.00001.wav,clean
-120.49428,89.97153,117.59749,29.263117,-27.599688,23.406284,42.82584,13.932437,-6.756322,17.219053,21.662518,12.474016,-12.098573,10.677992,17.943407,7.722168,-10.448061,10.851481,12.274321,7.817482,-6.567336,9.615034,13.528419,6.6857986,-2.413079,8.072877,6.703759,6.8616357,-3.1467264,8.58637,5.470716,5.734105,-2.2395399,6.7831078,1.0572804,6.940523,-1.651923,5.696566,-0.042325437,5.5865664,0.43683386,0.2942594,20.35718532032847,0.0767569054760062,0.047500401201067785,0.14855237,0.08097607,1874.829786811176,1984.0571930092751,3929.9762359713623,107.666015625,rock,rock.00002.wav,clean
-156.60326,73.25851,130.69365,27.101746,-1.4667768,20.154928,36.238716,12.291649,0.37273517,15.680836,31.98139,9.767736,-0.6227639,11.944807,20.141378,8.534289,-11.335084,10.297795,13.838637,7.0170655,-3.7762735,9.130506,11.534399,8.371518,-3.2221894,8.2975855,5.0622387,7.095619,-1.7910414,7.5645156,3.5396824,5.3118553,-2.4512622,5.742497,-0.7277508,5.7467904,-1.4179354,6.270945,0.63153225,5.96809,0.38013273,0.3136893,20.725413111503872,0.04309724506578947,0.03065007736724035,0.15116914,0.063112296,1421.4880254979382,1902.544838210919,3042.939933091863,95.703125,rock,rock.00003.wav,clean
-127.97257,56.444782,134.44722,28.794815,1.025668,21.240263,54.43773,12.438632,-0.46697676,12.697245,35.828342,10.122143,-10.860184,11.542875,16.379753,6.60313,-10.032896,10.635014,6.6001406,9.363122,-6.6998053,8.150161,11.046619,8.206788,-8.382891,8.103343,2.1126204,7.2482896,-6.3423553,6.2722116,0.99546075,6.1447916,-5.329534,6.805415,-0.8412493,6.563187,-4.6685543,5.2040653,-4.786907,5.2585998,0.37273654,0.2990125,21.53228079302501,0.04109914679276316,0.03642771763540523,0.20868327,0.04268563,1345.8882551386073,1841.7380789268611,2939.2572267136707,103.359375,rock,rock.00004.wav,clean
-62.381714,39.666042,153.7731,31.235018,-55.11629,14.936364,28.017727,11.970963,-6.8514705,12.543203,17.47647,9.986398,-22.606953,13.792401,18.144703,8.863406,-12.586429,11.532647,4.494896,8.702206,-8.387155,7.866521,7.2041183,6.8836875,-2.5257893,6.9097104,4.835434,5.353166,-6.275536,5.6507525,-0.7264994,6.7104616,-2.2768297,5.2128716,-5.245155,6.4735775,-5.220955,5.3709207,-6.282929,5.780564,0.3767896,0.28623092,21.936424886572862,0.07701994243421052,0.01786228881351821,0.20368445,0.05564927,1542.221628106857,1591.9057963243035,2870.274310510594,99.38401442307692,rock,rock.00005.wav,clean
-98.379135,51.929802,136.61774,25.870731,-46.718246,18.429703,46.476067,15.98241,-17.166424,14.6131735,10.52016,12.116451,-14.581245,10.815344,16.550787,10.638206,-12.337286,9.935461,3.6909735,9.262658,-12.654891,9.373976,2.9554558,8.875714,-12.512315,8.0321,0.09740549,7.885285,-0.78016055,8.49877,-5.695947,7.950256,-8.634934,8.1042795,-1.901795,7.2682347,-2.187008,6.4132485,-3.391345,6.7040305,0.34448835,0.29674265,22.667294946266253,0.0872942567240712,0.03640515147997517,0.180115,0.05979728,1675.49993642611,1653.1161464908155,3253.7969914014125,112.34714673913044,rock,rock.00006.wav,clean
-140.44441,54.192497,149.30034,23.617851,-10.059853,16.540916,38.74818,11.646423,1.5280161,12.756278,20.129011,8.460498,-11.331474,9.5030985,16.29449,8.201509,-13.257334,12.088171,10.190117,9.632685,-9.253554,9.295869,4.7002983,7.1368074,-8.369613,7.14774,2.2758238,6.7603674,-6.5116615,6.9346056,-1.6249571,7.096605,-6.491124,7.287672,-4.722906,7.0306244,-2.5751228,5.851808,-1.7881634,5.374442,0.35925552,0.29616502,22.542983731192905,0.04718867913119195,0.03225144107326819,0.15703405,0.060326744,1282.2760121933159,1729.5806039581284,2675.950485560178,89.10290948275862,rock,rock.00007.wav,clean
-14.937181,24.21933,138.4251,13.92436,-41.898533,8.450454,22.075092,9.866028,-18.672731,7.56588,31.99365,6.0829597,-20.37348,6.3708825,15.692359,6.639455,-17.35271,7.109902,14.868898,4.385247,-8.898109,5.062299,12.249725,6.0668316,-5.82301,5.9279156,9.966224,5.479351,-3.1668837,5.0021048,1.9740739,4.649204,-6.924239,5.1191063,3.1174815,4.472994,-2.9878943,4.346154,-6.678657,5.6617274,0.4088296,0.28640792,21.983795244229253,0.0849809676131966,0.01758438500609017,0.26079556,0.03035895,1717.3419433944864,1842.4239227784153,3362.8629985608554,89.10290948275862,rock,rock.00008.wav,clean
-178.59238,68.9682,153.9898,29.770412,-4.9495,21.371632,21.926918,14.18925,-2.0618474,11.67128,23.677855,8.736836,-1.2919359,11.331212,11.558475,8.4591875,-6.040379,10.499986,4.955241,8.274884,-2.9516742,7.9040856,5.40618,6.1049213,-4.1217036,7.9547286,2.9820895,7.210323,-5.323764,7.059756,-8.825106,7.5894556,-11.073638,6.3454356,-3.2127788,5.474089,3.8551219,5.737051,3.5541477,5.7006807,0.376174,0.30409715,22.333713075357508,0.04254093701625387,0.019729796434762095,0.12820888,0.061624885,1181.5495135430565,1607.91698724318,2367.927348133949,75.99954044117646,rock,rock.00009.wav,clean
-108.98643,51.739746,114.95591,21.439999,-5.198552,18.295876,46.20658,13.040315,-9.133127,11.195235,20.515318,11.838807,-17.025162,10.373614,24.214722,9.242598,-8.057453,8.819037,13.438205,7.996964,-18.381256,7.297346,8.588361,7.504062,-11.40596,6.9220357,1.8842732,7.0896554,-10.553585,6.7432923,-0.2598425,5.648784,-11.800166,6.750081,-6.5043535,6.2695856,-4.3081517,6.9426036,-2.740076,5.7542605,0.39820716,0.2963019,22.0644900852914,0.07170251427051083,0.04235086299071824,0.15343888,0.05189988,1857.8624034566847,2182.352453903645,4191.499654575029,161.4990234375,rock,rock.00010.wav,clean
-169.74,53.807716,119.115036,24.859205,7.1710987,20.006655,53.430897,14.7067,4.141932,11.816132,23.13069,11.264791,-5.7138543,9.551438,24.995337,8.455161,-9.326624,8.292573,13.470993,7.762689,-14.286962,7.426737,5.954391,7.2268467,-13.598769,6.8773866,0.77017224,7.9916253,-10.468752,7.151502,0.0804669,7.487293,-4.372727,8.433172,1.1727648,9.841302,0.4874291,8.944725,-5.829122,8.702633,0.3432238,0.29809853,22.556862498255704,0.05433413856907895,0.04011039565297944,0.12337732,0.030746937,1536.9871799571386,2036.9220735430451,3415.26268170714,117.45383522727273,rock,rock.00011.wav,clean
-204.65546,76.105545,107.00343,29.648315,-10.197387,18.806679,45.559887,15.39308,3.03639,15.254057,24.009134,12.848666,-7.5013742,13.3827715,20.058529,11.629501,-5.1709266,12.505663,8.742727,9.160461,-10.101094,8.901385,4.3654666,8.646595,-6.9596443,7.7634254,4.6930146,7.352075,-8.222786,8.434987,-0.8261212,7.223515,-9.628689,7.5891137,-7.393809,7.4213476,-9.437464,6.2332144,-3.1371024,6.840914,0.33889943,0.31368253,20.4796667759351,0.06819006385448917,0.05652586771788083,0.07588579,0.03612932,1863.089813447186,2067.227436057664,3985.167568903589,112.34714673913044,rock,rock.00012.wav,clean
-211.2083,68.30925,95.768036,29.287775,40.58083,27.423893,68.30281,16.549833,5.3151,12.756938,30.973612,12.039966,-5.270473,10.825573,22.828842,10.890972,-1.615061,12.170085,17.489037,8.923109,-11.487266,7.768587,8.734695,7.820881,-10.456018,7.3677387,5.72383,7.4210496,-7.8924255,6.917045,3.727533,6.4445553,-6.62752,9.02073,-1.2788162,9.861597,2.7943084,10.306435,6.274991,8.7839775,0.44043094,0.3043808,22.58356855354374,0.046099872411958204,0.03847871738150854,0.13374001,0.044163357,1596.5231665437498,2237.4643641965754,3824.085209613245,123.046875,rock,rock.00013.wav,clean
-256.5845,111.65917,103.170715,36.632507,-8.463653,25.540792,48.593155,19.019594,-4.1831117,20.753565,17.341555,14.502183,-6.6681957,16.790903,17.038635,13.753729,-4.59912,13.820827,5.321588,10.498368,-10.013156,11.523849,8.242727,9.958649,-6.1991887,9.439868,3.4362078,9.440614,-3.6468945,9.004762,1.6950731,7.8651986,-5.41009,7.768764,-3.2497907,6.5736084,-3.8716671,8.64379,-1.0307319,7.5219574,0.38052487,0.3165862,20.28142528141682,0.08359435468266253,0.07475118088407692,0.053521454,0.033535693,1935.4498295716771,2007.3329170232068,3982.742583567144,117.45383522727273,rock,rock.00014.wav,clean
-174.94176,59.99569,90.89378,40.53704,-18.696543,25.117477,41.621613,16.075163,-8.882181,17.56133,9.0975895,13.204436,-12.460493,14.268253,13.123887,13.022952,-9.697834,11.621984,4.3378367,10.512313,-13.489968,11.025654,6.743155,10.5409565,-10.383936,10.376206,7.1506324,7.8604355,-5.797456,9.343976,0.79926,8.019968,-8.139413,8.787006,-5.7164297,7.879885,-3.3642786,6.8641114,-0.42180866,8.198386,0.3437173,0.3039444,21.179827527488168,0.11420150142705109,0.08064180492087063,0.08229963,0.0556795,2336.111675735067,2099.311746827069,4501.422780512287,135.99917763157896,rock,rock.00015.wav,clean
-15.687386,18.379215,100.098274,13.5986805,-37.590458,13.127217,45.971,11.228865,-20.773737,9.332349,25.637007,7.32693,-18.64387,7.0780053,26.516623,5.885648,-20.16317,7.1245756,21.12962,6.6603446,-13.649133,5.9642777,10.978789,6.7137527,-15.535993,6.1818314,3.6814206,6.175799,-7.7146096,6.100303,3.9337354,5.161615,-8.12184,6.563399,6.9547653,6.9255476,-2.0548267,5.789234,3.9079616,5.988873,0.46137363,0.28132075,20.203329524419072,0.1428422957381966,0.034063371145174125,0.18442486,0.032006573,2459.3807747248898,2221.382901446609,5024.202952665441,143.5546875,rock,rock.00016.wav,clean
-41.43264,32.169716,105.41607,15.662668,-43.95048,14.513352,54.109116,10.858244,-18.417746,9.195462,23.525932,7.8821735,-17.617792,7.8901277,20.664486,6.5955048,-18.462946,7.396687,17.481684,6.1657696,-15.181072,6.193791,11.308914,5.779608,-14.158966,6.3538537,2.833206,6.6318107,-9.479148,6.227598,3.337089,5.9619303,-8.206202,5.9774327,3.6953027,5.918449,-3.6791856,6.451582,-0.16170013,6.6344085,0.41887888,0.27698222,21.226617948711844,0.14058758526025542,0.034043832032853064,0.16596873,0.034751005,2311.9417457073478,2060.772911227813,4527.939286837268,123.046875,rock,rock.00017.wav,clean
-67.55526,37.441563,109.12109,21.34528,-32.731327,18.685873,45.65722,13.137606,-11.699701,9.587356,27.494364,10.917429,-16.341742,9.329822,22.087679,6.95317,-15.454766,7.80399,19.404108,7.242948,-11.62111,7.8980155,11.591024,5.952298,-10.5210705,6.5881124,4.4448233,5.9396725,-7.010192,6.365458,5.037844,6.185956,-6.7615237,6.7609544,3.8130226,6.414319,-2.6553214,6.0196686,-0.055492025,5.682026,0.4802372,0.28049567,19.379140818760188,0.11580542218943499,0.05007797507329598,0.14070792,0.046685457,2209.573799429134,2142.797814244651,4594.563883967444,117.45383522727273,rock,rock.00018.wav,clean
-84.21731,44.811638,102.350716,16.887432,-41.346844,15.828482,47.03288,14.055897,-16.961946,7.971724,26.242182,8.697489,-18.962618,8.361265,18.802517,8.517018,-21.695793,8.403475,11.055486,8.963008,-19.242598,7.1127324,5.2391276,7.408053,-16.765684,5.2302756,1.1029652,6.370846,-9.672751,6.316503,1.0961795,5.9373283,-7.5460687,6.1704164,3.2413175,6.124153,-4.718833,5.261759,-0.3140651,4.669349,0.43590206,0.2774485,20.113928455404118,0.12819952713815788,0.04338128100114103,0.11218207,0.03821396,2321.139396040278,2118.8652143813893,4701.921568123549,117.45383522727273,rock,rock.00019.wav,clean
-56.94345,44.92745,115.210526,22.390415,-30.444605,17.665895,37.203808,10.797608,-21.994804,11.900801,21.870764,10.312847,-19.770649,8.110653,14.999988,7.2167473,-24.074703,8.614612,17.787264,8.049272,-17.27864,7.329289,6.7524276,6.5333714,-10.744573,7.095127,0.82344145,5.5313344,-10.163564,5.804496,3.6828911,5.7229443,-8.563292,5.9785237,-0.9132154,6.6855564,-2.5268018,5.5698276,-1.9751105,5.940648,0.3981716,0.2839379,20.20843290256419,0.11758961397058823,0.05075101006941557,0.15241936,0.045143668,2188.2645254060567,2120.224007635576,4432.373198045666,99.38401442307692,rock,rock.00020.wav,clean
-55.33061,35.372585,114.44246,20.507183,-34.06889,16.489826,37.984398,12.591362,-22.331318,13.600186,18.526556,10.64176,-18.157928,10.461074,13.806143,7.7022953,-27.803474,9.951635,18.161308,8.327142,-14.623385,7.0025196,6.5552106,7.5814486,-8.269667,7.0281487,-2.2520103,7.161993,-11.609422,6.098647,2.499924,6.335491,-10.946987,6.6044855,0.7085564,6.773962,-0.68018126,6.2606506,-0.06256245,6.704298,0.3928767,0.28264686,20.6361171808602,0.12160357306985294,0.05365369660669163,0.16148923,0.05040263,2157.8298998957616,2060.213563519859,4244.366001566128,184.5703125,rock,rock.00021.wav,clean
-34.62348,34.249706,106.51091,22.074284,-41.074825,19.709312,33.66884,11.124125,-27.234531,9.857698,21.39769,9.485845,-21.319239,10.452266,14.007784,6.6541495,-27.776123,10.483521,16.06719,8.8671255,-18.824478,6.7214565,5.6543665,6.7655706,-14.290796,6.7563047,0.82021254,7.135269,-10.535016,6.467136,4.4421945,7.305311,-7.468857,6.334737,2.0718627,7.6010566,-2.903228,6.3884306,-0.3614607,6.1957507,0.4159105,0.28088072,20.12079906744882,0.13848895849458204,0.04709141984731301,0.17382123,0.047589466,2342.3353774211023,2112.8387079444337,4594.60555038216,198.76802884615384,rock,rock.00022.wav,clean
-88.292145,55.209995,105.392944,24.202717,-24.5107,12.809298,41.848503,10.724026,-22.37644,10.920527,23.734203,11.087517,-19.802425,8.870375,15.150589,11.498687,-27.119736,10.104217,13.858993,11.359042,-15.214505,7.8751774,8.941474,6.6782255,-12.80437,7.1778398,-1.1132364,7.667082,-10.047708,9.038702,1.7845206,6.719448,-7.3529396,8.872137,7.1009984,7.938632,0.5957759,7.8114696,2.513125,8.43093,0.2942903,0.2873516,22.390036654078735,0.11561872641737617,0.04864604524131928,0.13574292,0.040883273,2295.565769219044,2207.4319000534083,4849.687341270801,73.828125,rock,rock.00023.wav,clean
-52.499744,33.067734,99.70246,19.412687,-47.39475,20.838638,47.022385,13.649418,-21.031916,12.14218,22.886387,10.677321,-18.293646,6.863073,13.89262,7.374558,-23.449203,8.068573,13.509938,7.962853,-18.669529,6.79638,5.7055564,6.634801,-12.89633,6.436353,1.1990861,6.242083,-12.417319,5.6527734,0.37735572,6.187343,-9.145066,5.451376,1.5957416,5.4771986,-4.1226177,5.587803,0.3086735,5.939861,0.40513122,0.27551076,21.144219688987697,0.1434492459607198,0.044826109725764195,0.15652086,0.040173106,2320.5556900857264,2044.9181790505932,4466.88132271309,73.828125,rock,rock.00024.wav,clean
-47.051174,23.961395,95.76596,16.156986,-43.925438,15.885522,52.077534,16.408073,-22.552746,11.185437,20.855412,9.289659,-18.687845,8.57799,19.244207,7.011664,-21.265247,7.087094,21.887396,9.222436,-19.218746,6.0025716,9.456287,6.8850203,-12.582293,9.1615925,3.8869054,6.079024,-8.500132,6.4167504,6.2726574,5.718066,-9.128362,5.9885674,2.6871696,5.4939723,-2.443376,5.3179436,-1.8786502,4.91719,0.41510257,0.28260538,20.743427864036466,0.15789020172213622,0.04380584486949259,0.14910567,0.039253347,2510.355618928358,2115.285136449235,4735.371365857198,103.359375,rock,rock.00025.wav,clean
-58.96633,30.859734,106.565315,19.554565,-31.794188,13.5159645,47.919727,11.161456,-17.430267,11.110621,27.756453,9.368984,-14.035482,9.984716,22.419859,6.7819667,-20.562475,7.3089075,19.568918,8.095915,-14.586194,6.4566164,10.188967,5.9186654,-10.941551,6.9456277,4.5254526,5.80318,-9.733946,7.2146506,4.615808,6.5624623,-10.116572,5.4684095,1.4642454,5.60658,-3.002891,5.762163,-0.6160972,5.657726,0.38312328,0.28357652,20.939101857893274,0.1229387879740712,0.0464061017224046,0.15269838,0.034311343,2263.522165083779,2150.409409887739,4603.71382863898,112.34714673913044,rock,rock.00026.wav,clean
-123.34534,51.364296,74.88168,25.250029,-17.058035,16.537767,31.609985,14.159244,2.5446815,10.397204,17.32831,9.44906,-3.8152325,10.098271,9.7234535,7.8355765,-7.237523,8.123568,11.2586565,6.854072,0.3819888,6.637312,3.4685218,6.998904,1.663686,8.400514,-3.1594353,7.0306816,-1.082017,6.644722,0.31572536,6.6106944,-5.9876003,7.087002,-0.31926423,8.526613,-2.3376033,8.076692,-4.321616,7.1028304,0.40252107,0.29779142,17.88222438036319,0.13342209570917182,0.06750774555913243,0.07916758,0.01575516,2669.3593345236,2440.4637806887617,5445.8670695868805,151.99908088235293,rock,rock.00027.wav,clean
-92.62163,51.235596,101.8119,27.469824,-33.467396,19.444418,48.70225,14.483546,12.402112,10.812858,20.80687,8.177313,8.704763,7.781615,9.274925,7.5359464,2.7675457,8.000606,5.239055,8.608701,-9.331888,7.0724397,-3.4845617,6.679788,-4.3514476,6.025344,-4.6579022,5.07833,-3.9693062,6.233073,-3.1256864,6.013294,-7.000376,5.524467,-0.39668337,5.274661,-1.1515987,5.9875317,-6.0074587,5.8985786,0.44274235,0.2823619,18.413349500613858,0.101985399937113,0.036763591749087346,0.13879743,0.029674638,2047.1451067117212,2070.5379260009317,4096.083564876403,135.99917763157896,rock,rock.00028.wav,clean
-42.447617,37.03576,85.069405,23.112135,-7.393643,17.581419,40.71379,11.036642,-1.0123376,8.694835,18.935547,9.140055,-3.5306551,7.478882,5.8736205,6.367172,-5.0173063,6.4874883,4.24331,6.8469477,-3.18037,6.601867,-0.57210755,6.6732626,-0.5273756,6.523481,2.3468528,5.778382,-0.36309695,5.3891,-4.0984535,5.749507,-3.8541584,5.4757533,-3.9137459,5.0378437,-5.782468,5.5345836,-4.328388,5.43349,0.4186011,0.2873266,17.405481613908247,0.11148874383223684,0.04764056361159109,0.18004598,0.03508329,2444.584086039301,2433.7847632338085,5172.310390413361,123.046875,rock,rock.00029.wav,clean
-131.44669,49.47248,67.71616,28.930206,32.899063,28.438843,34.58986,18.606989,-3.2580535,11.232287,21.88393,13.747324,-5.811073,10.368312,10.241139,8.260575,-7.0569263,8.368664,2.2975733,8.895696,-4.3679585,7.133886,-3.330299,6.7995334,-6.2800264,6.762929,-0.23067866,6.1939683,-1.9748887,6.4583635,-1.892943,5.8913283,-0.8794302,5.5345726,0.95149094,5.3810415,-1.5379333,5.7713714,-1.1708617,5.897534,0.39033827,0.29172492,18.275356169253268,0.11496000024187307,0.06064547022684396,0.09645353,0.022310095,2945.1945450846843,2831.66679013786,6334.811694260352,117.45383522727273,rock,rock.00030.wav,clean
-89.13876,68.93703,81.39791,29.879898,-12.569812,24.978378,22.792751,13.87978,-7.059605,12.314975,-0.49249193,12.421444,2.775772,12.2851515,-3.4295094,8.981641,-7.7128286,8.756617,-0.84806013,9.269879,-4.8873973,7.962836,-2.684865,8.782046,-5.287197,7.941849,-4.5962753,6.9179716,-2.9684243,7.7129455,-2.2058465,6.9393272,-3.5681212,6.383252,-1.0009714,7.897732,-0.501564,8.322287,-0.9720015,8.34226,0.3692016,0.29580536,17.740698772603636,0.13247236600232198,0.05609912463772885,0.12612896,0.055544443,2638.867641788369,2512.4599236152003,5302.2179382135255,117.45383522727273,rock,rock.00031.wav,clean
-26.406458,32.478256,85.79429,22.219326,-16.961445,15.224136,35.260883,11.316587,10.0001335,12.438284,10.668921,8.559305,1.4469969,8.004317,4.710634,7.740864,-0.047283113,7.167149,2.070588,6.869625,0.42054668,9.106614,5.4259357,6.6252975,-0.9531181,7.00698,0.48480457,5.7189302,-1.5262778,7.2550035,-2.4637327,7.3263645,-5.8784075,6.6226044,-1.5509747,6.866278,-6.817296,7.392225,-1.3808378,7.377837,0.38347784,0.29533026,18.17636653649357,0.1154928768382353,0.04084295370766221,0.22213958,0.049472556,2345.8857364588525,2378.3851718191527,4735.771363438467,92.28515625,rock,rock.00032.wav,clean
-119.11726,50.44957,128.92801,29.468124,-17.856234,19.100319,29.175467,9.819234,2.7212582,10.891277,8.001319,9.393823,-7.058392,10.101878,3.8778896,8.418313,-1.508171,7.7486644,-3.983859,7.7082286,-7.040401,7.1442266,-2.867053,6.1525044,-4.1777964,6.5600634,-1.8459401,7.2200994,-2.9485056,7.698382,-2.2535996,7.8504558,-0.5701705,8.0175905,-0.09753909,8.213813,-2.7966614,6.5915194,-2.6330163,7.001359,0.32352048,0.2950397,18.567278818574653,0.07488654641544118,0.026566325008142818,0.12781934,0.03722968,1673.575889634683,1947.700443030449,3430.0292590823337,117.45383522727273,rock,rock.00033.wav,clean
-28.089369,25.938473,65.62969,18.482069,-7.353229,15.95707,33.593567,13.159922,11.073499,9.69899,14.760504,8.618322,2.1976209,8.841751,10.063779,6.156446,-0.32938397,6.8663526,10.1363125,7.2608995,-2.748822,8.547419,3.1914697,6.0277743,-1.6832663,6.32442,-0.15931495,5.9620366,-1.6892452,6.683584,1.850086,5.66313,-3.9696136,5.758022,-1.6286495,6.1788483,-6.3913174,6.1201973,-3.8662078,8.071676,0.42088568,0.28068787,18.709658614352385,0.13500787599167957,0.039044679009002006,0.19107996,0.02802973,2789.7940380072873,2648.769436715528,5836.38137486697,135.99917763157896,rock,rock.00034.wav,clean
-124.00577,49.125282,109.503204,24.147633,5.8832054,19.146906,32.884655,11.31201,10.982734,9.082103,11.693243,7.4418273,12.679996,7.6360216,12.969646,6.888493,1.649106,6.293084,4.5024424,5.903137,9.673786,5.8815393,3.0551999,5.6529016,3.5307927,5.005482,0.73487467,5.2813797,1.7676072,5.5983753,-0.6809698,4.966209,-0.039916225,5.4111156,-1.0109478,4.951255,-5.559717,5.6469884,-0.84976196,5.8742695,0.45723394,0.28174362,16.732414466364318,0.05698831753095975,0.02508938524748551,0.124116,0.021461869,1867.3888525990114,2422.4150789551077,4271.2075059258905,129.19921875,rock,rock.00035.wav,clean
-0.4510209,30.747269,72.64673,21.892326,-13.214342,16.142427,23.930399,9.728978,10.373189,9.695367,10.31697,8.80448,-4.924216,8.177681,14.35838,7.3245926,-0.67119634,6.6414924,9.922937,7.229174,0.70188165,6.1848,5.2240458,6.332922,-4.06671,5.913407,0.3613387,5.4149084,-0.31027022,5.7734723,-1.3569221,5.7188067,-6.1766877,5.680637,1.0102044,5.424186,-3.3962119,5.875488,1.3683001,7.055935,0.42839462,0.27779236,17.80591983706694,0.14617523098877708,0.048830456944891146,0.21663715,0.03808234,2841.8971917238737,2619.2254650844693,5885.356078723636,135.99917763157896,rock,rock.00036.wav,clean
-71.16524,42.757885,79.446724,22.12244,-20.793612,18.87022,30.656105,15.250626,5.5383873,9.360223,3.697484,8.623157,4.694747,8.536076,7.2714033,6.908571,-5.486176,8.282296,2.4909718,7.3033834,0.837998,6.529433,-0.5833191,6.33207,-1.8935435,5.9278345,-4.7858295,5.3421164,-3.0449233,5.983688,-3.8708224,5.888457,-6.898971,5.686459,-3.7814965,6.3724666,-4.804478,5.917902,-4.8063464,5.596909,0.45181865,0.27042225,17.945248187356817,0.14631922104779413,0.04932168046062832,0.11332251,0.03135394,2627.053081238353,2442.793427153663,5047.994475468025,129.19921875,rock,rock.00037.wav,clean
-15.92807,33.80257,67.15309,21.1394,-20.1219,20.267477,15.576831,15.136441,4.8012633,15.060698,10.825859,13.741214,5.9594,10.584854,11.79642,9.800884,-0.39681533,9.987436,5.6550355,9.468429,0.11372397,9.137409,1.0979242,9.689394,-1.7415591,8.637374,5.704884,8.8136215,-0.5941916,8.039054,1.7240587,8.342015,-1.5776426,7.4374022,1.5810982,6.8696504,0.41281506,8.520126,2.9387238,7.0646267,0.41147807,0.2909009,17.358196303975365,0.14055017052051083,0.059517006653526716,0.21929601,0.06543529,2794.9630916287133,2633.962322090636,5862.422884064193,135.99917763157896,rock,rock.00038.wav,clean
-50.866234,35.70859,86.39504,18.710634,-14.416372,14.63641,12.843614,8.974793,21.69903,11.616735,4.2386103,7.691728,1.7381626,7.204626,3.7064326,6.0511684,4.6919465,6.1032543,-1.86301,5.5866146,-1.1926677,4.627245,-0.010121443,4.664364,-4.1189137,5.409247,-5.764848,6.0448217,-1.0660442,5.1335063,2.300308,4.248014,-1.5742458,4.1505113,-3.8516483,4.4017963,-6.1434116,4.309482,-5.374652,4.1443796,0.4426954,0.26970765,18.694654426178957,0.12278761730843653,0.03719205817919847,0.14427856,0.03841627,2559.2817874296557,2731.086714396661,5447.483726477844,143.5546875,rock,rock.00039.wav,clean
-65.988464,51.64258,61.27697,21.321068,-1.9339222,18.523188,35.323074,16.365479,9.320189,9.8484955,7.5695205,10.967492,3.415293,10.470353,2.9780252,7.9310966,4.6153226,7.8793173,2.9165235,6.8315716,1.7740641,7.348127,-0.39260396,6.6940804,-5.753547,6.272429,-3.483317,6.5874043,-3.6841912,7.487655,-5.719156,6.502764,-3.9535744,6.98463,-3.0872214,7.033941,-2.726866,7.6246743,-0.91234577,7.950149,0.4160887,0.29632747,18.83285636425605,0.14474440063854488,0.05888352646119437,0.14280498,0.05609977,3009.9775310236832,2777.974881715167,6130.82959437887,112.34714673913044,rock,rock.00040.wav,clean
-35.39913,37.679436,73.67545,22.266254,-20.210777,16.577291,17.162956,13.985243,14.95129,11.167903,10.214682,8.173617,7.6044693,8.690501,1.598915,7.3076534,4.177347,6.385446,0.7355448,6.30566,-0.38544577,6.575573,-1.3131807,5.7406187,-2.0491896,5.7811036,2.5269113,6.1354065,3.6032965,7.1617084,-3.5395648,5.544257,-4.7911935,4.83089,-2.50546,5.6770086,-3.9842033,6.269687,-0.82724804,6.030074,0.40221494,0.28282535,18.831363063442033,0.14837174076044893,0.057533435997820466,0.16064365,0.045297857,2807.30058491141,2688.503510869627,5678.490662943837,117.45383522727273,rock,rock.00041.wav,clean
-74.19892,59.778946,76.74987,26.768858,-3.8123212,22.698519,28.032583,16.224802,8.144329,13.139657,6.0188737,9.137205,4.3061314,9.625392,0.50524384,7.023557,2.8562193,8.258886,-0.94191927,6.5930223,-2.3505528,8.466217,-0.2828635,6.440122,-1.4562793,6.753217,-3.6081467,6.0418644,-1.5266333,5.6925645,-1.5142529,5.997072,-5.0189967,5.520467,-2.3985136,5.209643,-2.9776542,5.278376,-4.94984,4.9964,0.4443834,0.28340566,17.17483670415671,0.13764807166698917,0.06527708792629394,0.118928455,0.04419747,2794.3709144990316,2731.9420312720904,5877.406126795908,161.4990234375,rock,rock.00042.wav,clean
-62.079945,68.55649,75.84869,22.953035,-26.757467,20.615667,18.279896,14.3285885,2.452302,9.012232,5.826196,8.548082,11.583856,10.641015,0.009005945,8.453474,8.69518,9.041933,5.5144095,7.6348042,-0.25100037,6.2359633,2.3990037,7.302385,-1.7422585,7.1697016,-3.1716585,7.5490575,2.0054278,7.1894517,-1.4090078,6.3242354,-5.5262985,7.269714,-2.5283453,7.463072,0.6192494,6.758386,-1.4051203,7.3639517,0.42024067,0.29701886,17.48960397234583,0.1440289854634288,0.0515362582338461,0.13984786,0.058295,2740.1544161420566,2541.9072917634526,5327.292786589348,89.10290948275862,rock,rock.00043.wav,clean
-118.357124,48.916504,130.22548,31.050941,-3.0720034,21.657198,15.7343025,15.60181,3.9399164,10.889185,10.663591,7.8668113,6.834913,6.794258,3.3929508,6.3128905,0.7619887,6.770908,-2.5365586,5.759749,-3.1070428,6.9309397,-2.8583639,9.099858,-1.6224062,6.522026,-0.20532179,8.902808,0.7333941,8.542746,2.0148191,7.8237457,2.0788784,7.6742473,4.1505575,7.855913,3.1571188,8.616334,2.2541368,8.029281,0.31139824,0.28843236,20.25406875087703,0.06892966633610681,0.02259931937890501,0.14432807,0.035136662,1652.179327113778,2104.3964275714657,3456.8540968762095,92.28515625,rock,rock.00044.wav,clean
-172.59167,62.360207,142.76537,14.571905,-55.78309,20.03514,79.31112,10.295684,-1.8683821,11.034582,4.811142,8.178832,0.2375274,7.334657,-11.501947,6.473581,-0.2754562,5.501094,-9.37254,6.719631,-7.673828,5.39055,-11.250281,5.224541,-5.676462,5.052568,-11.295421,4.923451,-7.6816225,4.808826,-4.2779303,5.099025,-11.279209,4.226753,-7.829242,4.47311,-7.7251334,4.562405,-8.160577,4.625894,0.36134955,0.28742775,20.540254305613534,0.0789651309742647,0.028514953953391715,0.096998475,0.028578226,1561.5465305371351,1568.9776889574518,3243.230388629547,151.99908088235293,rock,rock.00045.wav,clean
-83.093346,50.4339,91.52499,26.684526,-13.697013,20.893991,16.139076,9.229153,10.334052,9.044961,5.5303426,8.904669,-9.448829,8.72441,-6.6147943,7.4585776,-3.0317733,7.7690587,4.9391313,6.2201858,2.6464746,5.971237,1.0551014,6.6099324,-3.667946,7.1370163,-1.6078455,6.8587823,-4.42887,7.0589237,-1.859618,5.778473,2.0090718,7.2532606,-1.0240622,6.897751,-3.1773005,6.725204,-2.29258,7.700621,0.3613118,0.2864543,18.943447823622957,0.11816519627999227,0.04095600646531712,0.12062349,0.037010446,2428.532242218463,2501.839158266494,5034.1112260848,103.359375,rock,rock.00046.wav,clean
-58.28948,43.081856,62.493946,26.243456,-12.665307,18.303093,31.92991,16.569586,8.108557,10.359268,2.2520819,11.17045,3.90143,13.237101,1.4481051,10.250978,-2.7169504,9.427421,1.1021154,9.221745,-0.4605377,5.9470463,-2.3829656,7.0128365,1.2428724,7.2672696,-1.4979297,6.8519316,-0.46996665,7.0907283,1.0395392,8.327294,-2.0701602,7.290544,-1.5083193,7.208443,-3.2080479,6.8259397,-5.0618963,5.9922633,0.4613815,0.29403532,17.452491431262803,0.15630366558630032,0.07172893017666518,0.13890298,0.044473328,2998.5568440596116,2691.3861118946566,5963.355607071159,107.666015625,rock,rock.00047.wav,clean
-93.35921,36.64042,137.46544,22.711935,-45.092747,12.610166,37.819134,12.412722,-9.42307,11.9319935,12.5912695,9.852721,-7.4945707,7.129372,5.5483747,8.06738,-3.7386365,7.913439,-2.014053,6.156551,-2.458912,7.37338,-9.575428,6.8256755,-3.1775432,7.538285,-5.571349,7.5527377,-7.5064034,6.9413085,-5.6773906,6.447564,-2.0041285,6.958269,-3.871002,8.303471,-6.2181416,6.4502525,-8.103474,8.151113,0.3215302,0.28581312,19.573900026975537,0.0852647905379257,0.027931869075814148,0.14556131,0.023994682,1646.6339142770562,1701.4113691568673,3184.305744938806,129.19921875,rock,rock.00048.wav,clean
-142.48468,99.410416,116.16892,46.20861,2.2694678,21.290277,31.065384,13.738167,6.19266,11.829242,0.110362425,9.107309,0.3172526,7.800788,7.794024,7.51044,3.2462354,7.2684407,-3.022173,8.619076,1.7105086,7.0657964,0.742647,6.9468956,0.1429064,6.6882563,-4.416969,6.1731367,-4.4712453,7.2147193,0.51342785,5.997509,1.2327409,5.788936,-0.1589148,5.901836,-2.616297,6.0076456,-4.4491606,6.4466567,0.39610803,0.27865377,17.813762271938245,0.09130519241002322,0.05402112858330844,0.10099384,0.04814723,2077.5446322647385,2333.931430395513,4495.3894836614745,112.34714673913044,rock,rock.00049.wav,clean
-145.0086,71.15127,118.483894,35.83265,20.532211,18.359377,28.569769,10.864328,2.3525505,9.236897,10.085841,8.390654,11.913156,7.466691,4.8564005,7.2914486,-0.06745915,8.132623,3.293767,6.57091,3.4043336,7.355389,3.6531587,6.1162667,5.371289,7.7942615,2.2605515,7.817684,1.8730618,5.7734165,0.86741537,5.6966267,-1.1843064,5.079574,0.8131391,5.3525896,1.8204097,6.2885084,1.7971772,5.6892743,0.39464223,0.29861864,17.25489958503466,0.053289549269543345,0.038167198921508855,0.14123225,0.07133214,1720.5912503156892,2311.946198635383,3810.018628005273,123.046875,rock,rock.00050.wav,clean
-66.34945,48.42832,66.78922,24.045204,25.184574,18.748291,26.302906,11.532508,5.30007,11.44574,10.462487,8.765507,2.478275,9.265798,0.75630563,8.406367,-0.37080547,8.1183195,1.7285492,8.376607,3.2137315,6.8219647,5.0367546,7.483884,-1.9407184,7.243181,-3.0750816,7.347289,0.384185,7.5306168,-0.7763854,6.245966,3.7200177,7.6581163,2.4019525,7.632116,0.2065839,6.7276525,-1.6939887,6.6778207,0.36877757,0.29503688,16.914102943556806,0.12080841536861456,0.07633106990792465,0.16165073,0.046805386,3030.4355509553056,3055.3172102045473,6731.709294274865,172.265625,rock,rock.00051.wav,clean
-181.25508,97.70662,103.40521,44.07139,9.393452,27.701233,19.0761,17.832855,13.7934885,14.180324,-0.49876645,16.590906,4.3651223,12.718735,-7.606604,9.826729,-8.104534,10.535964,-0.1455001,9.549582,-5.1632724,9.419827,-6.3069296,9.039324,-5.464432,7.5458374,-5.9768987,8.109642,-1.1781267,7.4625506,-2.6688557,7.2278566,-5.1849394,6.89105,-5.285638,8.334821,-5.797174,8.038576,-3.7187386,7.5062075,0.340701,0.31142712,18.18799237606292,0.08860566224845201,0.08180662200953713,0.11328633,0.07461903,2187.2085144317775,2449.201009853284,4463.723008477651,129.19921875,rock,rock.00052.wav,clean
4.066039,33.206013,52.615936,15.549809,-11.04076,11.037494,19.70849,10.401054,11.2908325,9.278272,7.0625377,7.8553815,5.064019,7.9758782,4.561151,6.810843,0.02814127,6.813489,5.1483927,6.4178104,3.3997617,6.561119,1.1702251,5.6253586,0.5825347,5.724335,1.278739,5.1038647,0.7192795,5.0653954,-0.8079883,5.6835437,-3.00965,5.4825034,-1.706633,5.8335385,-1.6908511,5.4481354,-1.2908862,6.48293,0.4091429,0.2738316,16.64417160928873,0.18757331777283281,0.0597269165876384,0.19013545,0.043481354,3361.7673453402167,2933.2024987219434,6920.5248191998835,117.45383522727273,rock,rock.00053.wav,clean
-156.23691,48.429756,75.612015,31.52839,-16.506855,16.570637,16.341146,15.145594,5.819572,11.205225,6.018424,9.775796,-4.1331725,8.722572,-3.7573888,9.84371,-6.1688933,9.322463,-8.92888,9.58888,-4.102285,8.373322,-2.2225192,9.561741,-4.6504216,9.237366,-5.4141645,9.063661,-4.688722,7.337419,-7.082145,8.155972,-3.8898087,6.2360353,1.3867227,7.5160823,-2.0099483,8.959529,-4.728931,6.930548,0.34664512,0.29415783,20.059020350975604,0.13243306162925697,0.08545430203837505,0.06547274,0.025220275,2632.7402137243284,2550.5115793345662,5310.901219040247,107.666015625,rock,rock.00054.wav,clean
-91.89978,45.759483,130.00647,22.183565,1.7901882,19.259254,11.658318,14.6483,3.2286391,8.789859,-1.9668545,10.741461,-2.2121935,7.1032662,-0.8591418,7.885971,-4.3378644,7.2806764,-3.54686,7.604509,-1.5544235,5.7215295,-0.54676133,5.6719,0.40629062,6.026992,-1.6508828,5.874387,-4.570645,5.15751,-2.974743,5.0446477,-4.2806687,5.235189,-2.6867945,5.735287,-3.5489154,5.2264957,-1.4507278,5.1877503,0.43161368,0.27138153,16.67815556552405,0.06657442736551858,0.01914904382641585,0.14718625,0.04794189,1711.1893544921431,2248.2556163674885,3614.6198095551954,129.19921875,rock,rock.00055.wav,clean
-7.851339,39.774754,59.508636,18.448874,3.6690323,15.15261,28.985016,9.868877,4.145485,8.412137,10.275528,6.6955523,2.5448916,8.678216,7.5940056,6.2175994,-1.384974,6.2743516,2.9601321,6.616139,4.0424523,6.065399,-0.75121945,5.646233,1.054092,5.2878914,-3.0428936,4.948703,-0.99321187,6.567883,-0.68976265,5.402847,-0.68887836,5.1335864,1.5260838,4.899361,-0.46764636,5.155952,0.50320286,5.011913,0.4885189,0.26912817,15.724758733187786,0.17756393007449692,0.06830820018954872,0.17569767,0.045361653,3303.904679679877,2914.1478022639367,6719.434368499661,135.99917763157896,rock,rock.00056.wav,clean
-58.60115,39.048885,64.89226,19.82196,15.939432,13.199122,5.4494376,12.9161215,7.535342,9.977741,9.880082,6.665735,1.5892504,7.885865,5.3452115,7.9802666,-1.2376224,6.8473663,-2.0299547,6.4225974,2.4436266,7.1989202,-0.7237525,5.914094,-0.31555256,6.3494654,-1.4825039,7.368737,3.296711,6.8881087,3.6478631,6.8940077,-2.5096352,6.6447167,-1.1688025,7.7465863,-2.3101037,7.9145145,-2.216286,7.7263074,0.3901254,0.28968367,17.025080827061167,0.1751028716379644,0.06284308846736006,0.122580044,0.031727612,3488.995725081282,3241.7483118458463,7660.57034424584,123.046875,rock,rock.00057.wav,clean
-142.01543,35.793015,96.99694,29.402288,23.240543,17.987658,10.443576,12.065079,6.2821693,10.36193,4.9678793,9.007833,1.0824391,8.8153925,1.0958388,7.4173617,-4.841728,8.05566,0.8765873,7.9079566,-3.455809,7.5741363,-2.011753,7.852715,-5.893535,7.382446,-6.029564,7.0106344,-2.1259284,7.616831,-6.162349,7.7638974,-0.3229468,8.646281,5.0935416,10.39036,0.12192103,9.889481,1.6692507,9.711999,0.30106091,0.29296896,19.311185959152347,0.09894309029121517,0.0652177098363773,0.08744087,0.01416918,2437.580126873773,2789.9159039702213,5497.925088132498,135.99917763157896,rock,rock.00058.wav,clean
-219.12524,46.040874,94.35542,32.822243,42.78742,20.672874,16.11604,17.037518,9.527346,11.499903,12.908823,9.7142,7.7212768,7.764004,2.3854547,7.1399302,-1.0225295,7.870883,-1.953767,7.1683197,-1.9797302,6.8134575,3.1503797,7.236094,-0.8850411,5.895922,-6.862013,7.2480183,-5.066963,7.254569,-4.0098577,7.3244057,-5.596728,6.69851,-4.9922543,10.197351,-2.514644,9.90822,-4.291658,8.036783,0.33953157,0.2879756,18.93716904886918,0.0865675037490325,0.051793201001277815,0.051181402,0.013552532,2424.966690601346,2927.5616529347903,5645.7575275432955,117.45383522727273,rock,rock.00059.wav,clean
-82.66664,37.553276,83.48526,22.968578,-0.5739466,15.005895,10.4842,15.261539,10.418732,8.766884,7.0719404,8.289969,5.08042,9.526453,0.08345254,8.275464,-0.20796473,7.666867,-0.93477535,6.794576,-0.097189344,6.855893,-1.6991581,6.7592936,-1.0245148,6.567329,0.17488037,7.314572,2.3965554,7.598458,-0.44954684,7.0108304,0.8480217,8.199053,-1.8520992,7.953605,-4.513158,7.0958586,-3.2022777,6.4028974,0.4054853,0.2853965,17.06336727089986,0.13467605638061145,0.05110739182683494,0.10329776,0.024485411,2797.3841277516685,2891.8717359301454,6205.454143134433,89.10290948275862,rock,rock.00060.wav,clean
-193.56299,66.6506,98.39903,29.118673,44.057728,26.122355,23.779394,14.757721,12.564506,11.900127,8.460669,9.159496,2.1713908,9.061175,-0.3465066,7.5245395,-8.192859,7.929952,-9.118401,7.1195426,-5.235873,7.9447412,-4.838527,6.8151164,-1.3708208,6.800403,-1.264208,9.712531,3.2184038,8.917157,3.6885915,8.52244,1.3783065,9.41784,2.7119117,11.899112,1.6968778,7.98825,-1.7956172,9.194588,0.29976493,0.29278076,18.432826827509146,0.06909104102167182,0.04856639905059231,0.088340685,0.02100368,2072.9854708489925,2740.292600851444,4691.1049668633905,80.74951171875,rock,rock.00061.wav,clean
-212.29836,63.972137,65.75985,28.262785,45.18236,27.05022,19.730082,17.780384,11.805884,15.180516,8.061574,11.549974,4.434145,11.015751,4.215858,7.505236,-2.3181689,7.978026,-2.1899483,8.350907,-1.6369864,7.6865487,-4.651898,5.9521303,-3.7266169,6.7891345,-6.779794,7.4545894,-3.0030584,6.5404177,-6.520256,7.1651573,-10.924708,8.560358,-3.391123,9.358443,-1.209254,10.479189,-3.1217556,10.757215,0.31972653,0.30311325,18.920719702540328,0.10857001620549536,0.06711174362166812,0.060440347,0.028140185,2947.109224451956,3203.0152637796077,6983.207773497968,123.046875,rock,rock.00062.wav,clean
-302.79382,88.578514,116.16439,50.491222,44.75729,26.66976,25.957436,23.055815,18.726181,17.14865,7.57291,13.424806,7.33575,12.194935,4.0423317,9.7734995,-4.186881,12.038597,0.8677525,11.593273,0.923905,13.298081,2.8157294,9.81379,1.4195158,11.271298,-3.4723825,10.28744,-0.90459734,10.52928,0.5782953,7.9655137,-0.8160129,9.888822,-2.3739433,9.320078,0.37611794,8.677758,-1.8671849,11.206222,0.3296278,0.3061024,20.757655680975805,0.0558345074255031,0.052965759619781186,0.05309907,0.019103916,1711.662555940787,2310.122655480772,3492.653880399816,75.99954044117646,rock,rock.00063.wav,clean
-118.818695,55.036945,104.41144,17.428535,-29.167768,20.311495,42.108837,11.125805,-13.289315,12.465393,29.063269,11.090386,-20.876986,9.02111,21.613054,6.9992394,-24.32235,8.151519,10.711963,7.776907,-15.105817,7.416889,5.948565,6.838212,-11.778101,6.5906715,-0.9063817,6.453441,-11.019617,7.79998,-0.20106794,6.5844846,-6.916349,6.354072,-1.2956266,6.9115486,-6.312216,5.7543297,-2.7065332,5.7623763,0.37433743,0.29113218,21.31718366792074,0.10637615192047213,0.03837688856796206,0.107048035,0.040649295,2181.717912335607,2181.4968457518708,4691.004967468073,151.99908088235293,rock,rock.00064.wav,clean
-95.29631,44.523163,103.816734,20.528809,-37.02142,19.64716,52.69777,12.48539,-20.764065,12.167795,27.576885,9.586398,-17.536627,9.519109,24.813133,8.731168,-11.300561,9.680336,16.644619,9.97862,-9.249601,8.958579,10.187893,7.7289834,-8.786783,7.2518363,1.8505759,6.839646,-3.948976,6.8706923,2.1735632,5.976106,-6.692844,6.071047,5.105645,5.377418,-9.69792,5.9713826,-3.958533,6.223965,0.39521196,0.28422552,21.258615855015027,0.12912129027186534,0.037642059507877836,0.114652164,0.03605105,2294.2915658648503,2104.185540676221,4730.413062506047,123.046875,rock,rock.00065.wav,clean
-245.18564,95.22177,95.09854,28.423815,-21.243845,24.765759,45.65592,16.815033,-3.5624685,12.475856,14.98203,15.83487,-20.670311,14.186992,19.526783,10.790546,-21.713743,14.360473,7.3274713,10.818427,-9.289677,9.457496,0.8187548,9.000736,-13.016046,7.9023275,0.06169105,9.31478,-8.23316,7.071968,1.0623909,8.611088,-8.035914,7.706765,-0.39860067,6.6879096,-4.353721,7.3972178,-4.2199,6.9111285,0.3600939,0.29509473,21.845796925726912,0.10714712231520898,0.05310745450036061,0.042979974,0.028778063,2209.3420494067173,2175.0975403934112,4575.447332895947,75.99954044117646,rock,rock.00066.wav,clean
-123.72794,50.721504,94.75422,27.183857,-9.566722,19.772892,53.26891,14.749938,-13.758115,11.313504,17.728083,12.188039,-19.21234,11.262808,25.298622,9.285988,-18.70441,9.891463,15.385912,8.477686,-12.513976,8.242224,9.367707,7.3992043,-11.601578,7.046102,0.6617183,8.535738,-6.994155,7.4204493,3.3594775,6.575989,-7.141151,6.8464956,0.5074788,5.959588,-8.740343,6.604029,-1.4704787,6.104109,0.3929072,0.29091546,21.863339754342643,0.11991915392801858,0.06038745968815309,0.10014721,0.03924972,2414.0028665552404,2338.9876968450662,5212.235148993808,103.359375,rock,rock.00067.wav,clean
-121.09557,41.12534,91.74797,20.364157,-14.709612,15.596626,52.973698,9.149489,-11.412968,8.580414,31.003344,9.572155,-17.491768,7.926514,24.202194,8.42658,-24.778625,8.707603,17.113522,7.71609,-15.88606,7.2358394,10.376739,7.0484185,-8.625384,6.2198358,7.149125,6.5708084,-11.833609,6.0107965,3.1751018,5.6440163,-10.365117,5.613915,1.5153414,5.79154,-10.35157,6.342735,-2.4806488,5.5761466,0.4021151,0.28759384,21.54366686473349,0.11828008598587461,0.05049723251551037,0.09121902,0.023548199,2467.064662154695,2398.9630032602145,5402.500665150928,123.046875,rock,rock.00068.wav,clean
-203.3139,44.742733,85.381714,28.823328,-11.569648,17.243002,54.7784,12.044692,-11.609861,10.548006,20.572916,11.915827,-27.770662,11.906747,18.878084,8.234626,-31.656443,13.113952,10.709888,10.209865,-11.93277,9.100005,4.1216273,9.097188,-4.003614,10.125297,1.7300528,8.092386,-7.9092402,9.019713,4.326782,8.561654,-11.237885,7.793077,-1.188486,7.475803,-5.031982,7.759723,-2.3650405,7.058412,0.31144074,0.29694006,23.325164816516892,0.13768964360003869,0.0648752849021871,0.04701054,0.016519219,2569.1052765811337,2345.280318493239,5365.809220352409,172.265625,rock,rock.00069.wav,clean
-202.22823,59.010433,75.2136,23.83288,-14.220877,23.2127,66.31179,16.025463,-8.289175,13.957389,24.374107,11.625226,-16.250933,11.944462,17.125217,9.305985,-21.291754,9.735901,3.9677858,11.516108,-19.749535,8.759419,0.48966947,8.061061,-4.5036573,8.867321,-5.36643,8.306079,-8.973074,9.775827,-0.04806873,7.4606743,-8.041708,8.65762,-0.519308,6.250704,-6.8042564,7.491795,-8.449041,6.893773,0.36799285,0.29618174,23.800954995201156,0.13914088199013158,0.06009002255244837,0.05409812,0.025430888,2512.1443220871975,2245.2873855952735,5130.4689767559985,172.265625,rock,rock.00070.wav,clean
-79.849785,57.38041,109.94089,18.984388,-17.126644,15.902786,47.195335,14.917525,-11.94571,11.365934,33.335598,9.3865,-11.699733,9.49595,23.630066,7.862542,-13.667416,9.509603,18.45372,8.246023,-6.9371977,7.9857707,13.033838,6.547617,-11.583449,6.5009346,9.107576,6.541083,-5.955834,5.3245506,4.9159245,6.343778,-8.709809,7.0874953,3.7020502,6.392706,-5.0979853,8.065014,2.625906,7.5768585,0.45442817,0.28010315,19.97615666071281,0.09080821884674922,0.0352010142285623,0.16090843,0.050112337,2024.9672114930113,2215.1872549817713,4571.1473588973,112.34714673913044,rock,rock.00071.wav,clean
-95.32931,53.729477,112.443436,24.271101,-2.0780864,20.3706,47.044605,14.360487,-10.373584,10.773612,29.782087,9.214084,-15.112976,8.086819,20.185732,7.005406,-12.674205,7.25938,16.48886,8.325762,-7.8574347,6.837964,11.875228,7.0411577,-11.181129,6.4990644,8.876124,6.263529,-4.943289,6.4829783,0.9183169,6.2401433,-6.1078544,6.3127074,3.2313335,6.559122,-8.072234,7.5742393,0.7319107,5.970781,0.40336832,0.2906375,20.99521401154312,0.08172853074206657,0.051569455537382264,0.16546212,0.048510417,1933.566634741674,2211.3363640320144,4360.040302099458,103.359375,rock,rock.00072.wav,clean
-61.652554,42.71369,103.552765,18.77332,-16.907658,13.38358,49.269325,10.883233,-14.810511,8.073072,31.711088,8.329208,-17.215973,8.186102,24.628935,6.575622,-14.4823885,7.420905,18.026224,8.256505,-11.670496,6.2056146,11.484824,6.805597,-9.816042,6.319349,8.860339,5.5928535,-8.570697,5.5141277,4.405294,5.5514073,-8.278597,5.4779763,1.5993295,7.019559,-7.026587,5.6920033,-0.820845,6.1518664,0.4586503,0.2731932,20.532578433469425,0.11005866933533281,0.04937794393398152,0.16931798,0.04645632,2224.311094028335,2287.986620472205,4918.4952585320725,95.703125,rock,rock.00073.wav,clean
-83.337296,45.428238,103.88044,17.17999,-13.938498,13.487951,56.89741,9.687433,-14.430383,8.021066,32.19,7.1767354,-14.128751,8.445126,19.159246,6.5362697,-9.344779,9.075215,13.159195,7.1442366,-11.727716,6.777645,8.406356,6.6148877,-9.399952,6.4603815,10.218948,5.7456155,-4.2199335,6.0401497,5.6187606,6.0983977,-6.386379,6.1655474,1.8045067,5.882095,-5.5758166,5.846123,-0.4324659,5.7886453,0.3944035,0.2914977,21.37445737075387,0.09116309198432662,0.031947989727008116,0.15381563,0.04436295,2140.759109239861,2246.2626002303355,4832.445778861504,112.34714673913044,rock,rock.00074.wav,clean
-113.69888,60.188366,94.93524,25.091711,-4.1180053,20.04296,51.78671,12.679695,-13.773854,12.30169,34.333515,11.58194,-17.59379,10.701397,22.544245,9.549906,-12.406815,9.187728,17.20266,8.995547,-9.234709,8.999632,9.976576,8.481474,-13.472091,6.789378,7.569344,7.3639207,-7.2697444,6.5236855,3.6390865,7.774509,-8.464248,7.270841,0.39612666,7.5732636,-9.225722,8.270207,-0.28027257,8.868597,0.40853086,0.3010548,20.778405437621412,0.11154543283184984,0.056584405102608856,0.12686443,0.042229928,2301.691479215314,2355.025004721661,5091.869210163506,117.45383522727273,rock,rock.00075.wav,clean
-132.35645,47.43536,124.65598,28.554691,-9.664943,17.910662,46.45199,13.543673,-6.285326,15.189395,30.5465,12.492319,-11.139771,11.035627,20.411028,8.4721985,-11.2132435,8.039639,9.377024,9.762586,-5.8245196,8.209831,7.8290353,8.896648,-8.728431,8.463199,5.6276045,8.394909,-4.078816,6.9950395,-0.6297491,6.829233,-8.119383,7.4780855,-0.6760379,6.8902807,-7.61097,6.840254,-0.20681687,8.717855,0.34563643,0.3055941,22.182409371019624,0.0712066744872291,0.05415043952152889,0.14587216,0.048076477,1659.8731482944434,1953.624694131173,3580.9033467673667,95.703125,rock,rock.00076.wav,clean
-103.93918,53.917435,101.90094,18.734224,-10.340606,20.666246,43.67417,12.574423,-11.524458,11.619611,26.930704,9.183479,-9.990092,10.281856,25.02072,7.071741,-14.218496,7.16208,19.70191,7.668059,-10.535614,6.948369,12.671652,6.986325,-12.685294,6.7653556,6.849958,7.0976634,-6.0865602,6.0645895,5.455094,7.122022,-6.2356615,6.8675137,-1.4541347,7.5613565,-8.232369,6.2952776,-3.2686899,5.594942,0.45540807,0.27835536,20.624962330523292,0.10627675720781733,0.0416932912531623,0.12869976,0.04373941,2188.176213337053,2350.7834228675147,4994.003135279605,107.666015625,rock,rock.00077.wav,clean
-130.98988,51.00266,111.01548,26.104856,-2.1539211,19.012363,41.78767,14.567967,-3.1985133,13.998231,34.658478,11.186501,-17.61137,10.624725,19.87679,9.274284,-9.144963,9.152873,14.890434,9.271404,-6.8441687,8.30194,9.199766,6.944911,-6.975001,7.7068696,6.3184733,7.8159966,-9.634725,6.9635653,0.5111292,7.5522137,-12.776671,5.8541527,-4.886242,7.2110395,-2.5131245,8.257667,-3.1215749,7.0776114,0.3579821,0.30331016,22.270688118922664,0.07173048084365326,0.057368822141134555,0.14438899,0.04575005,1878.0900592313526,2204.2156100836382,4285.4407531927245,99.38401442307692,rock,rock.00078.wav,clean
-91.38539,42.18052,112.11523,19.9502,-27.342018,15.749419,47.981018,9.608962,-19.60664,9.14021,27.728474,7.8320494,-18.553402,8.55705,17.43945,6.3048625,-13.161745,8.394262,14.4296665,7.1561,-15.21798,6.798572,11.52909,6.5667377,-12.585803,5.9990106,0.90807784,6.4775553,-10.44846,6.314112,-0.61977893,6.0674825,-13.491329,7.127227,3.308435,6.91126,-3.7047021,7.5397553,1.0890844,7.3639483,0.36006528,0.28980345,21.973134042849512,0.1091164981617647,0.039278684960719484,0.11669326,0.028076034,2148.4701088464726,2107.138585057225,4479.506246371904,123.046875,rock,rock.00079.wav,clean
-88.000725,38.619247,93.53732,17.834108,-23.228851,14.059924,48.129993,9.642489,-21.446268,9.07998,27.758793,8.056077,-20.340559,9.846715,18.754475,8.276814,-15.226568,7.746687,16.130507,7.459535,-21.412472,8.20162,10.8740835,6.029094,-12.021344,7.253146,5.128057,8.093039,-7.2995205,6.435742,4.6578507,7.1107163,-10.173712,9.113518,5.493204,7.3487506,-4.375102,8.69399,0.3125858,7.3186717,0.36864847,0.287503,22.518330767156968,0.1496808787248452,0.048271842059170685,0.10433086,0.029668791,2606.2565496233246,2318.678720331894,5339.184381349168,117.45383522727273,rock,rock.00080.wav,clean
-121.43798,71.72134,89.518234,26.648283,-33.493107,16.210358,41.97275,15.065058,-25.929998,12.432907,23.02586,10.897039,-20.269114,11.692571,14.3506975,10.0924835,-16.349438,10.507156,17.03437,10.2807045,-16.955423,8.238443,9.146751,8.158374,-10.111248,7.153978,4.209027,8.283631,-9.346902,7.914694,1.6090045,7.5924067,-10.549011,8.546617,1.067575,6.739389,-1.6545652,7.956681,7.5426693,8.602951,0.33577904,0.2946884,22.507398036231223,0.13617340182372292,0.059562194813484313,0.09363885,0.038313136,2553.8992233935796,2219.1330795127697,5123.794017118566,117.45383522727273,rock,rock.00081.wav,mislabeled
-95.476135,48.437363,78.32375,17.235727,-26.22216,17.04106,44.237446,10.742115,-22.4639,11.326253,29.737852,9.239058,-21.567053,9.575709,23.95588,8.077718,-16.578558,6.953664,20.47006,6.874643,-19.64269,8.36771,13.886457,7.4403276,-12.624655,7.972684,6.248262,7.882541,-7.6597004,7.011889,7.405312,7.3168225,-9.414199,8.108505,9.653332,9.564442,-3.7787297,7.9012313,1.0691056,8.850745,0.38245007,0.29330817,21.786213056888464,0.1837358504256966,0.06421168811155313,0.09327282,0.032134183,2976.0030874979816,2423.21517682221,5926.6808288385255,99.38401442307692,rock,rock.00082.wav,clean
-119.17545,37.25159,107.44643,16.569736,-10.9727545,14.05208,58.55446,7.660625,-12.931377,9.034308,26.831793,7.5734935,-17.640741,7.151398,19.371054,7.113809,-15.608501,6.6131988,13.5666485,7.350726,-16.67103,6.7748055,11.872087,5.823943,-12.187864,5.908998,5.232598,6.464177,-6.1726136,6.393835,4.2538886,6.2993555,-8.042082,6.5292206,3.5274684,5.843501,-7.682268,7.1445513,-1.3451042,6.621121,0.378793,0.28516746,22.312492454518427,0.09280102614647832,0.028483830875753166,0.10167485,0.022780668,2115.9838949624827,2245.2766737056622,4689.613309216573,123.046875,rock,rock.00083.wav,clean
-94.301605,42.02248,91.881775,21.433472,-17.588514,16.430513,45.52394,9.494453,-15.698276,12.57326,32.639088,7.658392,-18.020702,9.181672,21.573336,7.4755497,-15.734346,7.951066,16.79548,6.787793,-18.303877,7.0554557,13.337474,7.218438,-15.461038,7.489989,5.2062526,6.796828,-11.223153,6.9150352,6.212513,6.402503,-7.9550314,7.0916576,7.7081137,9.059402,-4.6095533,8.890051,0.52663636,7.021674,0.356773,0.29850003,22.341508937386212,0.13921608939628483,0.06439714613769387,0.106816106,0.028050434,2581.8092292667193,2376.373190446793,5391.134067216525,129.19921875,rock,rock.00084.wav,clean
-185.45334,63.101337,98.932434,29.505062,-36.442432,18.180866,44.426693,15.407693,-17.758,15.177798,21.304089,13.7181015,-20.296019,12.243215,13.779587,11.124382,-15.489944,11.506515,11.040961,11.8543825,-16.792248,11.342389,2.3260286,10.028801,-12.639383,9.587998,0.14767887,8.815195,-4.397842,9.0274105,-2.4671614,9.657842,-8.983908,10.977202,6.862598,11.58083,-6.7074046,9.1589775,-1.21035,11.048505,0.3218926,0.2976734,24.348330429932933,0.12098982016737617,0.061067716478845076,0.063018024,0.02960881,2256.0047067984315,2058.0461999228905,4509.297732893528,184.5703125,rock,rock.00085.wav,clean
-160.12103,104.605286,88.731476,30.72419,-35.493244,28.532974,47.491817,19.920263,-12.622672,13.569681,17.308823,11.979572,-19.139456,11.756274,14.591329,9.512506,-20.38044,11.756355,11.096237,10.285291,-11.14557,8.833376,7.7047076,8.471496,-9.86575,7.9445763,6.991698,8.83586,-10.1352005,7.25622,3.06553,7.0188227,-7.9491673,6.6670523,0.7073351,8.546974,-4.9362535,6.72405,-2.6115522,7.7309093,0.39097288,0.29552177,20.991097294248803,0.14632451202109134,0.07490004633215779,0.076273166,0.04788148,2521.4640322253076,2133.3603289642856,4830.495790652815,129.19921875,rock,rock.00086.wav,clean
-42.66564,27.762672,102.98204,12.868188,-36.866947,12.8938055,44.53473,8.9918995,-11.986277,9.652199,25.571468,8.08838,-22.683826,7.1339707,28.340677,6.09065,-19.273256,5.610224,21.487629,6.1722713,-15.2573185,5.9579616,11.752054,5.6204095,-11.576942,4.957325,4.7838826,5.615913,-13.031341,5.3813915,4.3557954,5.5951724,-11.958512,4.905603,0.88591576,6.7713313,-0.48164988,7.3828154,1.3000379,6.234073,0.39313743,0.27634797,21.27915799974615,0.12858085514222137,0.028114556859898925,0.16569988,0.032079473,2334.758795031705,2208.2732556694846,4819.854188334462,129.19921875,rock,rock.00087.wav,clean
-118.014465,66.68012,84.04934,26.78389,-50.27966,18.193098,46.063946,15.176776,-17.695776,9.324575,20.860382,9.412643,-21.651596,10.4832325,16.678535,8.177882,-12.957173,9.156465,12.82873,8.217333,-13.105274,8.2106495,11.298574,7.196241,-12.607103,8.289961,4.3842344,6.7467093,-12.077613,7.2307615,0.66667664,7.0063677,-6.7942424,8.26536,4.4643407,9.461799,0.2372787,9.745395,0.43376458,10.301115,0.40842345,0.29842255,20.87787504024459,0.16178095672890866,0.060391827901674064,0.089476675,0.03840714,2591.1167911589937,2078.6516769704244,4889.828765207769,92.28515625,rock,rock.00088.wav,clean
-156.26839,53.776417,130.76775,26.04612,-25.246172,14.536309,43.496662,13.502261,-12.144104,11.425937,25.410446,9.5232525,-7.947459,10.652188,17.6216,8.116185,-8.632112,9.667451,9.573707,8.065709,-8.363633,7.8877215,5.7764125,7.2185254,-7.04443,7.0081477,-1.8792272,7.2388988,-7.6914062,7.599245,3.0032125,7.5784593,-6.4427137,8.157039,-1.3017408,6.878013,-7.824338,8.567889,-4.146752,9.713498,0.3434581,0.29420978,23.683877014490196,0.0732932075996517,0.04208430253745286,0.10521845,0.037214153,1610.1897144525535,1816.2003750432752,3381.4962192216526,107.666015625,rock,rock.00089.wav,clean
-89.05669,46.844666,86.2166,27.13378,-24.418585,16.258904,47.11008,15.204836,-33.645473,12.513154,29.479248,8.040683,-19.750383,9.266342,21.647642,9.542781,-16.75611,9.021857,6.549621,10.09055,-13.397908,9.375657,7.489511,11.741821,-12.868063,10.553086,8.592251,10.700965,-7.8963995,9.750955,11.499058,11.419127,0.6794173,14.118853,9.798442,13.128127,-2.131243,13.431724,0.58830684,12.199174,0.2557003,0.30104423,22.335223507194204,0.1206425055630805,0.042100724366107546,0.1546425,0.038554817,2495.6204189789773,2249.630520076519,5212.826812082769,123.046875,rock,rock.00090.wav,clean
-74.3017,28.897028,100.113205,21.095991,-47.370808,17.142218,49.62339,10.842922,-18.414455,8.234684,24.620584,6.9375753,-15.914734,7.9505267,23.901295,6.5128927,-22.833792,5.779327,23.336365,7.132914,-16.94892,5.886804,14.932431,5.596834,-11.504434,5.395339,4.2273154,5.107179,-13.630019,5.42691,4.4797993,5.0697656,-11.667689,5.592637,4.327969,5.45911,-10.597872,4.8655286,-0.8430529,4.9032187,0.44358376,0.26399907,22.44302934975202,0.15018352118808048,0.04258267610020258,0.10825303,0.012780053,2474.554693163817,2123.3128660945194,4754.654582587558,143.5546875,rock,rock.00091.wav,clean
-70.11754,23.816044,94.181656,14.139756,-50.32803,9.394255,46.9629,7.863498,-16.114256,7.0872226,19.996185,6.0054965,-23.959724,6.163202,16.344028,6.054558,-22.188528,5.505573,14.435193,5.899375,-20.092636,5.4673676,12.150915,5.0511317,-14.765589,5.30294,4.90943,5.349092,-13.623413,5.145248,0.8304447,5.096308,-15.061136,4.6711392,-1.6045009,4.8753147,-16.089468,4.590792,-2.1846828,4.8559756,0.41648173,0.271572,22.189030991364035,0.15094504341621517,0.031195736048494384,0.10687875,0.014712857,2471.302263920436,2102.1973629889744,4687.154990748355,129.19921875,rock,rock.00092.wav,clean
-114.74584,31.63772,119.291725,21.874596,-50.72456,14.743199,42.631332,11.629134,-6.709271,9.623847,19.714178,9.256259,-16.887064,7.6450033,19.393305,6.7652793,-17.415947,7.1616592,17.311916,8.159167,-10.866727,6.5701814,6.668212,5.9450235,-15.753816,6.682187,3.555531,7.1815796,-7.75999,6.726494,3.388017,5.7018137,-7.6890497,5.738718,1.6226153,5.8744245,-10.707391,7.020448,-0.5426015,6.578942,0.34351164,0.28611943,23.072438288083177,0.09836637420181889,0.026133221737026716,0.1057426,0.021932373,1939.9141779559493,1881.6834034743379,3749.093996408185,103.359375,rock,rock.00093.wav,clean
-90.21276,24.792007,80.05299,11.628598,-46.369427,14.677347,56.04585,7.047625,-8.101378,5.9936194,27.485428,5.2169967,-17.328846,5.598575,22.971903,4.7266045,-17.603975,6.765875,18.40145,6.055239,-17.44811,6.170613,7.651446,6.019163,-19.300837,5.2222576,1.1936784,4.9289136,-14.480706,5.6336107,4.5198197,5.115183,-12.764399,4.9662523,2.9961748,5.619556,-6.416898,5.6147523,2.256299,6.2006097,0.38914114,0.27094853,23.213802669839737,0.14670470624516255,0.03192306094204864,0.101931095,0.019278236,2629.3044231854665,2210.6104193984875,5086.752574436436,112.34714673913044,rock,rock.00094.wav,clean
-153.61649,50.409138,109.89451,21.310797,-23.106592,13.708888,59.00746,11.440838,-7.527995,9.482701,19.730127,7.6352167,-16.486076,9.436793,18.08352,6.617155,-22.215626,8.807547,15.403847,7.812191,-12.378472,6.5325785,12.349251,6.59662,-12.316458,7.0084844,5.778132,7.510835,-10.268911,6.056841,1.8052716,6.709403,-13.300427,6.45363,2.4732301,6.05066,-6.7196245,7.405422,-1.1992679,7.0711155,0.35199183,0.2837124,22.980343359419198,0.08926665598393962,0.03610640992682045,0.07944141,0.018598795,2008.5370455020434,2106.349206221785,4254.124275892512,103.359375,rock,rock.00095.wav,clean
-142.44206,57.30492,116.23844,18.534529,-32.19032,13.77396,49.114605,8.165844,-8.395415,9.009659,22.872288,6.666198,-18.311134,7.9997544,20.106487,6.631457,-22.10691,6.067586,10.796755,7.2891493,-13.001553,6.6068993,14.067452,6.16178,-16.397627,5.9013653,4.162116,5.396136,-4.3573008,6.5761847,3.7380047,5.8204775,-10.8545265,6.2642417,1.8724995,5.6580915,-7.467166,6.26138,-2.797982,5.630101,0.39876094,0.27407068,22.669136638677493,0.0976588954866486,0.029462377052617658,0.076425396,0.024282128,2006.009247645844,2068.2248787337103,4147.166589317676,117.45383522727273,rock,rock.00096.wav,clean
-125.06511,40.961506,115.20331,21.799253,-48.00468,17.031206,52.8431,10.640032,-13.491938,8.781066,21.765408,8.983521,-12.428562,7.7468486,20.139965,6.4478464,-18.370886,6.6800213,10.11969,9.050744,-16.055443,6.5752683,10.48674,6.552416,-17.959637,6.6549187,1.2157048,6.105106,-11.543171,6.2644753,1.8466086,5.7919483,-12.854931,6.0287323,3.4517853,5.99659,-12.594253,6.5221415,-2.104668,5.4677978,0.43190938,0.2743026,22.317139018679548,0.12182428224167957,0.04120224485352374,0.08158259,0.017962335,2077.166787874547,1926.8958101296082,4030.750626602409,129.19921875,rock,rock.00097.wav,clean
-224.99405,103.790054,123.669685,22.213045,-9.775933,24.56775,56.605717,13.780771,10.427107,12.503182,20.634146,14.530519,-10.2572565,10.345752,15.573306,10.1605425,-8.251973,8.342935,12.805178,9.626792,-9.004445,7.9969482,7.690067,8.687231,-10.085666,7.5310187,-0.25135592,6.5297117,-5.283348,6.840185,-2.8149054,6.806639,-4.421223,6.6071467,1.5605098,5.861417,-5.0464134,6.8708324,-3.5825648,6.426081,0.36242777,0.30250132,22.493426265946475,0.04873137577399381,0.028427600986249267,0.08383445,0.034732975,1398.5815744518923,1817.8135700238427,3014.6734373488293,73.828125,rock,rock.00098.wav,clean
-235.2182,87.8612,123.893234,28.272966,-22.541746,22.786398,52.924862,15.069693,-1.4473311,13.509756,24.668274,11.240404,-7.0728726,10.8840065,14.884823,9.676073,-12.778574,8.907961,16.709099,8.725599,-2.946438,8.89898,10.071948,6.7457886,-15.021038,6.561292,3.1123164,8.2062235,-7.1283135,7.6212745,1.7882509,7.688302,-7.072692,8.584453,0.021304127,8.749215,-2.0276697,8.496375,1.1558677,7.0520763,0.35816488,0.29292652,24.272012317270942,0.07628978811919504,0.0466082884383466,0.05444213,0.018348562,1609.3699366383669,1796.9237162030495,3246.3053700355554,123.046875,rock,rock.00099.wav,clean
